--------------------------------------------------------
--  파일이 생성됨 - 일요일-11월-24-2024   
--------------------------------------------------------
--------------------------------------------------------
--  DDL for Sequence APRVL_NO_SEQ
--------------------------------------------------------

   CREATE SEQUENCE  "APRVL_NO_SEQ"  MINVALUE 1 MAXVALUE 9999999999999999999999999999 INCREMENT BY 1 START WITH 1019 NOCACHE  NOORDER  NOCYCLE ;
--------------------------------------------------------
--  DDL for Sequence ATTACH_NO_SEQ
--------------------------------------------------------

   CREATE SEQUENCE  "ATTACH_NO_SEQ"  MINVALUE 1 MAXVALUE 9999999999999999999999999999 INCREMENT BY 1 START WITH 1005 NOCACHE  NOORDER  NOCYCLE ;
--------------------------------------------------------
--  DDL for Sequence BOARDFILE_NO_SEQ
--------------------------------------------------------

   CREATE SEQUENCE  "BOARDFILE_NO_SEQ"  MINVALUE 1 MAXVALUE 9999999999999999999999999999 INCREMENT BY 1 START WITH 1001 NOCACHE  NOORDER  NOCYCLE ;
--------------------------------------------------------
--  DDL for Sequence BOARD_NO_SEQ
--------------------------------------------------------

   CREATE SEQUENCE  "BOARD_NO_SEQ"  MINVALUE 1 MAXVALUE 9999999999999999999999999999 INCREMENT BY 1 START WITH 1041 NOCACHE  NOORDER  NOCYCLE ;
--------------------------------------------------------
--  DDL for Sequence BOARD_TYPE_NO_SEQ
--------------------------------------------------------

   CREATE SEQUENCE  "BOARD_TYPE_NO_SEQ"  MINVALUE 1 MAXVALUE 9999999999999999999999999999 INCREMENT BY 1 START WITH 1058 NOCACHE  NOORDER  NOCYCLE ;
--------------------------------------------------------
--  DDL for Sequence CAL_NO_SEQ
--------------------------------------------------------

   CREATE SEQUENCE  "CAL_NO_SEQ"  MINVALUE 1 MAXVALUE 9999999999999999999999999999 INCREMENT BY 1 START WITH 1001 NOCACHE  NOORDER  NOCYCLE ;
--------------------------------------------------------
--  DDL for Sequence CLASSIFICATION_NO_SEQ
--------------------------------------------------------

   CREATE SEQUENCE  "CLASSIFICATION_NO_SEQ"  MINVALUE 1 MAXVALUE 9999999999999999999999999999 INCREMENT BY 1 START WITH 1001 NOCACHE  NOORDER  NOCYCLE ;
--------------------------------------------------------
--  DDL for Sequence DEPARTMENT_DEPT_CODE_SEQ
--------------------------------------------------------

   CREATE SEQUENCE  "DEPARTMENT_DEPT_CODE_SEQ"  MINVALUE 1 MAXVALUE 9999999999999999999999999999 INCREMENT BY 1 START WITH 82 NOCACHE  NOORDER  NOCYCLE ;
--------------------------------------------------------
--  DDL for Sequence DEPT_TRANSFER_NO_SEQ
--------------------------------------------------------

   CREATE SEQUENCE  "DEPT_TRANSFER_NO_SEQ"  MINVALUE 1 MAXVALUE 9999999999999999999999999999 INCREMENT BY 1 START WITH 1015 NOCACHE  NOORDER  NOCYCLE ;
--------------------------------------------------------
--  DDL for Sequence DISPATCH_NO_SEQ
--------------------------------------------------------

   CREATE SEQUENCE  "DISPATCH_NO_SEQ"  MINVALUE 1 MAXVALUE 9999999999999999999999999999 INCREMENT BY 1 START WITH 1011 NOCACHE  NOORDER  NOCYCLE ;
--------------------------------------------------------
--  DDL for Sequence EDOC_NO_SEQ
--------------------------------------------------------

   CREATE SEQUENCE  "EDOC_NO_SEQ"  MINVALUE 1 MAXVALUE 9999999999999999999999999999 INCREMENT BY 1 START WITH 1016 NOCACHE  NOORDER  NOCYCLE ;
--------------------------------------------------------
--  DDL for Sequence EMP_NO_SEQ
--------------------------------------------------------

   CREATE SEQUENCE  "EMP_NO_SEQ"  MINVALUE 1 MAXVALUE 9999999999999999999999999999 INCREMENT BY 1 START WITH 1034 NOCACHE  NOORDER  NOCYCLE ;
--------------------------------------------------------
--  DDL for Sequence INCREMENT_NO_SEQ
--------------------------------------------------------

   CREATE SEQUENCE  "INCREMENT_NO_SEQ"  MINVALUE 1 MAXVALUE 9999999999999999999999999999 INCREMENT BY 1 START WITH 1001 NOCACHE  NOORDER  NOCYCLE ;
--------------------------------------------------------
--  DDL for Sequence KEY_SEQ
--------------------------------------------------------

   CREATE SEQUENCE  "KEY_SEQ"  MINVALUE 1 MAXVALUE 9999999999999999999999999999 INCREMENT BY 1 START WITH 1001 NOCACHE  NOORDER  NOCYCLE ;
--------------------------------------------------------
--  DDL for Sequence LOG_NO_SEQ
--------------------------------------------------------

   CREATE SEQUENCE  "LOG_NO_SEQ"  MINVALUE 1 MAXVALUE 9999999999999999999999999999 INCREMENT BY 1 START WITH 100034 NOCACHE  NOORDER  NOCYCLE ;
--------------------------------------------------------
--  DDL for Sequence ORDER_NO_SEQ
--------------------------------------------------------

   CREATE SEQUENCE  "ORDER_NO_SEQ"  MINVALUE 1 MAXVALUE 9999999999999999999999999999 INCREMENT BY 1 START WITH 1013 NOCACHE  NOORDER  NOCYCLE ;
--------------------------------------------------------
--  DDL for Sequence PRODUCT_NO_SEQ
--------------------------------------------------------

   CREATE SEQUENCE  "PRODUCT_NO_SEQ"  MINVALUE 1 MAXVALUE 9999999999999999999999999999 INCREMENT BY 1 START WITH 1029 NOCACHE  NOORDER  NOCYCLE ;
--------------------------------------------------------
--  DDL for Sequence REPLY_NO_SEQ
--------------------------------------------------------

   CREATE SEQUENCE  "REPLY_NO_SEQ"  MINVALUE 1 MAXVALUE 9999999999999999999999999999 INCREMENT BY 1 START WITH 1016 NOCACHE  NOORDER  NOCYCLE ;
--------------------------------------------------------
--  DDL for Sequence SALARY_NO_SEQ
--------------------------------------------------------

   CREATE SEQUENCE  "SALARY_NO_SEQ"  MINVALUE 1 MAXVALUE 9999999999999999999999999999 INCREMENT BY 1 START WITH 1011 NOCACHE  NOORDER  NOCYCLE ;
--------------------------------------------------------
--  DDL for Sequence SAMPLE_NO_SEQ
--------------------------------------------------------

   CREATE SEQUENCE  "SAMPLE_NO_SEQ"  MINVALUE 1 MAXVALUE 9999999999999999999999999999 INCREMENT BY 1 START WITH 1113 NOCACHE  NOORDER  NOCYCLE ;
--------------------------------------------------------
--  DDL for Sequence VAC_NO_SEQ
--------------------------------------------------------

   CREATE SEQUENCE  "VAC_NO_SEQ"  MINVALUE 1 MAXVALUE 9999999999999999999999999999 INCREMENT BY 1 START WITH 1001 NOCACHE  NOORDER  NOCYCLE ;
--------------------------------------------------------
--  DDL for Table TBL_ALARM
--------------------------------------------------------

  CREATE TABLE "TBL_ALARM" 
   (	"AUTO_INCREMENT" NUMBER, 
	"EMP_NO" NUMBER, 
	"RECIEVE_EMP_NO" NUMBER, 
	"AR_MSG" VARCHAR2(4000 BYTE), 
	"AR_TYPE" CHAR(10 BYTE), 
	"AR_READ" CHAR(1 BYTE), 
	"CREATE_DATE" DATE, 
	"MODIFIER" NUMBER, 
	"MODIFY_DATE" DATE, 
	"Field10" CHAR(1 BYTE)
   ) ;

   COMMENT ON COLUMN "TBL_ALARM"."AUTO_INCREMENT" IS '알림 고유 ID';
   COMMENT ON COLUMN "TBL_ALARM"."EMP_NO" IS '사원번호';
   COMMENT ON COLUMN "TBL_ALARM"."RECIEVE_EMP_NO" IS '받는 사원 번호';
   COMMENT ON COLUMN "TBL_ALARM"."AR_MSG" IS '알림 내용';
   COMMENT ON COLUMN "TBL_ALARM"."AR_TYPE" IS '알림유형';
   COMMENT ON COLUMN "TBL_ALARM"."AR_READ" IS '읽음  여부';
   COMMENT ON COLUMN "TBL_ALARM"."CREATE_DATE" IS '생성일';
   COMMENT ON COLUMN "TBL_ALARM"."MODIFIER" IS '수정자';
   COMMENT ON COLUMN "TBL_ALARM"."MODIFY_DATE" IS '수정일';
   COMMENT ON COLUMN "TBL_ALARM"."Field10" IS '사용유무(Y/N)';
--------------------------------------------------------
--  DDL for Table TBL_AUTH
--------------------------------------------------------

  CREATE TABLE "TBL_AUTH" 
   (	"EMP_AUTH" VARCHAR2(900 BYTE), 
	"AUTH_NAME" VARCHAR2(900 BYTE), 
	"EMP_NO" VARCHAR2(900 BYTE), 
	"CREATE_DATE" DATE, 
	"MODIFIER" VARCHAR2(900 BYTE), 
	"MODIFY_DATE" VARCHAR2(900 BYTE), 
	"USE_YN" CHAR(1 BYTE)
   ) ;

   COMMENT ON COLUMN "TBL_AUTH"."EMP_AUTH" IS 'AUTH 코드';
   COMMENT ON COLUMN "TBL_AUTH"."AUTH_NAME" IS '한글 코드
';
   COMMENT ON COLUMN "TBL_AUTH"."EMP_NO" IS '생성자';
   COMMENT ON COLUMN "TBL_AUTH"."CREATE_DATE" IS '생성시간';
   COMMENT ON COLUMN "TBL_AUTH"."MODIFIER" IS '수정자';
   COMMENT ON COLUMN "TBL_AUTH"."MODIFY_DATE" IS '수정시간';
   COMMENT ON COLUMN "TBL_AUTH"."USE_YN" IS '사용유무
';
--------------------------------------------------------
--  DDL for Table TBL_BOARD
--------------------------------------------------------

  CREATE TABLE "TBL_BOARD" 
   (	"BOARD_NO" NUMBER, 
	"BOARD_TYPE_NO" NUMBER, 
	"BOARD_DEPT" VARCHAR2(20 BYTE), 
	"BOARD_TITLE" VARCHAR2(300 BYTE), 
	"BOARD_CONTENT" CLOB, 
	"COUNT" NUMBER, 
	"EMP_NO" NUMBER, 
	"CREATE_DATE" DATE DEFAULT SYSDATE, 
	"MODIFIER" NUMBER, 
	"MODIFY_DATE" DATE DEFAULT SYSDATE, 
	"USE_YN" CHAR(1 BYTE) DEFAULT 'Y'
   ) ;

   COMMENT ON COLUMN "TBL_BOARD"."BOARD_NO" IS '게시글 번호';
   COMMENT ON COLUMN "TBL_BOARD"."BOARD_TYPE_NO" IS '1공지사항 | 2자유게시판(시퀀스)';
   COMMENT ON COLUMN "TBL_BOARD"."BOARD_DEPT" IS '부서구분';
   COMMENT ON COLUMN "TBL_BOARD"."BOARD_TITLE" IS '게시글 제목';
   COMMENT ON COLUMN "TBL_BOARD"."BOARD_CONTENT" IS '게시판 내용';
   COMMENT ON COLUMN "TBL_BOARD"."COUNT" IS '조회수';
   COMMENT ON COLUMN "TBL_BOARD"."EMP_NO" IS '생성자(글작성자)';
   COMMENT ON COLUMN "TBL_BOARD"."CREATE_DATE" IS '생성일';
   COMMENT ON COLUMN "TBL_BOARD"."MODIFIER" IS '수정자';
   COMMENT ON COLUMN "TBL_BOARD"."MODIFY_DATE" IS '수정일';
   COMMENT ON COLUMN "TBL_BOARD"."USE_YN" IS '게시글삭제(Y/N)';
--------------------------------------------------------
--  DDL for Table TBL_BOARDFILE
--------------------------------------------------------

  CREATE TABLE "TBL_BOARDFILE" 
   (	"BOARDFILE_NO" NUMBER, 
	"FILE_PATH" VARCHAR2(2000 BYTE), 
	"FILESYSTEM_NAME" VARCHAR2(2000 BYTE), 
	"ORIGINAL_NAME" VARCHAR2(2000 BYTE), 
	"UPLOAD_DATE" DATE DEFAULT SYSDATE, 
	"REF_TYPE" CHAR(1 BYTE), 
	"REF_NO" NUMBER, 
	"CREATER" VARCHAR2(150 BYTE), 
	"CREATE_DATE" DATE DEFAULT SYSDATE, 
	"MODIFIER" VARCHAR2(150 BYTE), 
	"MODIFY_DATE" DATE DEFAULT SYSDATE, 
	"USE_YN" CHAR(1 BYTE) DEFAULT 'Y' -- 사용유무 (Y/N)

   ) ;

   COMMENT ON COLUMN "TBL_BOARDFILE"."BOARDFILE_NO" IS '첨부파일 고유 번호';
   COMMENT ON COLUMN "TBL_BOARDFILE"."FILE_PATH" IS '파일이 저장된 경로';
   COMMENT ON COLUMN "TBL_BOARDFILE"."FILESYSTEM_NAME" IS '시스템에서 사용되는 파일명';
   COMMENT ON COLUMN "TBL_BOARDFILE"."ORIGINAL_NAME" IS '사용자가 업로드한 원본 파일명';
   COMMENT ON COLUMN "TBL_BOARDFILE"."UPLOAD_DATE" IS '파일이 업로드된 일시';
   COMMENT ON COLUMN "TBL_BOARDFILE"."REF_TYPE" IS '참조 게시판 구분 (A: 게시판 A, B: 게시판 B 등)';
   COMMENT ON COLUMN "TBL_BOARDFILE"."REF_NO" IS '참조 게시글 번호';
   COMMENT ON COLUMN "TBL_BOARDFILE"."CREATER" IS '파일을 업로드한 사용자';
   COMMENT ON COLUMN "TBL_BOARDFILE"."CREATE_DATE" IS '파일 생성 일시';
   COMMENT ON COLUMN "TBL_BOARDFILE"."MODIFIER" IS '파일 정보를 수정한 사용자';
   COMMENT ON COLUMN "TBL_BOARDFILE"."MODIFY_DATE" IS '파일 정보 수정 일시';
   COMMENT ON COLUMN "TBL_BOARDFILE"."USE_YN" IS '파일 사용 여부 (Y: 사용, N: 미사용)';
   COMMENT ON TABLE "TBL_BOARDFILE"  IS '첨부파일 정보 관리 테이블';
--------------------------------------------------------
--  DDL for Table TBL_BOARDTYPE
--------------------------------------------------------

  CREATE TABLE "TBL_BOARDTYPE" 
   (	"BOARD_TYPE_NO" NUMBER, 
	"BOARDT_NAME" VARCHAR2(200 BYTE), 
	"BOARDT_TYPE" CHAR(1 BYTE), 
	"BOARDT_READ" VARCHAR2(300 BYTE), 
	"BOARDT_WRITE" VARCHAR2(300 BYTE), 
	"BOARDT_CONTENT" VARCHAR2(300 BYTE), 
	"BOARDT_USE" CHAR(1 BYTE), 
	"OFFICE_USE" VARCHAR2(100 BYTE), 
	"EMP_NO" NUMBER, 
	"CREATE_DATE" DATE DEFAULT SYSDATE, 
	"MODIFIER" NUMBER, 
	"MODIFY_DATE" DATE DEFAULT SYSDATE, 
	"USE_YN" CHAR(1 BYTE) DEFAULT 'Y', 
	"DEPT_CODE" VARCHAR2(300 BYTE)
   ) ;

   COMMENT ON COLUMN "TBL_BOARDTYPE"."BOARD_TYPE_NO" IS '게시판종류 번호';
   COMMENT ON COLUMN "TBL_BOARDTYPE"."BOARDT_NAME" IS '게시판명';
   COMMENT ON COLUMN "TBL_BOARDTYPE"."BOARDT_TYPE" IS 'N:공지사항성 / G:자유게시판 / S:익명게시판';
   COMMENT ON COLUMN "TBL_BOARDTYPE"."BOARDT_READ" IS '읽기권한';
   COMMENT ON COLUMN "TBL_BOARDTYPE"."BOARDT_WRITE" IS '댓글쓰기권한';
   COMMENT ON COLUMN "TBL_BOARDTYPE"."BOARDT_CONTENT" IS '쓰기권한';
   COMMENT ON COLUMN "TBL_BOARDTYPE"."BOARDT_USE" IS '보이기(Y)/감추기(N)';
   COMMENT ON COLUMN "TBL_BOARDTYPE"."OFFICE_USE" IS '보이기(Y)/감추기(N)';
   COMMENT ON COLUMN "TBL_BOARDTYPE"."EMP_NO" IS '생성자';
   COMMENT ON COLUMN "TBL_BOARDTYPE"."CREATE_DATE" IS '생성일';
   COMMENT ON COLUMN "TBL_BOARDTYPE"."MODIFIER" IS '수정자';
   COMMENT ON COLUMN "TBL_BOARDTYPE"."MODIFY_DATE" IS '수정일';
   COMMENT ON COLUMN "TBL_BOARDTYPE"."USE_YN" IS '게시판사용(Y/N)';
   COMMENT ON COLUMN "TBL_BOARDTYPE"."DEPT_CODE" IS '지점 코드';
--------------------------------------------------------
--  DDL for Table TBL_CALENDAR
--------------------------------------------------------

  CREATE TABLE "TBL_CALENDAR" 
   (	"CAL_NO" NUMBER, 
	"EMP_NO" NUMBER, 
	"CAL_START_DATE" DATE DEFAULT SYSDATE, 
	"CAL_END_DATE" DATE DEFAULT SYSDATE, 
	"CAL_SUBJECT" VARCHAR2(4000 BYTE), 
	"CAL_CONTENT" VARCHAR2(4000 BYTE), 
	"CAL_COLOR" VARCHAR2(4000 BYTE), 
	"CAL_STATUS" VARCHAR2(4000 BYTE), 
	"CREATE_DATE" DATE DEFAULT SYSDATE, 
	"MODIFIER" NUMBER, 
	"MODIFY_DATE" DATE DEFAULT SYSDATE, 
	"DEPT_CODE" VARCHAR2(100 BYTE)
   ) ;

   COMMENT ON COLUMN "TBL_CALENDAR"."CAL_COLOR" IS 'R:공지사항 / Y:부서일정 / B:개인휴가일정 / G:개인회의일정';
--------------------------------------------------------
--  DDL for Table TBL_COMMON_CODE
--------------------------------------------------------

  CREATE TABLE "TBL_COMMON_CODE" 
   (	"CD" VARCHAR2(300 BYTE), 
	"NM" VARCHAR2(300 BYTE), 
	"CREATER" NUMBER, 
	"MODIFY" NUMBER, 
	"CREATE_DATE" DATE DEFAULT SYSDATE, 
	"MODIFY_DATE" DATE DEFAULT SYSDATE
   ) ;

   COMMENT ON COLUMN "TBL_COMMON_CODE"."CD" IS '직책';
   COMMENT ON COLUMN "TBL_COMMON_CODE"."NM" IS '직급';
   COMMENT ON COLUMN "TBL_COMMON_CODE"."CREATER" IS '생성자';
   COMMENT ON COLUMN "TBL_COMMON_CODE"."MODIFY" IS '수정자';
   COMMENT ON COLUMN "TBL_COMMON_CODE"."CREATE_DATE" IS '생성일자';
   COMMENT ON COLUMN "TBL_COMMON_CODE"."MODIFY_DATE" IS '수정일자';
--------------------------------------------------------
--  DDL for Table TBL_DEPARTMENT
--------------------------------------------------------

  CREATE TABLE "TBL_DEPARTMENT" 
   (	"DEPT_CODE" VARCHAR2(100 BYTE), 
	"DEPT_UPSTAIR" VARCHAR2(100 BYTE), 
	"DEPT_NAME" VARCHAR2(100 BYTE), 
	"EMP_NO" NUMBER, 
	"CREATE_DATE" DATE DEFAULT SYSDATE, 
	"MODIFIER" NUMBER, 
	"MODIFY_DATE" DATE DEFAULT SYSDATE, 
	"USE_YN" CHAR(1 BYTE) DEFAULT 'Y'
   ) ;

   COMMENT ON COLUMN "TBL_DEPARTMENT"."DEPT_CODE" IS '부서코드';
   COMMENT ON COLUMN "TBL_DEPARTMENT"."DEPT_UPSTAIR" IS '상위부서';
   COMMENT ON COLUMN "TBL_DEPARTMENT"."DEPT_NAME" IS '부서명';
   COMMENT ON COLUMN "TBL_DEPARTMENT"."EMP_NO" IS '생성자';
   COMMENT ON COLUMN "TBL_DEPARTMENT"."CREATE_DATE" IS '생성일';
   COMMENT ON COLUMN "TBL_DEPARTMENT"."MODIFIER" IS '수정자';
   COMMENT ON COLUMN "TBL_DEPARTMENT"."MODIFY_DATE" IS '수정일';
   COMMENT ON COLUMN "TBL_DEPARTMENT"."USE_YN" IS '사용유무(Y/N)';
--------------------------------------------------------
--  DDL for Table TBL_DEP_TRANSFER
--------------------------------------------------------

  CREATE TABLE "TBL_DEP_TRANSFER" 
   (	"TRANSFER_CODE" VARCHAR2(100 BYTE), 
	"TRANSFER_BEFORE" VARCHAR2(100 BYTE), 
	"TRANSFER_AFTER" VARCHAR2(100 BYTE), 
	"TRANSFER_DATE" DATE, 
	"EMP_NO" NUMBER, 
	"CREATE_DATE" DATE DEFAULT SYSDATE, 
	"MODIFIER" NUMBER, 
	"MODIFY_DATE" DATE DEFAULT SYSDATE, 
	"USE_YN" CHAR(1 BYTE) DEFAULT 'Y'
   ) ;
--------------------------------------------------------
--  DDL for Table TBL_DISPATCH
--------------------------------------------------------

  CREATE TABLE "TBL_DISPATCH" 
   (	"DISPATCH_NO" NUMBER, 
	"VEHICLE_TYPE" VARCHAR2(300 BYTE), 
	"LICENSE_PLATE" VARCHAR2(300 BYTE), 
	"OPERATOR" VARCHAR2(300 BYTE), 
	"EMP_NO" NUMBER, 
	"MODIFIER" NUMBER, 
	"CREATE_DATE" DATE DEFAULT SYSDATE, 
	"MODIFY_DATE" DATE DEFAULT SYSDATE, 
	"USE_YN" CHAR(1 BYTE)
   ) ;

   COMMENT ON COLUMN "TBL_DISPATCH"."DISPATCH_NO" IS '배차번호';
   COMMENT ON COLUMN "TBL_DISPATCH"."VEHICLE_TYPE" IS '차량종류';
   COMMENT ON COLUMN "TBL_DISPATCH"."LICENSE_PLATE" IS '차량번호판번호';
   COMMENT ON COLUMN "TBL_DISPATCH"."OPERATOR" IS '운행담당자';
   COMMENT ON COLUMN "TBL_DISPATCH"."EMP_NO" IS '생성자';
   COMMENT ON COLUMN "TBL_DISPATCH"."MODIFIER" IS '수정자';
   COMMENT ON COLUMN "TBL_DISPATCH"."CREATE_DATE" IS '생성시간';
   COMMENT ON COLUMN "TBL_DISPATCH"."MODIFY_DATE" IS '수정시간';
   COMMENT ON COLUMN "TBL_DISPATCH"."USE_YN" IS '사용유무';
--------------------------------------------------------
--  DDL for Table TBL_EDOC
--------------------------------------------------------

  CREATE TABLE "TBL_EDOC" 
   (	"EDOC_NO" NUMBER, 
	"SAMPLE_NO" NUMBER, 
	"EDOC_TITLE" VARCHAR2(300 BYTE), 
	"EDOC_CONTENT" CLOB, 
	"EDOC_STARTDATE" DATE DEFAULT SYSDATE, 
	"EDOC_ENDDATE" DATE, 
	"FINAL_DATE" DATE DEFAULT SYSDATE, 
	"EDOC_STATUS" VARCHAR2(30 BYTE) DEFAULT 'S', 
	"EMP_NO" NUMBER, 
	"MODIFIER" NUMBER, 
	"MODIFY_DATE" DATE DEFAULT SYSDATE, 
	"USE_YN" CHAR(1 BYTE) DEFAULT 'Y'
   ) ;

   COMMENT ON COLUMN "TBL_EDOC"."EDOC_NO" IS '전자문서번호';
   COMMENT ON COLUMN "TBL_EDOC"."SAMPLE_NO" IS '양식유형번호';
   COMMENT ON COLUMN "TBL_EDOC"."EDOC_TITLE" IS '제목';
   COMMENT ON COLUMN "TBL_EDOC"."EDOC_CONTENT" IS '문서내용';
   COMMENT ON COLUMN "TBL_EDOC"."EDOC_STARTDATE" IS '시작일시(생성일)';
   COMMENT ON COLUMN "TBL_EDOC"."EDOC_ENDDATE" IS '종료일시(시작일시 + 14일) 자동으로';
   COMMENT ON COLUMN "TBL_EDOC"."FINAL_DATE" IS '완료일';
   COMMENT ON COLUMN "TBL_EDOC"."EDOC_STATUS" IS 'T(임시저장,회수하면 임시저장으로 옮겨짐), S(결제대기), O(결제진행중), F(결제완료), R(결제반려)';
   COMMENT ON COLUMN "TBL_EDOC"."EMP_NO" IS '기안자(생성자, 사원번호)';
   COMMENT ON COLUMN "TBL_EDOC"."MODIFIER" IS '수정자(사원번호)';
   COMMENT ON COLUMN "TBL_EDOC"."MODIFY_DATE" IS '수정일';
   COMMENT ON COLUMN "TBL_EDOC"."USE_YN" IS '사용여부(Y/N)';
--------------------------------------------------------
--  DDL for Table TBL_EDOC_APPROVAL
--------------------------------------------------------

  CREATE TABLE "TBL_EDOC_APPROVAL" 
   (	"APRVL_NO" NUMBER, 
	"APRVL_EDOC_NO" NUMBER, 
	"APRVL_RANK" VARCHAR2(300 BYTE), 
	"APRVL_STATUS" CHAR(1 BYTE), 
	"APRVL_COMMENT" VARCHAR2(4000 BYTE), 
	"APRVL_DATE" DATE DEFAULT SYSDATE, 
	"EMP_NO" NUMBER
   ) ;

   COMMENT ON COLUMN "TBL_EDOC_APPROVAL"."APRVL_NO" IS '일련번호';
   COMMENT ON COLUMN "TBL_EDOC_APPROVAL"."APRVL_EDOC_NO" IS '전자문서번호';
   COMMENT ON COLUMN "TBL_EDOC_APPROVAL"."APRVL_RANK" IS '결재순서';
   COMMENT ON COLUMN "TBL_EDOC_APPROVAL"."APRVL_STATUS" IS '결재여부(W(결재예졍) / Y(결재완료) / N(결재대기))';
   COMMENT ON COLUMN "TBL_EDOC_APPROVAL"."APRVL_COMMENT" IS '결재의견';
   COMMENT ON COLUMN "TBL_EDOC_APPROVAL"."APRVL_DATE" IS '결재일';
   COMMENT ON COLUMN "TBL_EDOC_APPROVAL"."EMP_NO" IS '결재자(사원번호)';
--------------------------------------------------------
--  DDL for Table TBL_EDOC_ATTACHMENT
--------------------------------------------------------

  CREATE TABLE "TBL_EDOC_ATTACHMENT" 
   (	"ATTACH_NO" NUMBER, 
	"ATTACH_EDOC_REF" NUMBER, 
	"ATTACH_ORIGINAL_FILENAME" VARCHAR2(4000 BYTE), 
	"ATTACH_RENAME_FILENAME" VARCHAR2(4000 BYTE), 
	"EMP_NO" NUMBER, 
	"CREATE_DATE" DATE DEFAULT SYSDATE, 
	"MODIFIER" NUMBER, 
	"MODIFY_DATE" DATE DEFAULT SYSDATE, 
	"FILE_PATH" VARCHAR2(3000 BYTE)
   ) ;

   COMMENT ON COLUMN "TBL_EDOC_ATTACHMENT"."ATTACH_NO" IS '첨부파일번호';
   COMMENT ON COLUMN "TBL_EDOC_ATTACHMENT"."ATTACH_EDOC_REF" IS '전자문서번호';
   COMMENT ON COLUMN "TBL_EDOC_ATTACHMENT"."ATTACH_ORIGINAL_FILENAME" IS '수정 전 이름';
   COMMENT ON COLUMN "TBL_EDOC_ATTACHMENT"."ATTACH_RENAME_FILENAME" IS '수정 후 이름';
   COMMENT ON COLUMN "TBL_EDOC_ATTACHMENT"."EMP_NO" IS '생성자(사원번호)';
   COMMENT ON COLUMN "TBL_EDOC_ATTACHMENT"."CREATE_DATE" IS '작성일';
   COMMENT ON COLUMN "TBL_EDOC_ATTACHMENT"."MODIFIER" IS '수정자(사원번호)';
   COMMENT ON COLUMN "TBL_EDOC_ATTACHMENT"."MODIFY_DATE" IS '수정일';
   COMMENT ON COLUMN "TBL_EDOC_ATTACHMENT"."FILE_PATH" IS '파일경로';
--------------------------------------------------------
--  DDL for Table TBL_EDOC_SAMPLE
--------------------------------------------------------

  CREATE TABLE "TBL_EDOC_SAMPLE" 
   (	"SAMPLE_NO" NUMBER, 
	"SAMPLE_DOT_CODE" VARCHAR2(100 BYTE), 
	"SAMPLE_DESC" VARCHAR2(400 BYTE), 
	"SAMPLE_FORMAT" CLOB, 
	"EMP_NO" NUMBER, 
	"CREATE_DATE" DATE DEFAULT SYSDATE, 
	"MODIFIER" NUMBER, 
	"MODIFT_DATE" DATE DEFAULT SYSDATE, 
	"USE_YN" CHAR(1 BYTE) DEFAULT 'Y'
   ) ;

   COMMENT ON COLUMN "TBL_EDOC_SAMPLE"."SAMPLE_NO" IS '일련번호';
   COMMENT ON COLUMN "TBL_EDOC_SAMPLE"."SAMPLE_DOT_CODE" IS '일반, 휴가';
   COMMENT ON COLUMN "TBL_EDOC_SAMPLE"."SAMPLE_DESC" IS '샘플양식 설명';
   COMMENT ON COLUMN "TBL_EDOC_SAMPLE"."SAMPLE_FORMAT" IS '사용자서식';
   COMMENT ON COLUMN "TBL_EDOC_SAMPLE"."EMP_NO" IS '생성자(사원번호)';
   COMMENT ON COLUMN "TBL_EDOC_SAMPLE"."CREATE_DATE" IS '생성일';
   COMMENT ON COLUMN "TBL_EDOC_SAMPLE"."MODIFIER" IS '수정자(사원번호)';
   COMMENT ON COLUMN "TBL_EDOC_SAMPLE"."MODIFT_DATE" IS '수정일';
   COMMENT ON COLUMN "TBL_EDOC_SAMPLE"."USE_YN" IS '사용여부(Y/N)';
--------------------------------------------------------
--  DDL for Table TBL_EMPLOYEE
--------------------------------------------------------

  CREATE TABLE "TBL_EMPLOYEE" 
   (	"EMP_NO" NUMBER, 
	"EMP_NAME" VARCHAR2(100 BYTE), 
	"EMP_GENDER" VARCHAR2(100 BYTE), 
	"EMP_BIRTH" VARCHAR2(100 BYTE), 
	"EMP_PHONE" VARCHAR2(100 BYTE), 
	"EMP_EMAIL" VARCHAR2(500 BYTE), 
	"EMP_ADDRESS" VARCHAR2(4000 BYTE), 
	"EMP_EMPLOYMENT" CHAR(1 BYTE) DEFAULT 'Y', 
	"EMP_DETAILADDRESS" VARCHAR2(900 BYTE), 
	"EMP_POSTCODE" VARCHAR2(900 BYTE), 
	"EMP_PASSWORD" VARCHAR2(900 BYTE) DEFAULT 1234, 
	"EMP_AUTH" VARCHAR2(900 BYTE) DEFAULT 'PS004', 
	"EMP_RANK" VARCHAR2(900 BYTE) DEFAULT 'RK004', 
	"EMP_PROFILE" VARCHAR2(4000 BYTE), 
	"DEPT_CODE" VARCHAR2(100 BYTE), 
	"CREATE_DATE" DATE DEFAULT SYSDATE, 
	"MODIFY_DATE" DATE DEFAULT SYSDATE, 
	"CREATER" NUMBER, 
	"MODIFIER" NUMBER, 
	"USE_YN" CHAR(1 BYTE) DEFAULT 'N', 
	"AC_NO" VARCHAR2(300 BYTE), 
	"AC_BANK" VARCHAR2(300 BYTE)
   ) ;

   COMMENT ON COLUMN "TBL_EMPLOYEE"."EMP_GENDER" IS 'M(남자)/F(여자)';
   COMMENT ON COLUMN "TBL_EMPLOYEE"."EMP_EMPLOYMENT" IS 'Y(재직)/N(퇴직)';
   COMMENT ON COLUMN "TBL_EMPLOYEE"."EMP_AUTH" IS 'PS001(서버관리자)/PS002(대표)/PS003(이사)/PS004(사원)/PS005(지점) - (직책)';
   COMMENT ON COLUMN "TBL_EMPLOYEE"."EMP_RANK" IS 'RK001(서버관리자)/RK002(대표)/RK003(이사)/RK004(사원)/RK005(과장)/RK006(대리)/RK007(주임) - (직급)';
   COMMENT ON COLUMN "TBL_EMPLOYEE"."DEPT_CODE" IS '부서코드';
   COMMENT ON COLUMN "TBL_EMPLOYEE"."CREATE_DATE" IS '생성일';
   COMMENT ON COLUMN "TBL_EMPLOYEE"."MODIFY_DATE" IS '수정일';
   COMMENT ON COLUMN "TBL_EMPLOYEE"."CREATER" IS '생성자';
   COMMENT ON COLUMN "TBL_EMPLOYEE"."MODIFIER" IS '수정자';
   COMMENT ON COLUMN "TBL_EMPLOYEE"."USE_YN" IS '사용유무(Y/N)';
--------------------------------------------------------
--  DDL for Table TBL_GOOD
--------------------------------------------------------

  CREATE TABLE "TBL_GOOD" 
   (	"REPLY_NO" NUMBER, 
	"GOOD_REPLY" CHAR(1 BYTE) DEFAULT 'N', 
	"CREATER" VARCHAR2(150 BYTE), 
	"CREATE_DATE" DATE DEFAULT SYSDATE, 
	"MODIFIER" NUMBER, 
	"MODIFY_DATE" DATE DEFAULT SYSDATE
   ) ;

   COMMENT ON COLUMN "TBL_GOOD"."REPLY_NO" IS '참조 댓글번호';
   COMMENT ON COLUMN "TBL_GOOD"."GOOD_REPLY" IS 'Y 활성화 | N 비활성화';
   COMMENT ON COLUMN "TBL_GOOD"."CREATER" IS '생성자';
   COMMENT ON COLUMN "TBL_GOOD"."CREATE_DATE" IS '생성일';
   COMMENT ON COLUMN "TBL_GOOD"."MODIFIER" IS '수정자';
   COMMENT ON COLUMN "TBL_GOOD"."MODIFY_DATE" IS '수정일';
--------------------------------------------------------
--  DDL for Table TBL_LOG
--------------------------------------------------------

  CREATE TABLE "TBL_LOG" 
   (	"LOG_NO" NUMBER, 
	"EMP_NO" NUMBER, 
	"LOG_TYPE" CHAR(1 BYTE), 
	"MENU_NAME" VARCHAR2(100 BYTE), 
	"BEFOR_DATA" VARCHAR2(2000 BYTE), 
	"AFTER_DATA" VARCHAR2(2000 BYTE), 
	"CREATE_DATE" DATE DEFAULT SYSDATE, 
	"MODIFIER" NUMBER, 
	"MODIFY_DATE" DATE DEFAULT SYSDATE, 
	"USER_YN" CHAR(1 BYTE) DEFAULT 'Y', 
	"DOCUMENT_NO" VARCHAR2(4000 BYTE)
   ) ;

   COMMENT ON COLUMN "TBL_LOG"."LOG_NO" IS '로그 고유 번호 (시퀀스) /select, update, insert 기록';
   COMMENT ON COLUMN "TBL_LOG"."EMP_NO" IS '사원번호';
   COMMENT ON COLUMN "TBL_LOG"."LOG_TYPE" IS '1: 부서이동  / 2:조회 / 3:추가 / 4:수정 / 5:삭제';
   COMMENT ON COLUMN "TBL_LOG"."MENU_NAME" IS '메뉴이름';
   COMMENT ON COLUMN "TBL_LOG"."BEFOR_DATA" IS 'ex) 주소: 금천구, 계좌번호:252-123';
   COMMENT ON COLUMN "TBL_LOG"."AFTER_DATA" IS 'ex)주소: 서울시, 계좌번호:215-456';
   COMMENT ON COLUMN "TBL_LOG"."CREATE_DATE" IS '생성일';
   COMMENT ON COLUMN "TBL_LOG"."MODIFIER" IS '수정자';
   COMMENT ON COLUMN "TBL_LOG"."MODIFY_DATE" IS '수정일';
   COMMENT ON COLUMN "TBL_LOG"."USER_YN" IS '사용유무(Y/N)';
   COMMENT ON COLUMN "TBL_LOG"."DOCUMENT_NO" IS '부서이동 결재 이력 (후순위)';
--------------------------------------------------------
--  DDL for Table TBL_ORDERING
--------------------------------------------------------

  CREATE TABLE "TBL_ORDERING" 
   (	"ORDER_NO" NUMBER, 
	"EMP_NO" NUMBER, 
	"BRANCH_NAME" VARCHAR2(500 BYTE), 
	"ORDER_STATUS" CHAR(1 BYTE), 
	"ORDER_CHECKDATE" DATE DEFAULT SYSDATE, 
	"CREATE_DATE" DATE DEFAULT SYSDATE, 
	"MODIFIER" NUMBER, 
	"MODIFY_DATE" DATE DEFAULT SYSDATE, 
	"USE_YN" CHAR(1 BYTE), 
	"DISPATCH_NO" NUMBER, 
	"APPROVAL_NO" VARCHAR2(50 BYTE)
   ) ;

   COMMENT ON COLUMN "TBL_ORDERING"."ORDER_NO" IS '발주번호';
   COMMENT ON COLUMN "TBL_ORDERING"."EMP_NO" IS '사원번호';
   COMMENT ON COLUMN "TBL_ORDERING"."BRANCH_NAME" IS '지점명';
   COMMENT ON COLUMN "TBL_ORDERING"."ORDER_STATUS" IS '발주 상태';
   COMMENT ON COLUMN "TBL_ORDERING"."ORDER_CHECKDATE" IS '발주 승인일자';
   COMMENT ON COLUMN "TBL_ORDERING"."CREATE_DATE" IS '생성일';
   COMMENT ON COLUMN "TBL_ORDERING"."MODIFIER" IS '수정자';
   COMMENT ON COLUMN "TBL_ORDERING"."MODIFY_DATE" IS '수정일';
   COMMENT ON COLUMN "TBL_ORDERING"."USE_YN" IS '사용유무';
   COMMENT ON COLUMN "TBL_ORDERING"."DISPATCH_NO" IS '배차번호
';
   COMMENT ON COLUMN "TBL_ORDERING"."APPROVAL_NO" IS '승인자번호';
--------------------------------------------------------
--  DDL for Table TBL_ORDERING_PRODUCT
--------------------------------------------------------

  CREATE TABLE "TBL_ORDERING_PRODUCT" 
   (	"PRODUCT_NO" NUMBER, 
	"ORDER_COUNT" NUMBER, 
	"CREATE_DATE" DATE DEFAULT SYSDATE, 
	"MODIFIER" NUMBER, 
	"MODIFY_DATE" DATE DEFAULT SYSDATE, 
	"USE_YN" CHAR(1 BYTE), 
	"ORDER_NO" NUMBER DEFAULT 0, 
	"PRODUCT_NAME" VARCHAR2(300 BYTE)
   ) ;

   COMMENT ON COLUMN "TBL_ORDERING_PRODUCT"."PRODUCT_NO" IS '상품번호';
   COMMENT ON COLUMN "TBL_ORDERING_PRODUCT"."ORDER_COUNT" IS '발주수량';
   COMMENT ON COLUMN "TBL_ORDERING_PRODUCT"."CREATE_DATE" IS '생성일';
   COMMENT ON COLUMN "TBL_ORDERING_PRODUCT"."MODIFIER" IS '수정자';
   COMMENT ON COLUMN "TBL_ORDERING_PRODUCT"."MODIFY_DATE" IS '수정일';
   COMMENT ON COLUMN "TBL_ORDERING_PRODUCT"."USE_YN" IS '사용유무';
   COMMENT ON COLUMN "TBL_ORDERING_PRODUCT"."ORDER_NO" IS '주문서번호';
   COMMENT ON COLUMN "TBL_ORDERING_PRODUCT"."PRODUCT_NAME" IS '상품이름';
--------------------------------------------------------
--  DDL for Table TBL_PRODUCT
--------------------------------------------------------

  CREATE TABLE "TBL_PRODUCT" 
   (	"PRODUCT_NO" NUMBER, 
	"CLASSIFICATION_NO" NUMBER, 
	"PRODUCT_NAME" VARCHAR2(300 BYTE), 
	"COST" VARCHAR2(300 BYTE), 
	"SAIL_PRICE" VARCHAR2(300 BYTE), 
	"PROFIT_MARGIN" VARCHAR2(300 BYTE), 
	"EXPIRATION_PERIOD" DATE, 
	"PRODUCT_IMG" CLOB, 
	"CREATER" NUMBER, 
	"CREATE_DATE" DATE DEFAULT SYSDATE, 
	"MODIFIER" NUMBER, 
	"MODIFY_DATE" DATE DEFAULT SYSDATE, 
	"DELIVERY_DATE" VARCHAR2(300 BYTE), 
	"USE_YN" CHAR(1 BYTE), 
	"INVENTORY" NUMBER, 
	"EVENT" VARCHAR2(300 BYTE)
   ) ;

   COMMENT ON COLUMN "TBL_PRODUCT"."PRODUCT_NO" IS '상품번호';
   COMMENT ON COLUMN "TBL_PRODUCT"."CLASSIFICATION_NO" IS '분류번호';
   COMMENT ON COLUMN "TBL_PRODUCT"."PRODUCT_NAME" IS '상품명';
   COMMENT ON COLUMN "TBL_PRODUCT"."COST" IS '원가';
   COMMENT ON COLUMN "TBL_PRODUCT"."SAIL_PRICE" IS '매가';
   COMMENT ON COLUMN "TBL_PRODUCT"."PROFIT_MARGIN" IS '매익률';
   COMMENT ON COLUMN "TBL_PRODUCT"."EXPIRATION_PERIOD" IS '유효기간';
   COMMENT ON COLUMN "TBL_PRODUCT"."PRODUCT_IMG" IS '상품이미지';
   COMMENT ON COLUMN "TBL_PRODUCT"."CREATER" IS '생성자';
   COMMENT ON COLUMN "TBL_PRODUCT"."CREATE_DATE" IS '생성일';
   COMMENT ON COLUMN "TBL_PRODUCT"."MODIFIER" IS '수정자';
   COMMENT ON COLUMN "TBL_PRODUCT"."MODIFY_DATE" IS '수정일';
   COMMENT ON COLUMN "TBL_PRODUCT"."DELIVERY_DATE" IS '월화수목금';
   COMMENT ON COLUMN "TBL_PRODUCT"."USE_YN" IS '사용유무';
   COMMENT ON COLUMN "TBL_PRODUCT"."INVENTORY" IS '재고';
   COMMENT ON COLUMN "TBL_PRODUCT"."EVENT" IS '행사';
--------------------------------------------------------
--  DDL for Table TBL_REPLY
--------------------------------------------------------

  CREATE TABLE "TBL_REPLY" 
   (	"REPLY_NO" NUMBER, 
	"REPLY_CONTENT" VARCHAR2(2000 BYTE), 
	"REF_BNO" NUMBER, 
	"UPR_REPLY_NO" VARCHAR2(10 BYTE), 
	"STATUS" CHAR(1 BYTE) DEFAULT 'A', 
	"EMP_NO" NUMBER, 
	"CREATE_DATE" DATE DEFAULT SYSDATE, 
	"MODIFIER" NUMBER, 
	"MODIFY_DATE" DATE DEFAULT SYSDATE, 
	"USE_YN" CHAR(1 BYTE) DEFAULT 'Y'
   ) ;

   COMMENT ON COLUMN "TBL_REPLY"."REPLY_NO" IS '댓글 번호';
   COMMENT ON COLUMN "TBL_REPLY"."REPLY_CONTENT" IS '댓글 내용';
   COMMENT ON COLUMN "TBL_REPLY"."REF_BNO" IS 'BOARD_NO';
   COMMENT ON COLUMN "TBL_REPLY"."UPR_REPLY_NO" IS '상위댓글번호';
   COMMENT ON COLUMN "TBL_REPLY"."STATUS" IS 'A 공개댓글 | B 비공개댓글';
   COMMENT ON COLUMN "TBL_REPLY"."EMP_NO" IS '댓글작성자';
   COMMENT ON COLUMN "TBL_REPLY"."CREATE_DATE" IS '댓글작성일';
   COMMENT ON COLUMN "TBL_REPLY"."MODIFIER" IS '수정자';
   COMMENT ON COLUMN "TBL_REPLY"."MODIFY_DATE" IS '수정일';
   COMMENT ON COLUMN "TBL_REPLY"."USE_YN" IS '사용유무(Y/N)';
--------------------------------------------------------
--  DDL for Table TBL_SALARY
--------------------------------------------------------

  CREATE TABLE "TBL_SALARY" 
   (	"SALARY_NO" NUMBER, 
	"EMP_NO" NUMBER, 
	"SAL_BASE" NUMBER, 
	"SAL_OVERTIME_PAY" NUMBER, 
	"BONUS" NUMBER, 
	"SAL_GROSS_PAY" NUMBER, 
	"SAL_NP" NUMBER, 
	"SAL_HI" NUMBER, 
	"SAL_EI" NUMBER, 
	"SAL_TOTAL_DD" NUMBER, 
	"SAL_NET_SALARY" NUMBER, 
	"CREATER" NUMBER, 
	"CREATE_DATE" DATE DEFAULT SYSDATE, 
	"MODIFIER" NUMBER, 
	"MODIFY_DATE" DATE DEFAULT SYSDATE
   ) ;

   COMMENT ON COLUMN "TBL_SALARY"."SALARY_NO" IS '급여고유번호';
   COMMENT ON COLUMN "TBL_SALARY"."EMP_NO" IS '사원번호';
   COMMENT ON COLUMN "TBL_SALARY"."SAL_BASE" IS '기본급여';
   COMMENT ON COLUMN "TBL_SALARY"."SAL_OVERTIME_PAY" IS '시간외수당';
   COMMENT ON COLUMN "TBL_SALARY"."BONUS" IS '상여금';
   COMMENT ON COLUMN "TBL_SALARY"."SAL_GROSS_PAY" IS '총지급금액';
   COMMENT ON COLUMN "TBL_SALARY"."SAL_NP" IS '국민연금';
   COMMENT ON COLUMN "TBL_SALARY"."SAL_HI" IS '건강보험';
   COMMENT ON COLUMN "TBL_SALARY"."SAL_EI" IS '고용보험';
   COMMENT ON COLUMN "TBL_SALARY"."SAL_TOTAL_DD" IS '총공제금액';
   COMMENT ON COLUMN "TBL_SALARY"."SAL_NET_SALARY" IS '실지급액';
   COMMENT ON COLUMN "TBL_SALARY"."CREATER" IS '생성자';
   COMMENT ON COLUMN "TBL_SALARY"."CREATE_DATE" IS '생성일';
   COMMENT ON COLUMN "TBL_SALARY"."MODIFIER" IS '수정자';
   COMMENT ON COLUMN "TBL_SALARY"."MODIFY_DATE" IS '수정일';
--------------------------------------------------------
--  DDL for Table TBL_VACATION
--------------------------------------------------------

  CREATE TABLE "TBL_VACATION" 
   (	"VAC_NO" NUMBER, 
	"EDOC_NO" NUMBER, 
	"VAC_OPTION" VARCHAR2(50 BYTE), 
	"VAC_STARTDATE" DATE, 
	"VAC_ENDDATE" DATE, 
	"VAC_PERMIT" CHAR(1 BYTE) DEFAULT 'N', 
	"VAC_COUNT" NUMBER
   ) ;

   COMMENT ON COLUMN "TBL_VACATION"."VAC_NO" IS '휴가번호';
   COMMENT ON COLUMN "TBL_VACATION"."EDOC_NO" IS '전자문서번호';
   COMMENT ON COLUMN "TBL_VACATION"."VAC_OPTION" IS '연차/반차';
   COMMENT ON COLUMN "TBL_VACATION"."VAC_STARTDATE" IS '시작일시';
   COMMENT ON COLUMN "TBL_VACATION"."VAC_ENDDATE" IS '종요일시';
   COMMENT ON COLUMN "TBL_VACATION"."VAC_PERMIT" IS '승인상태(Y/N), 결제완료시 ''Y'' 로 변경';
   COMMENT ON COLUMN "TBL_VACATION"."VAC_COUNT" IS '일수';
--------------------------------------------------------
--  DDL for Table TBL_WORK
--------------------------------------------------------

  CREATE TABLE "TBL_WORK" 
   (	"WORK_NO" NUMBER, 
	"EMP_NO" NUMBER, 
	"WORK_TYPE_CODE" VARCHAR2(30 BYTE), 
	"WORK_DAY" DATE DEFAULT SYSDATE, 
	"WORK_START_TIME" DATE DEFAULT SYSDATE, 
	"WORK_END_TIME" DATE DEFAULT SYSDATE, 
	"WORK_PERMIT" VARCHAR2(10 BYTE), 
	"CREATE_DATE" DATE DEFAULT SYSDATE, 
	"MODIFIER" NUMBER, 
	"MODIFIER_DATE" DATE DEFAULT SYSDATE, 
	"USE_YN" CHAR(1 BYTE), 
	"WORK_ATTENDANCE" CHAR(1 BYTE)
   ) ;

   COMMENT ON COLUMN "TBL_WORK"."WORK_NO" IS '근태상태고유번호';
   COMMENT ON COLUMN "TBL_WORK"."EMP_NO" IS '사원번호';
   COMMENT ON COLUMN "TBL_WORK"."WORK_TYPE_CODE" IS '근무유형번호';
   COMMENT ON COLUMN "TBL_WORK"."WORK_DAY" IS '출근일자';
   COMMENT ON COLUMN "TBL_WORK"."WORK_START_TIME" IS '출근시간';
   COMMENT ON COLUMN "TBL_WORK"."WORK_END_TIME" IS '퇴근시간';
   COMMENT ON COLUMN "TBL_WORK"."WORK_PERMIT" IS '승인상태';
   COMMENT ON COLUMN "TBL_WORK"."CREATE_DATE" IS '생성일';
   COMMENT ON COLUMN "TBL_WORK"."MODIFIER" IS '수정자';
   COMMENT ON COLUMN "TBL_WORK"."MODIFIER_DATE" IS '수정일';
   COMMENT ON COLUMN "TBL_WORK"."USE_YN" IS '사용유무';
   COMMENT ON COLUMN "TBL_WORK"."WORK_ATTENDANCE" IS '''N''(결근)/A''(지각)''';
--------------------------------------------------------
--  DDL for Table TBL_WORK_REALTIME
--------------------------------------------------------

  CREATE TABLE "TBL_WORK_REALTIME" 
   (	"EMP_NO" NUMBER, 
	"WORK_LATE" VARCHAR2(10 BYTE), 
	"WORK_FAST_END" VARCHAR2(10 BYTE), 
	"WORK_ABSENCE" VARCHAR2(10 BYTE), 
	"CREATE_DATE" DATE, 
	"MODIFIER" NUMBER, 
	"MODIFIER_DATE" DATE, 
	"CREATER" NUMBER
   ) ;

   COMMENT ON COLUMN "TBL_WORK_REALTIME"."EMP_NO" IS '사원번호';
   COMMENT ON COLUMN "TBL_WORK_REALTIME"."WORK_LATE" IS '해당연도';
   COMMENT ON COLUMN "TBL_WORK_REALTIME"."WORK_FAST_END" IS '부여연차갯수';
   COMMENT ON COLUMN "TBL_WORK_REALTIME"."WORK_ABSENCE" IS '실사용갯수';
   COMMENT ON COLUMN "TBL_WORK_REALTIME"."CREATE_DATE" IS '생성일';
   COMMENT ON COLUMN "TBL_WORK_REALTIME"."MODIFIER" IS '수정자';
   COMMENT ON COLUMN "TBL_WORK_REALTIME"."MODIFIER_DATE" IS '수정일';
   COMMENT ON COLUMN "TBL_WORK_REALTIME"."CREATER" IS '생성자';
REM INSERTING into TBL_ALARM
SET DEFINE OFF;
REM INSERTING into TBL_AUTH
SET DEFINE OFF;
Insert into TBL_AUTH (EMP_AUTH,AUTH_NAME,EMP_NO,CREATE_DATE,MODIFIER,MODIFY_DATE,USE_YN) values ('PS001','서버관리자',null,null,null,null,'Y');
Insert into TBL_AUTH (EMP_AUTH,AUTH_NAME,EMP_NO,CREATE_DATE,MODIFIER,MODIFY_DATE,USE_YN) values ('PS002','대표',null,null,null,null,'Y');
Insert into TBL_AUTH (EMP_AUTH,AUTH_NAME,EMP_NO,CREATE_DATE,MODIFIER,MODIFY_DATE,USE_YN) values ('PS003','이사',null,null,null,null,'Y');
Insert into TBL_AUTH (EMP_AUTH,AUTH_NAME,EMP_NO,CREATE_DATE,MODIFIER,MODIFY_DATE,USE_YN) values ('PS004','사원',null,null,null,null,'Y');
Insert into TBL_AUTH (EMP_AUTH,AUTH_NAME,EMP_NO,CREATE_DATE,MODIFIER,MODIFY_DATE,USE_YN) values ('PS005','지점',null,null,null,null,'Y');
REM INSERTING into TBL_BOARD
SET DEFINE OFF;
Insert into TBL_BOARD (BOARD_NO,BOARD_TYPE_NO,BOARD_DEPT,BOARD_TITLE,COUNT,EMP_NO,CREATE_DATE,MODIFIER,MODIFY_DATE,USE_YN) values (1001,1,'전체','제목입니다.1',258,1003,to_date('24/11/14','RR/MM/DD'),null,null,'Y');
Insert into TBL_BOARD (BOARD_NO,BOARD_TYPE_NO,BOARD_DEPT,BOARD_TITLE,COUNT,EMP_NO,CREATE_DATE,MODIFIER,MODIFY_DATE,USE_YN) values (1002,2,'인사','제목입니다.2',145,1003,to_date('24/11/14','RR/MM/DD'),null,null,'Y');
Insert into TBL_BOARD (BOARD_NO,BOARD_TYPE_NO,BOARD_DEPT,BOARD_TITLE,COUNT,EMP_NO,CREATE_DATE,MODIFIER,MODIFY_DATE,USE_YN) values (1003,1,'총무','제목입니다.3',412,1003,to_date('24/11/14','RR/MM/DD'),null,null,'Y');
Insert into TBL_BOARD (BOARD_NO,BOARD_TYPE_NO,BOARD_DEPT,BOARD_TITLE,COUNT,EMP_NO,CREATE_DATE,MODIFIER,MODIFY_DATE,USE_YN) values (1004,2,'영업','제목입니다.4',389,1003,to_date('24/11/14','RR/MM/DD'),null,null,'Y');
Insert into TBL_BOARD (BOARD_NO,BOARD_TYPE_NO,BOARD_DEPT,BOARD_TITLE,COUNT,EMP_NO,CREATE_DATE,MODIFIER,MODIFY_DATE,USE_YN) values (1005,1,'전체','제목입니다.5',305,1003,to_date('24/11/14','RR/MM/DD'),null,null,'Y');
Insert into TBL_BOARD (BOARD_NO,BOARD_TYPE_NO,BOARD_DEPT,BOARD_TITLE,COUNT,EMP_NO,CREATE_DATE,MODIFIER,MODIFY_DATE,USE_YN) values (1006,1,'인사','제목입니다.6',89,1003,to_date('24/11/14','RR/MM/DD'),null,null,'Y');
Insert into TBL_BOARD (BOARD_NO,BOARD_TYPE_NO,BOARD_DEPT,BOARD_TITLE,COUNT,EMP_NO,CREATE_DATE,MODIFIER,MODIFY_DATE,USE_YN) values (1007,1,'총무','제목입니다.7',450,1003,to_date('24/11/14','RR/MM/DD'),null,null,'Y');
Insert into TBL_BOARD (BOARD_NO,BOARD_TYPE_NO,BOARD_DEPT,BOARD_TITLE,COUNT,EMP_NO,CREATE_DATE,MODIFIER,MODIFY_DATE,USE_YN) values (1008,1,'영업','제목입니다.8',342,1003,to_date('24/11/14','RR/MM/DD'),null,null,'Y');
Insert into TBL_BOARD (BOARD_NO,BOARD_TYPE_NO,BOARD_DEPT,BOARD_TITLE,COUNT,EMP_NO,CREATE_DATE,MODIFIER,MODIFY_DATE,USE_YN) values (1009,1,'전체','제목입니다.9',167,1003,to_date('24/11/14','RR/MM/DD'),null,null,'Y');
Insert into TBL_BOARD (BOARD_NO,BOARD_TYPE_NO,BOARD_DEPT,BOARD_TITLE,COUNT,EMP_NO,CREATE_DATE,MODIFIER,MODIFY_DATE,USE_YN) values (1010,1,'전체','제목입니다.10',210,1003,to_date('24/11/14','RR/MM/DD'),null,null,'Y');
Insert into TBL_BOARD (BOARD_NO,BOARD_TYPE_NO,BOARD_DEPT,BOARD_TITLE,COUNT,EMP_NO,CREATE_DATE,MODIFIER,MODIFY_DATE,USE_YN) values (1011,1,'인사','제목입니다.11',68,1003,to_date('24/11/14','RR/MM/DD'),null,null,'Y');
Insert into TBL_BOARD (BOARD_NO,BOARD_TYPE_NO,BOARD_DEPT,BOARD_TITLE,COUNT,EMP_NO,CREATE_DATE,MODIFIER,MODIFY_DATE,USE_YN) values (1012,1,'총무','제목입니다.12',276,1003,to_date('24/11/14','RR/MM/DD'),null,null,'Y');
Insert into TBL_BOARD (BOARD_NO,BOARD_TYPE_NO,BOARD_DEPT,BOARD_TITLE,COUNT,EMP_NO,CREATE_DATE,MODIFIER,MODIFY_DATE,USE_YN) values (1013,1,'영업','제목입니다.13',68,1003,to_date('24/11/14','RR/MM/DD'),null,null,'Y');
Insert into TBL_BOARD (BOARD_NO,BOARD_TYPE_NO,BOARD_DEPT,BOARD_TITLE,COUNT,EMP_NO,CREATE_DATE,MODIFIER,MODIFY_DATE,USE_YN) values (1014,1,'전체','제목입니다.14',93,1003,to_date('24/11/14','RR/MM/DD'),null,null,'Y');
Insert into TBL_BOARD (BOARD_NO,BOARD_TYPE_NO,BOARD_DEPT,BOARD_TITLE,COUNT,EMP_NO,CREATE_DATE,MODIFIER,MODIFY_DATE,USE_YN) values (1015,2,'전체','제목입니다.15',102,1003,to_date('24/11/14','RR/MM/DD'),null,null,'Y');
Insert into TBL_BOARD (BOARD_NO,BOARD_TYPE_NO,BOARD_DEPT,BOARD_TITLE,COUNT,EMP_NO,CREATE_DATE,MODIFIER,MODIFY_DATE,USE_YN) values (1016,2,'전체','제목입니다.16',410,1003,to_date('24/11/14','RR/MM/DD'),null,null,'Y');
Insert into TBL_BOARD (BOARD_NO,BOARD_TYPE_NO,BOARD_DEPT,BOARD_TITLE,COUNT,EMP_NO,CREATE_DATE,MODIFIER,MODIFY_DATE,USE_YN) values (1017,2,'전체','제목입니다.17',121,1003,to_date('24/11/14','RR/MM/DD'),null,null,'Y');
Insert into TBL_BOARD (BOARD_NO,BOARD_TYPE_NO,BOARD_DEPT,BOARD_TITLE,COUNT,EMP_NO,CREATE_DATE,MODIFIER,MODIFY_DATE,USE_YN) values (1018,2,'전체','제목입니다.18',122,1003,to_date('24/11/14','RR/MM/DD'),null,null,'Y');
Insert into TBL_BOARD (BOARD_NO,BOARD_TYPE_NO,BOARD_DEPT,BOARD_TITLE,COUNT,EMP_NO,CREATE_DATE,MODIFIER,MODIFY_DATE,USE_YN) values (1019,2,'전체','제목입니다.19',238,1003,to_date('24/11/14','RR/MM/DD'),null,null,'Y');
Insert into TBL_BOARD (BOARD_NO,BOARD_TYPE_NO,BOARD_DEPT,BOARD_TITLE,COUNT,EMP_NO,CREATE_DATE,MODIFIER,MODIFY_DATE,USE_YN) values (1020,2,'전체','제목입니다.20',341,1003,to_date('24/11/14','RR/MM/DD'),null,null,'Y');
Insert into TBL_BOARD (BOARD_NO,BOARD_TYPE_NO,BOARD_DEPT,BOARD_TITLE,COUNT,EMP_NO,CREATE_DATE,MODIFIER,MODIFY_DATE,USE_YN) values (1021,2,'전체','제목입니다.21',295,1003,to_date('24/11/14','RR/MM/DD'),null,null,'Y');
Insert into TBL_BOARD (BOARD_NO,BOARD_TYPE_NO,BOARD_DEPT,BOARD_TITLE,COUNT,EMP_NO,CREATE_DATE,MODIFIER,MODIFY_DATE,USE_YN) values (1022,1,'전체','제목입니다.22',147,1003,to_date('24/11/14','RR/MM/DD'),null,null,'Y');
Insert into TBL_BOARD (BOARD_NO,BOARD_TYPE_NO,BOARD_DEPT,BOARD_TITLE,COUNT,EMP_NO,CREATE_DATE,MODIFIER,MODIFY_DATE,USE_YN) values (1023,1,'전체','제목입니다.23',190,1003,to_date('24/11/14','RR/MM/DD'),null,null,'Y');
Insert into TBL_BOARD (BOARD_NO,BOARD_TYPE_NO,BOARD_DEPT,BOARD_TITLE,COUNT,EMP_NO,CREATE_DATE,MODIFIER,MODIFY_DATE,USE_YN) values (1024,1,'전체','제목입니다.24',106,1003,to_date('24/11/14','RR/MM/DD'),null,null,'Y');
Insert into TBL_BOARD (BOARD_NO,BOARD_TYPE_NO,BOARD_DEPT,BOARD_TITLE,COUNT,EMP_NO,CREATE_DATE,MODIFIER,MODIFY_DATE,USE_YN) values (1025,1,'전체','제목입니다.25',26,1003,to_date('24/11/14','RR/MM/DD'),null,null,'Y');
Insert into TBL_BOARD (BOARD_NO,BOARD_TYPE_NO,BOARD_DEPT,BOARD_TITLE,COUNT,EMP_NO,CREATE_DATE,MODIFIER,MODIFY_DATE,USE_YN) values (1026,1,'전체','제목입니다.26',91,1003,to_date('24/11/14','RR/MM/DD'),null,null,'Y');
Insert into TBL_BOARD (BOARD_NO,BOARD_TYPE_NO,BOARD_DEPT,BOARD_TITLE,COUNT,EMP_NO,CREATE_DATE,MODIFIER,MODIFY_DATE,USE_YN) values (1027,1,'인사','제목입니다.27',395,1003,to_date('24/11/14','RR/MM/DD'),null,null,'Y');
Insert into TBL_BOARD (BOARD_NO,BOARD_TYPE_NO,BOARD_DEPT,BOARD_TITLE,COUNT,EMP_NO,CREATE_DATE,MODIFIER,MODIFY_DATE,USE_YN) values (1028,2,'총무','제목입니다.28',17,1003,to_date('24/11/14','RR/MM/DD'),null,null,'Y');
Insert into TBL_BOARD (BOARD_NO,BOARD_TYPE_NO,BOARD_DEPT,BOARD_TITLE,COUNT,EMP_NO,CREATE_DATE,MODIFIER,MODIFY_DATE,USE_YN) values (1029,2,'영업','제목입니다.29',489,1003,to_date('24/11/14','RR/MM/DD'),null,null,'Y');
Insert into TBL_BOARD (BOARD_NO,BOARD_TYPE_NO,BOARD_DEPT,BOARD_TITLE,COUNT,EMP_NO,CREATE_DATE,MODIFIER,MODIFY_DATE,USE_YN) values (1030,2,'전체','제목입니다.30',153,1003,to_date('24/11/14','RR/MM/DD'),null,null,'Y');
Insert into TBL_BOARD (BOARD_NO,BOARD_TYPE_NO,BOARD_DEPT,BOARD_TITLE,COUNT,EMP_NO,CREATE_DATE,MODIFIER,MODIFY_DATE,USE_YN) values (1031,2,'인사','제목입니다.31',66,1003,to_date('24/11/14','RR/MM/DD'),null,null,'Y');
Insert into TBL_BOARD (BOARD_NO,BOARD_TYPE_NO,BOARD_DEPT,BOARD_TITLE,COUNT,EMP_NO,CREATE_DATE,MODIFIER,MODIFY_DATE,USE_YN) values (1032,2,'총무','제목입니다.32',113,1003,to_date('24/11/14','RR/MM/DD'),null,null,'Y');
Insert into TBL_BOARD (BOARD_NO,BOARD_TYPE_NO,BOARD_DEPT,BOARD_TITLE,COUNT,EMP_NO,CREATE_DATE,MODIFIER,MODIFY_DATE,USE_YN) values (1033,2,'영업','제목입니다.33',324,1003,to_date('24/11/14','RR/MM/DD'),null,null,'Y');
Insert into TBL_BOARD (BOARD_NO,BOARD_TYPE_NO,BOARD_DEPT,BOARD_TITLE,COUNT,EMP_NO,CREATE_DATE,MODIFIER,MODIFY_DATE,USE_YN) values (1034,1,'전체','제목입니다.34',49,1003,to_date('24/11/14','RR/MM/DD'),null,null,'Y');
Insert into TBL_BOARD (BOARD_NO,BOARD_TYPE_NO,BOARD_DEPT,BOARD_TITLE,COUNT,EMP_NO,CREATE_DATE,MODIFIER,MODIFY_DATE,USE_YN) values (1035,2,'전체','제목입니다.35',111,1003,to_date('24/11/14','RR/MM/DD'),null,null,'Y');
Insert into TBL_BOARD (BOARD_NO,BOARD_TYPE_NO,BOARD_DEPT,BOARD_TITLE,COUNT,EMP_NO,CREATE_DATE,MODIFIER,MODIFY_DATE,USE_YN) values (1036,1,'인사','제목입니다.36',425,1003,to_date('24/11/14','RR/MM/DD'),null,null,'Y');
Insert into TBL_BOARD (BOARD_NO,BOARD_TYPE_NO,BOARD_DEPT,BOARD_TITLE,COUNT,EMP_NO,CREATE_DATE,MODIFIER,MODIFY_DATE,USE_YN) values (1037,2,'총무','제목입니다.37',370,1003,to_date('24/11/14','RR/MM/DD'),null,null,'Y');
Insert into TBL_BOARD (BOARD_NO,BOARD_TYPE_NO,BOARD_DEPT,BOARD_TITLE,COUNT,EMP_NO,CREATE_DATE,MODIFIER,MODIFY_DATE,USE_YN) values (1038,1,'영업','제목입니다.38',148,1003,to_date('24/11/14','RR/MM/DD'),null,null,'Y');
Insert into TBL_BOARD (BOARD_NO,BOARD_TYPE_NO,BOARD_DEPT,BOARD_TITLE,COUNT,EMP_NO,CREATE_DATE,MODIFIER,MODIFY_DATE,USE_YN) values (1039,2,'전체','제목입니다.39',264,1003,to_date('24/11/14','RR/MM/DD'),null,null,'Y');
Insert into TBL_BOARD (BOARD_NO,BOARD_TYPE_NO,BOARD_DEPT,BOARD_TITLE,COUNT,EMP_NO,CREATE_DATE,MODIFIER,MODIFY_DATE,USE_YN) values (1040,1,'전체','제목입니다.40',67,1003,to_date('24/11/14','RR/MM/DD'),null,null,'Y');
REM INSERTING into TBL_BOARDFILE
SET DEFINE OFF;
REM INSERTING into TBL_BOARDTYPE
SET DEFINE OFF;
Insert into TBL_BOARDTYPE (BOARD_TYPE_NO,BOARDT_NAME,BOARDT_TYPE,BOARDT_READ,BOARDT_WRITE,BOARDT_CONTENT,BOARDT_USE,OFFICE_USE,EMP_NO,CREATE_DATE,MODIFIER,MODIFY_DATE,USE_YN,DEPT_CODE) values (1001,'공지사항게시판2','N','2','5','4','Y','Y',1001,to_date('24/11/14','RR/MM/DD'),1001,to_date('24/11/14','RR/MM/DD'),'Y','D018');
Insert into TBL_BOARDTYPE (BOARD_TYPE_NO,BOARDT_NAME,BOARDT_TYPE,BOARDT_READ,BOARDT_WRITE,BOARDT_CONTENT,BOARDT_USE,OFFICE_USE,EMP_NO,CREATE_DATE,MODIFIER,MODIFY_DATE,USE_YN,DEPT_CODE) values (1002,'자유게시판2','G','5','5','5','Y','Y',1001,to_date('24/11/14','RR/MM/DD'),1001,to_date('24/11/14','RR/MM/DD'),'N','D017');
Insert into TBL_BOARDTYPE (BOARD_TYPE_NO,BOARDT_NAME,BOARDT_TYPE,BOARDT_READ,BOARDT_WRITE,BOARDT_CONTENT,BOARDT_USE,OFFICE_USE,EMP_NO,CREATE_DATE,MODIFIER,MODIFY_DATE,USE_YN,DEPT_CODE) values (1003,'익명게시판','S','5','5','5','Y','Y',1001,to_date('24/11/14','RR/MM/DD'),1001,to_date('24/11/14','RR/MM/DD'),'N','D018');
Insert into TBL_BOARDTYPE (BOARD_TYPE_NO,BOARDT_NAME,BOARDT_TYPE,BOARDT_READ,BOARDT_WRITE,BOARDT_CONTENT,BOARDT_USE,OFFICE_USE,EMP_NO,CREATE_DATE,MODIFIER,MODIFY_DATE,USE_YN,DEPT_CODE) values (1004,'테스트게시판','G','3','1','2','N','N',1001,to_date('24/11/19','RR/MM/DD'),1001,to_date('24/11/19','RR/MM/DD'),'N','D017');
Insert into TBL_BOARDTYPE (BOARD_TYPE_NO,BOARDT_NAME,BOARDT_TYPE,BOARDT_READ,BOARDT_WRITE,BOARDT_CONTENT,BOARDT_USE,OFFICE_USE,EMP_NO,CREATE_DATE,MODIFIER,MODIFY_DATE,USE_YN,DEPT_CODE) values (1057,'일반게시판','S','5','5','5','N',null,null,to_date('24/11/21','RR/MM/DD'),null,to_date('24/11/21','RR/MM/DD'),'Y',null);
Insert into TBL_BOARDTYPE (BOARD_TYPE_NO,BOARDT_NAME,BOARDT_TYPE,BOARDT_READ,BOARDT_WRITE,BOARDT_CONTENT,BOARDT_USE,OFFICE_USE,EMP_NO,CREATE_DATE,MODIFIER,MODIFY_DATE,USE_YN,DEPT_CODE) values (1047,'일반게시판222','S','4','4','4','N','N',null,to_date('24/11/20','RR/MM/DD'),null,to_date('24/11/20','RR/MM/DD'),'Y','D017');
Insert into TBL_BOARDTYPE (BOARD_TYPE_NO,BOARDT_NAME,BOARDT_TYPE,BOARDT_READ,BOARDT_WRITE,BOARDT_CONTENT,BOARDT_USE,OFFICE_USE,EMP_NO,CREATE_DATE,MODIFIER,MODIFY_DATE,USE_YN,DEPT_CODE) values (1048,'일반게시판2','S','5','4','5','N','N',null,to_date('24/11/20','RR/MM/DD'),null,to_date('24/11/20','RR/MM/DD'),'Y','D018');
Insert into TBL_BOARDTYPE (BOARD_TYPE_NO,BOARDT_NAME,BOARDT_TYPE,BOARDT_READ,BOARDT_WRITE,BOARDT_CONTENT,BOARDT_USE,OFFICE_USE,EMP_NO,CREATE_DATE,MODIFIER,MODIFY_DATE,USE_YN,DEPT_CODE) values (1049,'일반게시판222','N','5','4','4','N',null,null,to_date('24/11/20','RR/MM/DD'),null,to_date('24/11/20','RR/MM/DD'),'Y',null);
Insert into TBL_BOARDTYPE (BOARD_TYPE_NO,BOARDT_NAME,BOARDT_TYPE,BOARDT_READ,BOARDT_WRITE,BOARDT_CONTENT,BOARDT_USE,OFFICE_USE,EMP_NO,CREATE_DATE,MODIFIER,MODIFY_DATE,USE_YN,DEPT_CODE) values (1050,'일반게시판','S','5','5','5','N',null,null,to_date('24/11/20','RR/MM/DD'),null,to_date('24/11/20','RR/MM/DD'),'Y','D018');
Insert into TBL_BOARDTYPE (BOARD_TYPE_NO,BOARDT_NAME,BOARDT_TYPE,BOARDT_READ,BOARDT_WRITE,BOARDT_CONTENT,BOARDT_USE,OFFICE_USE,EMP_NO,CREATE_DATE,MODIFIER,MODIFY_DATE,USE_YN,DEPT_CODE) values (1051,'일반게시판','S','5','5','5','N','N',null,to_date('24/11/20','RR/MM/DD'),null,to_date('24/11/20','RR/MM/DD'),'N','D018');
Insert into TBL_BOARDTYPE (BOARD_TYPE_NO,BOARDT_NAME,BOARDT_TYPE,BOARDT_READ,BOARDT_WRITE,BOARDT_CONTENT,BOARDT_USE,OFFICE_USE,EMP_NO,CREATE_DATE,MODIFIER,MODIFY_DATE,USE_YN,DEPT_CODE) values (1052,'일반게시판','S','5','5','5','N','N',null,to_date('24/11/20','RR/MM/DD'),null,to_date('24/11/20','RR/MM/DD'),'N','D017');
Insert into TBL_BOARDTYPE (BOARD_TYPE_NO,BOARDT_NAME,BOARDT_TYPE,BOARDT_READ,BOARDT_WRITE,BOARDT_CONTENT,BOARDT_USE,OFFICE_USE,EMP_NO,CREATE_DATE,MODIFIER,MODIFY_DATE,USE_YN,DEPT_CODE) values (1053,'일반게시판','S','5','5','5','N','N',null,to_date('24/11/20','RR/MM/DD'),null,to_date('24/11/20','RR/MM/DD'),'N','D018');
Insert into TBL_BOARDTYPE (BOARD_TYPE_NO,BOARDT_NAME,BOARDT_TYPE,BOARDT_READ,BOARDT_WRITE,BOARDT_CONTENT,BOARDT_USE,OFFICE_USE,EMP_NO,CREATE_DATE,MODIFIER,MODIFY_DATE,USE_YN,DEPT_CODE) values (1054,'일반게시판','S','5','5','5','N','on',null,to_date('24/11/20','RR/MM/DD'),null,to_date('24/11/20','RR/MM/DD'),'Y','D017');
Insert into TBL_BOARDTYPE (BOARD_TYPE_NO,BOARDT_NAME,BOARDT_TYPE,BOARDT_READ,BOARDT_WRITE,BOARDT_CONTENT,BOARDT_USE,OFFICE_USE,EMP_NO,CREATE_DATE,MODIFIER,MODIFY_DATE,USE_YN,DEPT_CODE) values (1055,'일반게시판','S','5','5','5','N','N',null,to_date('24/11/20','RR/MM/DD'),null,to_date('24/11/20','RR/MM/DD'),'N','D018');
Insert into TBL_BOARDTYPE (BOARD_TYPE_NO,BOARDT_NAME,BOARDT_TYPE,BOARDT_READ,BOARDT_WRITE,BOARDT_CONTENT,BOARDT_USE,OFFICE_USE,EMP_NO,CREATE_DATE,MODIFIER,MODIFY_DATE,USE_YN,DEPT_CODE) values (1056,'일반게시판','S','5','5','5','N','N',null,to_date('24/11/20','RR/MM/DD'),null,to_date('24/11/20','RR/MM/DD'),'N','D017');
Insert into TBL_BOARDTYPE (BOARD_TYPE_NO,BOARDT_NAME,BOARDT_TYPE,BOARDT_READ,BOARDT_WRITE,BOARDT_CONTENT,BOARDT_USE,OFFICE_USE,EMP_NO,CREATE_DATE,MODIFIER,MODIFY_DATE,USE_YN,DEPT_CODE) values (1039,'일반게시판','S','5','5','5','N','N',null,to_date('24/11/19','RR/MM/DD'),null,to_date('24/11/19','RR/MM/DD'),'N','D018');
REM INSERTING into TBL_CALENDAR
SET DEFINE OFF;
Insert into TBL_CALENDAR (CAL_NO,EMP_NO,CAL_START_DATE,CAL_END_DATE,CAL_SUBJECT,CAL_CONTENT,CAL_COLOR,CAL_STATUS,CREATE_DATE,MODIFIER,MODIFY_DATE,DEPT_CODE) values (999999,1,to_date('24/11/20','RR/MM/DD'),to_date('24/11/20','RR/MM/DD'),'제목입니다.','내용입니다.','전사일정','Y',to_date('24/11/20','RR/MM/DD'),1,to_date('24/11/20','RR/MM/DD'),null);
REM INSERTING into TBL_COMMON_CODE
SET DEFINE OFF;
Insert into TBL_COMMON_CODE (CD,NM,CREATER,"MODIFY",CREATE_DATE,MODIFY_DATE) values ('PS001','서버관리자',1001,1001,to_date('24/11/14','RR/MM/DD'),to_date('24/11/14','RR/MM/DD'));
Insert into TBL_COMMON_CODE (CD,NM,CREATER,"MODIFY",CREATE_DATE,MODIFY_DATE) values ('PS002','대표',1001,1001,to_date('24/11/14','RR/MM/DD'),to_date('24/11/14','RR/MM/DD'));
Insert into TBL_COMMON_CODE (CD,NM,CREATER,"MODIFY",CREATE_DATE,MODIFY_DATE) values ('PS003','이사',1001,1001,to_date('24/11/14','RR/MM/DD'),to_date('24/11/14','RR/MM/DD'));
Insert into TBL_COMMON_CODE (CD,NM,CREATER,"MODIFY",CREATE_DATE,MODIFY_DATE) values ('PS004','사원',1001,1001,to_date('24/11/14','RR/MM/DD'),to_date('24/11/14','RR/MM/DD'));
Insert into TBL_COMMON_CODE (CD,NM,CREATER,"MODIFY",CREATE_DATE,MODIFY_DATE) values ('PS005','지점장',1001,1001,to_date('24/11/14','RR/MM/DD'),to_date('24/11/14','RR/MM/DD'));
Insert into TBL_COMMON_CODE (CD,NM,CREATER,"MODIFY",CREATE_DATE,MODIFY_DATE) values ('RK001','서버관리자',1001,1001,to_date('24/11/14','RR/MM/DD'),to_date('24/11/14','RR/MM/DD'));
Insert into TBL_COMMON_CODE (CD,NM,CREATER,"MODIFY",CREATE_DATE,MODIFY_DATE) values ('RK002','대표',1001,1001,to_date('24/11/14','RR/MM/DD'),to_date('24/11/14','RR/MM/DD'));
Insert into TBL_COMMON_CODE (CD,NM,CREATER,"MODIFY",CREATE_DATE,MODIFY_DATE) values ('RK003','임원 (이사)',1001,1001,to_date('24/11/14','RR/MM/DD'),to_date('24/11/14','RR/MM/DD'));
Insert into TBL_COMMON_CODE (CD,NM,CREATER,"MODIFY",CREATE_DATE,MODIFY_DATE) values ('RK004','사원',1001,1001,to_date('24/11/14','RR/MM/DD'),to_date('24/11/14','RR/MM/DD'));
Insert into TBL_COMMON_CODE (CD,NM,CREATER,"MODIFY",CREATE_DATE,MODIFY_DATE) values ('RK005','과장',1001,1001,to_date('24/11/14','RR/MM/DD'),to_date('24/11/14','RR/MM/DD'));
Insert into TBL_COMMON_CODE (CD,NM,CREATER,"MODIFY",CREATE_DATE,MODIFY_DATE) values ('RK006','대리',1001,1001,to_date('24/11/14','RR/MM/DD'),to_date('24/11/14','RR/MM/DD'));
Insert into TBL_COMMON_CODE (CD,NM,CREATER,"MODIFY",CREATE_DATE,MODIFY_DATE) values ('RK007','주임',1001,1001,to_date('24/11/14','RR/MM/DD'),to_date('24/11/14','RR/MM/DD'));
Insert into TBL_COMMON_CODE (CD,NM,CREATER,"MODIFY",CREATE_DATE,MODIFY_DATE) values ('PC001','간편식',1001,null,to_date('24/11/14','RR/MM/DD'),to_date('24/11/14','RR/MM/DD'));
Insert into TBL_COMMON_CODE (CD,NM,CREATER,"MODIFY",CREATE_DATE,MODIFY_DATE) values ('PC002','음료',1001,null,to_date('24/11/14','RR/MM/DD'),to_date('24/11/14','RR/MM/DD'));
Insert into TBL_COMMON_CODE (CD,NM,CREATER,"MODIFY",CREATE_DATE,MODIFY_DATE) values ('PC003','주류',1001,null,to_date('24/11/14','RR/MM/DD'),to_date('24/11/14','RR/MM/DD'));
Insert into TBL_COMMON_CODE (CD,NM,CREATER,"MODIFY",CREATE_DATE,MODIFY_DATE) values ('PC004','스낵',1001,null,to_date('24/11/14','RR/MM/DD'),to_date('24/11/14','RR/MM/DD'));
Insert into TBL_COMMON_CODE (CD,NM,CREATER,"MODIFY",CREATE_DATE,MODIFY_DATE) values ('PC005','디저트',1001,null,to_date('24/11/14','RR/MM/DD'),to_date('24/11/14','RR/MM/DD'));
REM INSERTING into TBL_DEPARTMENT
SET DEFINE OFF;
Insert into TBL_DEPARTMENT (DEPT_CODE,DEPT_UPSTAIR,DEPT_NAME,EMP_NO,CREATE_DATE,MODIFIER,MODIFY_DATE,USE_YN) values ('D001',null,'본사',1002,to_date('24/11/14','RR/MM/DD'),null,null,'Y');
Insert into TBL_DEPARTMENT (DEPT_CODE,DEPT_UPSTAIR,DEPT_NAME,EMP_NO,CREATE_DATE,MODIFIER,MODIFY_DATE,USE_YN) values ('D002','D001','인사부',1002,to_date('24/11/14','RR/MM/DD'),null,null,'Y');
Insert into TBL_DEPARTMENT (DEPT_CODE,DEPT_UPSTAIR,DEPT_NAME,EMP_NO,CREATE_DATE,MODIFIER,MODIFY_DATE,USE_YN) values ('D003','D001','재정관리부',1002,to_date('24/11/14','RR/MM/DD'),null,null,'Y');
Insert into TBL_DEPARTMENT (DEPT_CODE,DEPT_UPSTAIR,DEPT_NAME,EMP_NO,CREATE_DATE,MODIFIER,MODIFY_DATE,USE_YN) values ('D004','D001','영업부',1002,to_date('24/11/14','RR/MM/DD'),null,null,'Y');
Insert into TBL_DEPARTMENT (DEPT_CODE,DEPT_UPSTAIR,DEPT_NAME,EMP_NO,CREATE_DATE,MODIFIER,MODIFY_DATE,USE_YN) values ('D005','D001','IT부',1002,to_date('24/11/14','RR/MM/DD'),null,null,'Y');
Insert into TBL_DEPARTMENT (DEPT_CODE,DEPT_UPSTAIR,DEPT_NAME,EMP_NO,CREATE_DATE,MODIFIER,MODIFY_DATE,USE_YN) values ('D006','D001','지점',1002,to_date('24/11/14','RR/MM/DD'),null,null,'Y');
Insert into TBL_DEPARTMENT (DEPT_CODE,DEPT_UPSTAIR,DEPT_NAME,EMP_NO,CREATE_DATE,MODIFIER,MODIFY_DATE,USE_YN) values ('D007','D002','경영지원실',1002,to_date('24/11/14','RR/MM/DD'),null,null,'Y');
Insert into TBL_DEPARTMENT (DEPT_CODE,DEPT_UPSTAIR,DEPT_NAME,EMP_NO,CREATE_DATE,MODIFIER,MODIFY_DATE,USE_YN) values ('D008','D002','HR실',1002,to_date('24/11/14','RR/MM/DD'),null,null,'Y');
Insert into TBL_DEPARTMENT (DEPT_CODE,DEPT_UPSTAIR,DEPT_NAME,EMP_NO,CREATE_DATE,MODIFIER,MODIFY_DATE,USE_YN) values ('D009','D003','회계팀',1002,to_date('24/11/14','RR/MM/DD'),null,null,'Y');
Insert into TBL_DEPARTMENT (DEPT_CODE,DEPT_UPSTAIR,DEPT_NAME,EMP_NO,CREATE_DATE,MODIFIER,MODIFY_DATE,USE_YN) values ('D010','D003','재무팀',1002,to_date('24/11/14','RR/MM/DD'),null,null,'Y');
Insert into TBL_DEPARTMENT (DEPT_CODE,DEPT_UPSTAIR,DEPT_NAME,EMP_NO,CREATE_DATE,MODIFIER,MODIFY_DATE,USE_YN) values ('D011','D004','영업지원1팀',1002,to_date('24/11/14','RR/MM/DD'),null,null,'Y');
Insert into TBL_DEPARTMENT (DEPT_CODE,DEPT_UPSTAIR,DEPT_NAME,EMP_NO,CREATE_DATE,MODIFIER,MODIFY_DATE,USE_YN) values ('D012','D004','영업지원2팀',1002,to_date('24/11/14','RR/MM/DD'),null,null,'Y');
Insert into TBL_DEPARTMENT (DEPT_CODE,DEPT_UPSTAIR,DEPT_NAME,EMP_NO,CREATE_DATE,MODIFIER,MODIFY_DATE,USE_YN) values ('D013','D004','온라인 마케팅팀',1002,to_date('24/11/14','RR/MM/DD'),null,null,'Y');
Insert into TBL_DEPARTMENT (DEPT_CODE,DEPT_UPSTAIR,DEPT_NAME,EMP_NO,CREATE_DATE,MODIFIER,MODIFY_DATE,USE_YN) values ('D014','D005','개발팀',1002,to_date('24/11/14','RR/MM/DD'),null,null,'Y');
Insert into TBL_DEPARTMENT (DEPT_CODE,DEPT_UPSTAIR,DEPT_NAME,EMP_NO,CREATE_DATE,MODIFIER,MODIFY_DATE,USE_YN) values ('D015','D005','정보보안팀',1002,to_date('24/11/14','RR/MM/DD'),null,null,'Y');
Insert into TBL_DEPARTMENT (DEPT_CODE,DEPT_UPSTAIR,DEPT_NAME,EMP_NO,CREATE_DATE,MODIFIER,MODIFY_DATE,USE_YN) values ('D016','D006','서울지점',1002,to_date('24/11/14','RR/MM/DD'),null,null,'Y');
Insert into TBL_DEPARTMENT (DEPT_CODE,DEPT_UPSTAIR,DEPT_NAME,EMP_NO,CREATE_DATE,MODIFIER,MODIFY_DATE,USE_YN) values ('D017','D006','경기지점',1002,to_date('24/11/14','RR/MM/DD'),null,null,'Y');
Insert into TBL_DEPARTMENT (DEPT_CODE,DEPT_UPSTAIR,DEPT_NAME,EMP_NO,CREATE_DATE,MODIFIER,MODIFY_DATE,USE_YN) values ('D018','D006','인천지점',1002,to_date('24/11/14','RR/MM/DD'),null,null,'Y');
Insert into TBL_DEPARTMENT (DEPT_CODE,DEPT_UPSTAIR,DEPT_NAME,EMP_NO,CREATE_DATE,MODIFIER,MODIFY_DATE,USE_YN) values ('D079','D001','새 부서',1002,to_date('24/11/24','RR/MM/DD'),null,null,'Y');
Insert into TBL_DEPARTMENT (DEPT_CODE,DEPT_UPSTAIR,DEPT_NAME,EMP_NO,CREATE_DATE,MODIFIER,MODIFY_DATE,USE_YN) values ('D080','D001','새 부서',1002,to_date('24/11/24','RR/MM/DD'),null,null,'Y');
Insert into TBL_DEPARTMENT (DEPT_CODE,DEPT_UPSTAIR,DEPT_NAME,EMP_NO,CREATE_DATE,MODIFIER,MODIFY_DATE,USE_YN) values ('D077','D001','본사',1002,to_date('24/11/24','RR/MM/DD'),null,null,'Y');
Insert into TBL_DEPARTMENT (DEPT_CODE,DEPT_UPSTAIR,DEPT_NAME,EMP_NO,CREATE_DATE,MODIFIER,MODIFY_DATE,USE_YN) values ('D078','D001','본사',1002,to_date('24/11/24','RR/MM/DD'),null,null,'Y');
Insert into TBL_DEPARTMENT (DEPT_CODE,DEPT_UPSTAIR,DEPT_NAME,EMP_NO,CREATE_DATE,MODIFIER,MODIFY_DATE,USE_YN) values ('D081','D001','새 부서',1002,to_date('24/11/24','RR/MM/DD'),null,null,'Y');
REM INSERTING into TBL_DEP_TRANSFER
SET DEFINE OFF;
Insert into TBL_DEP_TRANSFER (TRANSFER_CODE,TRANSFER_BEFORE,TRANSFER_AFTER,TRANSFER_DATE,EMP_NO,CREATE_DATE,MODIFIER,MODIFY_DATE,USE_YN) values ('1001','경영지원실','HR실',to_date('24/11/14','RR/MM/DD'),1006,to_date('24/11/14','RR/MM/DD'),1003,to_date('24/11/14','RR/MM/DD'),'Y');
Insert into TBL_DEP_TRANSFER (TRANSFER_CODE,TRANSFER_BEFORE,TRANSFER_AFTER,TRANSFER_DATE,EMP_NO,CREATE_DATE,MODIFIER,MODIFY_DATE,USE_YN) values ('1002','HR실','경영지원실',to_date('24/11/14','RR/MM/DD'),1006,to_date('24/11/14','RR/MM/DD'),1003,to_date('24/11/14','RR/MM/DD'),'Y');
Insert into TBL_DEP_TRANSFER (TRANSFER_CODE,TRANSFER_BEFORE,TRANSFER_AFTER,TRANSFER_DATE,EMP_NO,CREATE_DATE,MODIFIER,MODIFY_DATE,USE_YN) values ('1003','회계팀','재무팀',to_date('24/11/14','RR/MM/DD'),1006,to_date('24/11/14','RR/MM/DD'),1003,to_date('24/11/14','RR/MM/DD'),'Y');
Insert into TBL_DEP_TRANSFER (TRANSFER_CODE,TRANSFER_BEFORE,TRANSFER_AFTER,TRANSFER_DATE,EMP_NO,CREATE_DATE,MODIFIER,MODIFY_DATE,USE_YN) values ('1004','재무팀','회계팀',to_date('24/11/14','RR/MM/DD'),1006,to_date('24/11/14','RR/MM/DD'),1003,to_date('24/11/14','RR/MM/DD'),'Y');
Insert into TBL_DEP_TRANSFER (TRANSFER_CODE,TRANSFER_BEFORE,TRANSFER_AFTER,TRANSFER_DATE,EMP_NO,CREATE_DATE,MODIFIER,MODIFY_DATE,USE_YN) values ('1005','영업지원1팀','영업지원2팀',to_date('24/11/14','RR/MM/DD'),1006,to_date('24/11/14','RR/MM/DD'),1003,to_date('24/11/14','RR/MM/DD'),'Y');
Insert into TBL_DEP_TRANSFER (TRANSFER_CODE,TRANSFER_BEFORE,TRANSFER_AFTER,TRANSFER_DATE,EMP_NO,CREATE_DATE,MODIFIER,MODIFY_DATE,USE_YN) values ('1006','영업지원2팀','영업지원1팀',to_date('24/11/14','RR/MM/DD'),1006,to_date('24/11/14','RR/MM/DD'),1003,to_date('24/11/14','RR/MM/DD'),'Y');
Insert into TBL_DEP_TRANSFER (TRANSFER_CODE,TRANSFER_BEFORE,TRANSFER_AFTER,TRANSFER_DATE,EMP_NO,CREATE_DATE,MODIFIER,MODIFY_DATE,USE_YN) values ('1007','온라인 마케팅팀','영업지원1팀',to_date('24/11/14','RR/MM/DD'),1006,to_date('24/11/14','RR/MM/DD'),1003,to_date('24/11/14','RR/MM/DD'),'Y');
Insert into TBL_DEP_TRANSFER (TRANSFER_CODE,TRANSFER_BEFORE,TRANSFER_AFTER,TRANSFER_DATE,EMP_NO,CREATE_DATE,MODIFIER,MODIFY_DATE,USE_YN) values ('1008','개발팀','정보보안팀',to_date('24/11/14','RR/MM/DD'),1006,to_date('24/11/14','RR/MM/DD'),1003,to_date('24/11/14','RR/MM/DD'),'Y');
Insert into TBL_DEP_TRANSFER (TRANSFER_CODE,TRANSFER_BEFORE,TRANSFER_AFTER,TRANSFER_DATE,EMP_NO,CREATE_DATE,MODIFIER,MODIFY_DATE,USE_YN) values ('1009','정보보안팀','개발팀',to_date('24/11/14','RR/MM/DD'),1006,to_date('24/11/14','RR/MM/DD'),1003,to_date('24/11/14','RR/MM/DD'),'Y');
Insert into TBL_DEP_TRANSFER (TRANSFER_CODE,TRANSFER_BEFORE,TRANSFER_AFTER,TRANSFER_DATE,EMP_NO,CREATE_DATE,MODIFIER,MODIFY_DATE,USE_YN) values ('1010','영업지원1팀','온라인 마케팅팀',to_date('24/11/14','RR/MM/DD'),1006,to_date('24/11/14','RR/MM/DD'),1003,to_date('24/11/14','RR/MM/DD'),'Y');
Insert into TBL_DEP_TRANSFER (TRANSFER_CODE,TRANSFER_BEFORE,TRANSFER_AFTER,TRANSFER_DATE,EMP_NO,CREATE_DATE,MODIFIER,MODIFY_DATE,USE_YN) values ('1011','영업지원2팀','온라인 마케팅팀',to_date('24/11/14','RR/MM/DD'),1006,to_date('24/11/14','RR/MM/DD'),1003,to_date('24/11/14','RR/MM/DD'),'Y');
Insert into TBL_DEP_TRANSFER (TRANSFER_CODE,TRANSFER_BEFORE,TRANSFER_AFTER,TRANSFER_DATE,EMP_NO,CREATE_DATE,MODIFIER,MODIFY_DATE,USE_YN) values ('1012','영업지원1팀','영업지원2팀',to_date('24/11/14','RR/MM/DD'),1006,to_date('24/11/14','RR/MM/DD'),1003,to_date('24/11/14','RR/MM/DD'),'Y');
Insert into TBL_DEP_TRANSFER (TRANSFER_CODE,TRANSFER_BEFORE,TRANSFER_AFTER,TRANSFER_DATE,EMP_NO,CREATE_DATE,MODIFIER,MODIFY_DATE,USE_YN) values ('1013','영업지원2팀','영업지원1팀',to_date('24/11/14','RR/MM/DD'),1006,to_date('24/11/14','RR/MM/DD'),1003,to_date('24/11/14','RR/MM/DD'),'Y');
Insert into TBL_DEP_TRANSFER (TRANSFER_CODE,TRANSFER_BEFORE,TRANSFER_AFTER,TRANSFER_DATE,EMP_NO,CREATE_DATE,MODIFIER,MODIFY_DATE,USE_YN) values ('1014','개발팀','정보보안팀',to_date('24/11/14','RR/MM/DD'),1006,to_date('24/11/14','RR/MM/DD'),1003,to_date('24/11/14','RR/MM/DD'),'Y');
REM INSERTING into TBL_DISPATCH
SET DEFINE OFF;
Insert into TBL_DISPATCH (DISPATCH_NO,VEHICLE_TYPE,LICENSE_PLATE,OPERATOR,EMP_NO,MODIFIER,CREATE_DATE,MODIFY_DATE,USE_YN) values (1001,'냉동윙','12가 3456','홍길동',1003,1003,to_date('24/11/14','RR/MM/DD'),to_date('24/11/14','RR/MM/DD'),'Y');
Insert into TBL_DISPATCH (DISPATCH_NO,VEHICLE_TYPE,LICENSE_PLATE,OPERATOR,EMP_NO,MODIFIER,CREATE_DATE,MODIFY_DATE,USE_YN) values (1002,'냉동탑','34나 7890','김철수',1003,1003,to_date('24/11/14','RR/MM/DD'),to_date('24/11/14','RR/MM/DD'),'Y');
Insert into TBL_DISPATCH (DISPATCH_NO,VEHICLE_TYPE,LICENSE_PLATE,OPERATOR,EMP_NO,MODIFIER,CREATE_DATE,MODIFY_DATE,USE_YN) values (1003,'냉장윙','56다 1234','이영희',1003,1003,to_date('24/11/14','RR/MM/DD'),to_date('24/11/14','RR/MM/DD'),'Y');
Insert into TBL_DISPATCH (DISPATCH_NO,VEHICLE_TYPE,LICENSE_PLATE,OPERATOR,EMP_NO,MODIFIER,CREATE_DATE,MODIFY_DATE,USE_YN) values (1004,'냉장탑','78마 5678','박민수',1003,1003,to_date('24/11/14','RR/MM/DD'),to_date('24/11/14','RR/MM/DD'),'Y');
Insert into TBL_DISPATCH (DISPATCH_NO,VEHICLE_TYPE,LICENSE_PLATE,OPERATOR,EMP_NO,MODIFIER,CREATE_DATE,MODIFY_DATE,USE_YN) values (1005,'탑','90바 4321','정수정',1003,1003,to_date('24/11/14','RR/MM/DD'),to_date('24/11/14','RR/MM/DD'),'Y');
Insert into TBL_DISPATCH (DISPATCH_NO,VEHICLE_TYPE,LICENSE_PLATE,OPERATOR,EMP_NO,MODIFIER,CREATE_DATE,MODIFY_DATE,USE_YN) values (1006,'냉동윙','12가 6789','최영준',1003,1003,to_date('24/11/14','RR/MM/DD'),to_date('24/11/14','RR/MM/DD'),'Y');
Insert into TBL_DISPATCH (DISPATCH_NO,VEHICLE_TYPE,LICENSE_PLATE,OPERATOR,EMP_NO,MODIFIER,CREATE_DATE,MODIFY_DATE,USE_YN) values (1007,'냉동탑','34나 9876','김미영',1003,1003,to_date('24/11/14','RR/MM/DD'),to_date('24/11/14','RR/MM/DD'),'Y');
Insert into TBL_DISPATCH (DISPATCH_NO,VEHICLE_TYPE,LICENSE_PLATE,OPERATOR,EMP_NO,MODIFIER,CREATE_DATE,MODIFY_DATE,USE_YN) values (1008,'냉장윙','56다 3456','한지훈',1003,1003,to_date('24/11/14','RR/MM/DD'),to_date('24/11/14','RR/MM/DD'),'Y');
Insert into TBL_DISPATCH (DISPATCH_NO,VEHICLE_TYPE,LICENSE_PLATE,OPERATOR,EMP_NO,MODIFIER,CREATE_DATE,MODIFY_DATE,USE_YN) values (1009,'냉장탑','78마 7654','임지민',1003,1003,to_date('24/11/14','RR/MM/DD'),to_date('24/11/14','RR/MM/DD'),'Y');
Insert into TBL_DISPATCH (DISPATCH_NO,VEHICLE_TYPE,LICENSE_PLATE,OPERATOR,EMP_NO,MODIFIER,CREATE_DATE,MODIFY_DATE,USE_YN) values (1010,'탑','90바 8765','오승현',1003,1003,to_date('24/11/14','RR/MM/DD'),to_date('24/11/14','RR/MM/DD'),'Y');
REM INSERTING into TBL_EDOC
SET DEFINE OFF;
Insert into TBL_EDOC (EDOC_NO,SAMPLE_NO,EDOC_TITLE,EDOC_STARTDATE,EDOC_ENDDATE,FINAL_DATE,EDOC_STATUS,EMP_NO,MODIFIER,MODIFY_DATE,USE_YN) values (1002,1110,'asdasd',to_date('24/11/21','RR/MM/DD'),to_date('24/12/05','RR/MM/DD'),to_date('24/11/21','RR/MM/DD'),'R',1001,null,to_date('24/11/21','RR/MM/DD'),'Y');
Insert into TBL_EDOC (EDOC_NO,SAMPLE_NO,EDOC_TITLE,EDOC_STARTDATE,EDOC_ENDDATE,FINAL_DATE,EDOC_STATUS,EMP_NO,MODIFIER,MODIFY_DATE,USE_YN) values (1003,1110,'asd',to_date('24/11/21','RR/MM/DD'),to_date('24/12/05','RR/MM/DD'),to_date('24/11/21','RR/MM/DD'),'F',1001,null,to_date('24/11/21','RR/MM/DD'),'Y');
Insert into TBL_EDOC (EDOC_NO,SAMPLE_NO,EDOC_TITLE,EDOC_STARTDATE,EDOC_ENDDATE,FINAL_DATE,EDOC_STATUS,EMP_NO,MODIFIER,MODIFY_DATE,USE_YN) values (1004,1110,'asd',to_date('24/11/21','RR/MM/DD'),to_date('24/12/05','RR/MM/DD'),to_date('24/11/21','RR/MM/DD'),'R',1001,null,to_date('24/11/21','RR/MM/DD'),'Y');
Insert into TBL_EDOC (EDOC_NO,SAMPLE_NO,EDOC_TITLE,EDOC_STARTDATE,EDOC_ENDDATE,FINAL_DATE,EDOC_STATUS,EMP_NO,MODIFIER,MODIFY_DATE,USE_YN) values (1005,1110,'asd',to_date('24/11/21','RR/MM/DD'),to_date('24/12/05','RR/MM/DD'),to_date('24/11/21','RR/MM/DD'),'F',1001,null,to_date('24/11/21','RR/MM/DD'),'Y');
Insert into TBL_EDOC (EDOC_NO,SAMPLE_NO,EDOC_TITLE,EDOC_STARTDATE,EDOC_ENDDATE,FINAL_DATE,EDOC_STATUS,EMP_NO,MODIFIER,MODIFY_DATE,USE_YN) values (1006,1110,'asdasd',to_date('24/11/21','RR/MM/DD'),to_date('24/12/05','RR/MM/DD'),to_date('24/11/21','RR/MM/DD'),'T',1001,null,to_date('24/11/21','RR/MM/DD'),'Y');
Insert into TBL_EDOC (EDOC_NO,SAMPLE_NO,EDOC_TITLE,EDOC_STARTDATE,EDOC_ENDDATE,FINAL_DATE,EDOC_STATUS,EMP_NO,MODIFIER,MODIFY_DATE,USE_YN) values (1007,1110,'asd',to_date('24/11/21','RR/MM/DD'),to_date('24/12/05','RR/MM/DD'),to_date('24/11/21','RR/MM/DD'),'T',1001,null,to_date('24/11/21','RR/MM/DD'),'Y');
Insert into TBL_EDOC (EDOC_NO,SAMPLE_NO,EDOC_TITLE,EDOC_STARTDATE,EDOC_ENDDATE,FINAL_DATE,EDOC_STATUS,EMP_NO,MODIFIER,MODIFY_DATE,USE_YN) values (1008,1110,'asd',to_date('24/11/21','RR/MM/DD'),to_date('24/12/05','RR/MM/DD'),to_date('24/11/21','RR/MM/DD'),'S',1001,null,to_date('24/11/21','RR/MM/DD'),'Y');
Insert into TBL_EDOC (EDOC_NO,SAMPLE_NO,EDOC_TITLE,EDOC_STARTDATE,EDOC_ENDDATE,FINAL_DATE,EDOC_STATUS,EMP_NO,MODIFIER,MODIFY_DATE,USE_YN) values (1009,1110,'asdf',to_date('24/11/21','RR/MM/DD'),to_date('24/12/05','RR/MM/DD'),to_date('24/11/21','RR/MM/DD'),'S',1001,null,to_date('24/11/21','RR/MM/DD'),'Y');
Insert into TBL_EDOC (EDOC_NO,SAMPLE_NO,EDOC_TITLE,EDOC_STARTDATE,EDOC_ENDDATE,FINAL_DATE,EDOC_STATUS,EMP_NO,MODIFIER,MODIFY_DATE,USE_YN) values (1010,1110,'asd',to_date('24/11/21','RR/MM/DD'),to_date('24/12/05','RR/MM/DD'),to_date('24/11/21','RR/MM/DD'),'O',1001,null,to_date('24/11/21','RR/MM/DD'),'Y');
Insert into TBL_EDOC (EDOC_NO,SAMPLE_NO,EDOC_TITLE,EDOC_STARTDATE,EDOC_ENDDATE,FINAL_DATE,EDOC_STATUS,EMP_NO,MODIFIER,MODIFY_DATE,USE_YN) values (1011,1110,'ㅁㄴㅇ',to_date('24/11/21','RR/MM/DD'),to_date('24/12/05','RR/MM/DD'),to_date('24/11/21','RR/MM/DD'),'O',1001,null,to_date('24/11/21','RR/MM/DD'),'Y');
Insert into TBL_EDOC (EDOC_NO,SAMPLE_NO,EDOC_TITLE,EDOC_STARTDATE,EDOC_ENDDATE,FINAL_DATE,EDOC_STATUS,EMP_NO,MODIFIER,MODIFY_DATE,USE_YN) values (1012,1110,'asd',to_date('24/11/22','RR/MM/DD'),to_date('24/12/06','RR/MM/DD'),to_date('24/11/22','RR/MM/DD'),'S',1001,null,to_date('24/11/22','RR/MM/DD'),'Y');
Insert into TBL_EDOC (EDOC_NO,SAMPLE_NO,EDOC_TITLE,EDOC_STARTDATE,EDOC_ENDDATE,FINAL_DATE,EDOC_STATUS,EMP_NO,MODIFIER,MODIFY_DATE,USE_YN) values (1013,1111,'asdasd',to_date('24/11/22','RR/MM/DD'),to_date('24/12/06','RR/MM/DD'),to_date('24/11/22','RR/MM/DD'),'T',1004,null,to_date('24/11/22','RR/MM/DD'),'Y');
Insert into TBL_EDOC (EDOC_NO,SAMPLE_NO,EDOC_TITLE,EDOC_STARTDATE,EDOC_ENDDATE,FINAL_DATE,EDOC_STATUS,EMP_NO,MODIFIER,MODIFY_DATE,USE_YN) values (1014,1111,'dasdasdasd',to_date('24/11/22','RR/MM/DD'),to_date('24/12/06','RR/MM/DD'),to_date('24/11/22','RR/MM/DD'),'S',1001,null,to_date('24/11/22','RR/MM/DD'),'Y');
Insert into TBL_EDOC (EDOC_NO,SAMPLE_NO,EDOC_TITLE,EDOC_STARTDATE,EDOC_ENDDATE,FINAL_DATE,EDOC_STATUS,EMP_NO,MODIFIER,MODIFY_DATE,USE_YN) values (1015,1112,'ㅁㄷㄹㄴㅇㄹㄹ',to_date('24/11/22','RR/MM/DD'),to_date('24/12/06','RR/MM/DD'),to_date('24/11/22','RR/MM/DD'),'S',1001,null,to_date('24/11/22','RR/MM/DD'),'Y');
REM INSERTING into TBL_EDOC_APPROVAL
SET DEFINE OFF;
Insert into TBL_EDOC_APPROVAL (APRVL_NO,APRVL_EDOC_NO,APRVL_RANK,APRVL_STATUS,APRVL_COMMENT,APRVL_DATE,EMP_NO) values (1001,0,'2','W',null,to_date('24/11/21','RR/MM/DD'),1004);
Insert into TBL_EDOC_APPROVAL (APRVL_NO,APRVL_EDOC_NO,APRVL_RANK,APRVL_STATUS,APRVL_COMMENT,APRVL_DATE,EMP_NO) values (1002,0,'2','W',null,to_date('24/11/21','RR/MM/DD'),1004);
Insert into TBL_EDOC_APPROVAL (APRVL_NO,APRVL_EDOC_NO,APRVL_RANK,APRVL_STATUS,APRVL_COMMENT,APRVL_DATE,EMP_NO) values (1003,1008,'2','W',null,to_date('24/11/21','RR/MM/DD'),1004);
Insert into TBL_EDOC_APPROVAL (APRVL_NO,APRVL_EDOC_NO,APRVL_RANK,APRVL_STATUS,APRVL_COMMENT,APRVL_DATE,EMP_NO) values (1004,1008,'2','W',null,to_date('24/11/21','RR/MM/DD'),1004);
Insert into TBL_EDOC_APPROVAL (APRVL_NO,APRVL_EDOC_NO,APRVL_RANK,APRVL_STATUS,APRVL_COMMENT,APRVL_DATE,EMP_NO) values (1005,1009,'2','W',null,to_date('24/11/21','RR/MM/DD'),1005);
Insert into TBL_EDOC_APPROVAL (APRVL_NO,APRVL_EDOC_NO,APRVL_RANK,APRVL_STATUS,APRVL_COMMENT,APRVL_DATE,EMP_NO) values (1006,1009,'2','W',null,to_date('24/11/21','RR/MM/DD'),1005);
Insert into TBL_EDOC_APPROVAL (APRVL_NO,APRVL_EDOC_NO,APRVL_RANK,APRVL_STATUS,APRVL_COMMENT,APRVL_DATE,EMP_NO) values (1007,1010,'1','N',null,to_date('24/11/21','RR/MM/DD'),1007);
Insert into TBL_EDOC_APPROVAL (APRVL_NO,APRVL_EDOC_NO,APRVL_RANK,APRVL_STATUS,APRVL_COMMENT,APRVL_DATE,EMP_NO) values (1008,1010,'2','W',null,to_date('24/11/21','RR/MM/DD'),1004);
Insert into TBL_EDOC_APPROVAL (APRVL_NO,APRVL_EDOC_NO,APRVL_RANK,APRVL_STATUS,APRVL_COMMENT,APRVL_DATE,EMP_NO) values (1009,1011,'1','N',null,to_date('24/11/21','RR/MM/DD'),1007);
Insert into TBL_EDOC_APPROVAL (APRVL_NO,APRVL_EDOC_NO,APRVL_RANK,APRVL_STATUS,APRVL_COMMENT,APRVL_DATE,EMP_NO) values (1010,1011,'2','W',null,to_date('24/11/21','RR/MM/DD'),1004);
Insert into TBL_EDOC_APPROVAL (APRVL_NO,APRVL_EDOC_NO,APRVL_RANK,APRVL_STATUS,APRVL_COMMENT,APRVL_DATE,EMP_NO) values (1011,1012,'1','N',null,to_date('24/11/22','RR/MM/DD'),1007);
Insert into TBL_EDOC_APPROVAL (APRVL_NO,APRVL_EDOC_NO,APRVL_RANK,APRVL_STATUS,APRVL_COMMENT,APRVL_DATE,EMP_NO) values (1012,1012,'2','W',null,to_date('24/11/22','RR/MM/DD'),1004);
Insert into TBL_EDOC_APPROVAL (APRVL_NO,APRVL_EDOC_NO,APRVL_RANK,APRVL_STATUS,APRVL_COMMENT,APRVL_DATE,EMP_NO) values (1013,1013,'1','Y',null,to_date('24/11/22','RR/MM/DD'),1005);
Insert into TBL_EDOC_APPROVAL (APRVL_NO,APRVL_EDOC_NO,APRVL_RANK,APRVL_STATUS,APRVL_COMMENT,APRVL_DATE,EMP_NO) values (1014,1013,'2','N',null,to_date('24/11/22','RR/MM/DD'),1001);
Insert into TBL_EDOC_APPROVAL (APRVL_NO,APRVL_EDOC_NO,APRVL_RANK,APRVL_STATUS,APRVL_COMMENT,APRVL_DATE,EMP_NO) values (1015,1014,'1','N',null,to_date('24/11/22','RR/MM/DD'),1007);
Insert into TBL_EDOC_APPROVAL (APRVL_NO,APRVL_EDOC_NO,APRVL_RANK,APRVL_STATUS,APRVL_COMMENT,APRVL_DATE,EMP_NO) values (1016,1014,'2','W',null,to_date('24/11/22','RR/MM/DD'),1004);
Insert into TBL_EDOC_APPROVAL (APRVL_NO,APRVL_EDOC_NO,APRVL_RANK,APRVL_STATUS,APRVL_COMMENT,APRVL_DATE,EMP_NO) values (1017,1015,'1','N',null,to_date('24/11/22','RR/MM/DD'),1015);
Insert into TBL_EDOC_APPROVAL (APRVL_NO,APRVL_EDOC_NO,APRVL_RANK,APRVL_STATUS,APRVL_COMMENT,APRVL_DATE,EMP_NO) values (1018,1015,'2','N',null,to_date('24/11/22','RR/MM/DD'),1003);
REM INSERTING into TBL_EDOC_ATTACHMENT
SET DEFINE OFF;
Insert into TBL_EDOC_ATTACHMENT (ATTACH_NO,ATTACH_EDOC_REF,ATTACH_ORIGINAL_FILENAME,ATTACH_RENAME_FILENAME,EMP_NO,CREATE_DATE,MODIFIER,MODIFY_DATE,FILE_PATH) values (1001,1010,'새 텍스트 문서.txt','345dc9367cf449b59ff6362a997ce13b.txt',null,to_date('24/11/21','RR/MM/DD'),null,to_date('24/11/21','RR/MM/DD'),'/upload/edoc/20241121');
Insert into TBL_EDOC_ATTACHMENT (ATTACH_NO,ATTACH_EDOC_REF,ATTACH_ORIGINAL_FILENAME,ATTACH_RENAME_FILENAME,EMP_NO,CREATE_DATE,MODIFIER,MODIFY_DATE,FILE_PATH) values (1002,1010,'컴퓨터 견적.txt','73f76faf276249b0b7eea8d4fbf388ce.txt',null,to_date('24/11/21','RR/MM/DD'),null,to_date('24/11/21','RR/MM/DD'),'/upload/edoc/20241121');
Insert into TBL_EDOC_ATTACHMENT (ATTACH_NO,ATTACH_EDOC_REF,ATTACH_ORIGINAL_FILENAME,ATTACH_RENAME_FILENAME,EMP_NO,CREATE_DATE,MODIFIER,MODIFY_DATE,FILE_PATH) values (1003,1011,'새 텍스트 문서.txt','10cda6d52b4244bd9cbe64df8e5bf4c9.txt',null,to_date('24/11/21','RR/MM/DD'),null,to_date('24/11/21','RR/MM/DD'),'/upload/edoc/20241121');
Insert into TBL_EDOC_ATTACHMENT (ATTACH_NO,ATTACH_EDOC_REF,ATTACH_ORIGINAL_FILENAME,ATTACH_RENAME_FILENAME,EMP_NO,CREATE_DATE,MODIFIER,MODIFY_DATE,FILE_PATH) values (1004,1012,'MyStoreUI.html','2c01e70280ef4b669ad2cd0c9b6a1379.html',null,to_date('24/11/22','RR/MM/DD'),null,to_date('24/11/22','RR/MM/DD'),'/upload/edoc/20241122');
REM INSERTING into TBL_EDOC_SAMPLE
SET DEFINE OFF;
Insert into TBL_EDOC_SAMPLE (SAMPLE_NO,SAMPLE_DOT_CODE,SAMPLE_DESC,EMP_NO,CREATE_DATE,MODIFIER,MODIFT_DATE,USE_YN) values (1001,null,null,1003,to_date('24/11/14','RR/MM/DD'),null,to_date('24/11/14','RR/MM/DD'),'n');
Insert into TBL_EDOC_SAMPLE (SAMPLE_NO,SAMPLE_DOT_CODE,SAMPLE_DESC,EMP_NO,CREATE_DATE,MODIFIER,MODIFT_DATE,USE_YN) values (1002,null,null,1003,to_date('24/11/14','RR/MM/DD'),null,to_date('24/11/14','RR/MM/DD'),'n');
Insert into TBL_EDOC_SAMPLE (SAMPLE_NO,SAMPLE_DOT_CODE,SAMPLE_DESC,EMP_NO,CREATE_DATE,MODIFIER,MODIFT_DATE,USE_YN) values (1003,'ㅁㄴㅇ','ㅁㄴㅇ',1003,to_date('24/11/14','RR/MM/DD'),null,to_date('24/11/14','RR/MM/DD'),'n');
Insert into TBL_EDOC_SAMPLE (SAMPLE_NO,SAMPLE_DOT_CODE,SAMPLE_DESC,EMP_NO,CREATE_DATE,MODIFIER,MODIFT_DATE,USE_YN) values (1004,'ㅁㄴㅇㅁㄴㅇ',null,1003,to_date('24/11/14','RR/MM/DD'),null,to_date('24/11/14','RR/MM/DD'),'n');
Insert into TBL_EDOC_SAMPLE (SAMPLE_NO,SAMPLE_DOT_CODE,SAMPLE_DESC,EMP_NO,CREATE_DATE,MODIFIER,MODIFT_DATE,USE_YN) values (1005,'ㅁㄴㅇ','ㅁㄴㅇ',1003,to_date('24/11/14','RR/MM/DD'),null,to_date('24/11/14','RR/MM/DD'),'n');
Insert into TBL_EDOC_SAMPLE (SAMPLE_NO,SAMPLE_DOT_CODE,SAMPLE_DESC,EMP_NO,CREATE_DATE,MODIFIER,MODIFT_DATE,USE_YN) values (1006,'ㅁㄴㅇ','ㅁㄴㅇ',1003,to_date('24/11/14','RR/MM/DD'),null,to_date('24/11/14','RR/MM/DD'),'n');
Insert into TBL_EDOC_SAMPLE (SAMPLE_NO,SAMPLE_DOT_CODE,SAMPLE_DESC,EMP_NO,CREATE_DATE,MODIFIER,MODIFT_DATE,USE_YN) values (1007,'ㅁㄴㅇ','ㅁㄴㅇ',1003,to_date('24/11/14','RR/MM/DD'),null,to_date('24/11/14','RR/MM/DD'),'n');
Insert into TBL_EDOC_SAMPLE (SAMPLE_NO,SAMPLE_DOT_CODE,SAMPLE_DESC,EMP_NO,CREATE_DATE,MODIFIER,MODIFT_DATE,USE_YN) values (1008,'ㅁㄴㅇ','ㅁㄴㅇ',1003,to_date('24/11/14','RR/MM/DD'),null,to_date('24/11/14','RR/MM/DD'),'n');
Insert into TBL_EDOC_SAMPLE (SAMPLE_NO,SAMPLE_DOT_CODE,SAMPLE_DESC,EMP_NO,CREATE_DATE,MODIFIER,MODIFT_DATE,USE_YN) values (1009,'ㅁㄴㅇ','ㅁㄴㅇ',1003,to_date('24/11/14','RR/MM/DD'),null,to_date('24/11/14','RR/MM/DD'),'n');
Insert into TBL_EDOC_SAMPLE (SAMPLE_NO,SAMPLE_DOT_CODE,SAMPLE_DESC,EMP_NO,CREATE_DATE,MODIFIER,MODIFT_DATE,USE_YN) values (1010,'ㅁㄴㅇ','ㅁㄴㅇ',1003,to_date('24/11/14','RR/MM/DD'),null,to_date('24/11/14','RR/MM/DD'),'n');
Insert into TBL_EDOC_SAMPLE (SAMPLE_NO,SAMPLE_DOT_CODE,SAMPLE_DESC,EMP_NO,CREATE_DATE,MODIFIER,MODIFT_DATE,USE_YN) values (1011,'ㅁㄴㅇ','ㅁㄴㅇ',1003,to_date('24/11/14','RR/MM/DD'),null,to_date('24/11/14','RR/MM/DD'),'n');
Insert into TBL_EDOC_SAMPLE (SAMPLE_NO,SAMPLE_DOT_CODE,SAMPLE_DESC,EMP_NO,CREATE_DATE,MODIFIER,MODIFT_DATE,USE_YN) values (1012,'ㅁㄴㅇ','ㅁㄴㅇ',1003,to_date('24/11/14','RR/MM/DD'),null,to_date('24/11/14','RR/MM/DD'),'n');
Insert into TBL_EDOC_SAMPLE (SAMPLE_NO,SAMPLE_DOT_CODE,SAMPLE_DESC,EMP_NO,CREATE_DATE,MODIFIER,MODIFT_DATE,USE_YN) values (1013,'ㅁㄴㅇ','ㅁㄴㅇ',1003,to_date('24/11/14','RR/MM/DD'),null,to_date('24/11/14','RR/MM/DD'),'n');
Insert into TBL_EDOC_SAMPLE (SAMPLE_NO,SAMPLE_DOT_CODE,SAMPLE_DESC,EMP_NO,CREATE_DATE,MODIFIER,MODIFT_DATE,USE_YN) values (1014,'ㅁㄴㅇ','ㅁㄴㅇ',1003,to_date('24/11/14','RR/MM/DD'),null,to_date('24/11/14','RR/MM/DD'),'n');
Insert into TBL_EDOC_SAMPLE (SAMPLE_NO,SAMPLE_DOT_CODE,SAMPLE_DESC,EMP_NO,CREATE_DATE,MODIFIER,MODIFT_DATE,USE_YN) values (1015,'ㅁㄴㅇ','ㅁㄴㅇ',1003,to_date('24/11/14','RR/MM/DD'),null,to_date('24/11/14','RR/MM/DD'),'n');
Insert into TBL_EDOC_SAMPLE (SAMPLE_NO,SAMPLE_DOT_CODE,SAMPLE_DESC,EMP_NO,CREATE_DATE,MODIFIER,MODIFT_DATE,USE_YN) values (1016,'ㅁㄴㅇ','ㅁㄴㅇ',1003,to_date('24/11/14','RR/MM/DD'),null,to_date('24/11/14','RR/MM/DD'),'n');
Insert into TBL_EDOC_SAMPLE (SAMPLE_NO,SAMPLE_DOT_CODE,SAMPLE_DESC,EMP_NO,CREATE_DATE,MODIFIER,MODIFT_DATE,USE_YN) values (1017,'ㅁㄴㅇ','ㅁㄴㅇ',1003,to_date('24/11/14','RR/MM/DD'),null,to_date('24/11/14','RR/MM/DD'),'n');
Insert into TBL_EDOC_SAMPLE (SAMPLE_NO,SAMPLE_DOT_CODE,SAMPLE_DESC,EMP_NO,CREATE_DATE,MODIFIER,MODIFT_DATE,USE_YN) values (1018,'ㅁㄴㅇ','ㅁㄴㅇ',1003,to_date('24/11/14','RR/MM/DD'),null,to_date('24/11/14','RR/MM/DD'),'n');
Insert into TBL_EDOC_SAMPLE (SAMPLE_NO,SAMPLE_DOT_CODE,SAMPLE_DESC,EMP_NO,CREATE_DATE,MODIFIER,MODIFT_DATE,USE_YN) values (1019,'ㅁㄴㅇ','ㅁㄴ',1003,to_date('24/11/14','RR/MM/DD'),null,to_date('24/11/14','RR/MM/DD'),'n');
Insert into TBL_EDOC_SAMPLE (SAMPLE_NO,SAMPLE_DOT_CODE,SAMPLE_DESC,EMP_NO,CREATE_DATE,MODIFIER,MODIFT_DATE,USE_YN) values (1020,'ㅁㄴㅇ','ㅁㄴㅇ',1003,to_date('24/11/14','RR/MM/DD'),null,to_date('24/11/14','RR/MM/DD'),'n');
Insert into TBL_EDOC_SAMPLE (SAMPLE_NO,SAMPLE_DOT_CODE,SAMPLE_DESC,EMP_NO,CREATE_DATE,MODIFIER,MODIFT_DATE,USE_YN) values (1021,'ㅁㄴㅇ','ㅁㄴㅇ',1003,to_date('24/11/14','RR/MM/DD'),null,to_date('24/11/14','RR/MM/DD'),'n');
Insert into TBL_EDOC_SAMPLE (SAMPLE_NO,SAMPLE_DOT_CODE,SAMPLE_DESC,EMP_NO,CREATE_DATE,MODIFIER,MODIFT_DATE,USE_YN) values (1022,'ㅁㄴㅇ','ㅁㄴㅇ',1003,to_date('24/11/14','RR/MM/DD'),null,to_date('24/11/14','RR/MM/DD'),'n');
Insert into TBL_EDOC_SAMPLE (SAMPLE_NO,SAMPLE_DOT_CODE,SAMPLE_DESC,EMP_NO,CREATE_DATE,MODIFIER,MODIFT_DATE,USE_YN) values (1023,'ㅁㄴㅇ','ㅁㄴㅇ',1003,to_date('24/11/14','RR/MM/DD'),null,to_date('24/11/14','RR/MM/DD'),'n');
Insert into TBL_EDOC_SAMPLE (SAMPLE_NO,SAMPLE_DOT_CODE,SAMPLE_DESC,EMP_NO,CREATE_DATE,MODIFIER,MODIFT_DATE,USE_YN) values (1024,'ㅁㄴㅇ','ㅁㄴㅇ',1003,to_date('24/11/14','RR/MM/DD'),null,to_date('24/11/14','RR/MM/DD'),'n');
Insert into TBL_EDOC_SAMPLE (SAMPLE_NO,SAMPLE_DOT_CODE,SAMPLE_DESC,EMP_NO,CREATE_DATE,MODIFIER,MODIFT_DATE,USE_YN) values (1025,'ㅁㄴㅇ','ㅁㄴㅇ',1003,to_date('24/11/14','RR/MM/DD'),null,to_date('24/11/14','RR/MM/DD'),'n');
Insert into TBL_EDOC_SAMPLE (SAMPLE_NO,SAMPLE_DOT_CODE,SAMPLE_DESC,EMP_NO,CREATE_DATE,MODIFIER,MODIFT_DATE,USE_YN) values (1026,'ㅁㄴㅇ','ㅁㄴㅇ',1003,to_date('24/11/14','RR/MM/DD'),null,to_date('24/11/14','RR/MM/DD'),'n');
Insert into TBL_EDOC_SAMPLE (SAMPLE_NO,SAMPLE_DOT_CODE,SAMPLE_DESC,EMP_NO,CREATE_DATE,MODIFIER,MODIFT_DATE,USE_YN) values (1027,'ㅁㄴㅇ','ㅁㄴㅇ',1003,to_date('24/11/14','RR/MM/DD'),null,to_date('24/11/14','RR/MM/DD'),'n');
Insert into TBL_EDOC_SAMPLE (SAMPLE_NO,SAMPLE_DOT_CODE,SAMPLE_DESC,EMP_NO,CREATE_DATE,MODIFIER,MODIFT_DATE,USE_YN) values (1028,'ㅁㄴㅇ','ㅁㄴㅇ',1003,to_date('24/11/14','RR/MM/DD'),null,to_date('24/11/14','RR/MM/DD'),'n');
Insert into TBL_EDOC_SAMPLE (SAMPLE_NO,SAMPLE_DOT_CODE,SAMPLE_DESC,EMP_NO,CREATE_DATE,MODIFIER,MODIFT_DATE,USE_YN) values (1029,'ㅁㄴㅇ','ㅁㄴㅇ',1003,to_date('24/11/14','RR/MM/DD'),null,to_date('24/11/14','RR/MM/DD'),'n');
Insert into TBL_EDOC_SAMPLE (SAMPLE_NO,SAMPLE_DOT_CODE,SAMPLE_DESC,EMP_NO,CREATE_DATE,MODIFIER,MODIFT_DATE,USE_YN) values (1030,'ㅁㄴㅇ','ㅁㄴㅇ',1003,to_date('24/11/15','RR/MM/DD'),null,to_date('24/11/15','RR/MM/DD'),'n');
Insert into TBL_EDOC_SAMPLE (SAMPLE_NO,SAMPLE_DOT_CODE,SAMPLE_DESC,EMP_NO,CREATE_DATE,MODIFIER,MODIFT_DATE,USE_YN) values (1031,'ㅁㄴㅇ','ㅁㄴㅇ',1003,to_date('24/11/15','RR/MM/DD'),null,to_date('24/11/15','RR/MM/DD'),'n');
Insert into TBL_EDOC_SAMPLE (SAMPLE_NO,SAMPLE_DOT_CODE,SAMPLE_DESC,EMP_NO,CREATE_DATE,MODIFIER,MODIFT_DATE,USE_YN) values (1032,'ㅁㄴㅇ','ㅁㄴㅇ',1003,to_date('24/11/15','RR/MM/DD'),null,to_date('24/11/15','RR/MM/DD'),'n');
Insert into TBL_EDOC_SAMPLE (SAMPLE_NO,SAMPLE_DOT_CODE,SAMPLE_DESC,EMP_NO,CREATE_DATE,MODIFIER,MODIFT_DATE,USE_YN) values (1033,'ㅁㄴㅇ','ㅁㄴㅇ',1003,to_date('24/11/15','RR/MM/DD'),null,to_date('24/11/15','RR/MM/DD'),'n');
Insert into TBL_EDOC_SAMPLE (SAMPLE_NO,SAMPLE_DOT_CODE,SAMPLE_DESC,EMP_NO,CREATE_DATE,MODIFIER,MODIFT_DATE,USE_YN) values (1034,'ㅁㄴㅇ','ㅁㄴㅇ',1003,to_date('24/11/15','RR/MM/DD'),null,to_date('24/11/15','RR/MM/DD'),'n');
Insert into TBL_EDOC_SAMPLE (SAMPLE_NO,SAMPLE_DOT_CODE,SAMPLE_DESC,EMP_NO,CREATE_DATE,MODIFIER,MODIFT_DATE,USE_YN) values (1035,'ㅁㄴㅇ','ㅁㄴㅇ',1003,to_date('24/11/15','RR/MM/DD'),null,to_date('24/11/15','RR/MM/DD'),'n');
Insert into TBL_EDOC_SAMPLE (SAMPLE_NO,SAMPLE_DOT_CODE,SAMPLE_DESC,EMP_NO,CREATE_DATE,MODIFIER,MODIFT_DATE,USE_YN) values (1036,'ㅁㄴㅇ','ㅁㄴㅇ',1003,to_date('24/11/15','RR/MM/DD'),null,to_date('24/11/15','RR/MM/DD'),'n');
Insert into TBL_EDOC_SAMPLE (SAMPLE_NO,SAMPLE_DOT_CODE,SAMPLE_DESC,EMP_NO,CREATE_DATE,MODIFIER,MODIFT_DATE,USE_YN) values (1037,'ㅁㄴㅇ','ㅁㄴㅇ',1003,to_date('24/11/15','RR/MM/DD'),null,to_date('24/11/15','RR/MM/DD'),'n');
Insert into TBL_EDOC_SAMPLE (SAMPLE_NO,SAMPLE_DOT_CODE,SAMPLE_DESC,EMP_NO,CREATE_DATE,MODIFIER,MODIFT_DATE,USE_YN) values (1038,'ㅁㄴㅇ','ㅁㄴㅇ',1003,to_date('24/11/15','RR/MM/DD'),null,to_date('24/11/15','RR/MM/DD'),'n');
Insert into TBL_EDOC_SAMPLE (SAMPLE_NO,SAMPLE_DOT_CODE,SAMPLE_DESC,EMP_NO,CREATE_DATE,MODIFIER,MODIFT_DATE,USE_YN) values (1039,'ㅁㄴ','ㅁㄴㅇ',1003,to_date('24/11/15','RR/MM/DD'),null,to_date('24/11/15','RR/MM/DD'),'n');
Insert into TBL_EDOC_SAMPLE (SAMPLE_NO,SAMPLE_DOT_CODE,SAMPLE_DESC,EMP_NO,CREATE_DATE,MODIFIER,MODIFT_DATE,USE_YN) values (1040,'ㅁㄴㅇ','ㅁㄴㅇ',1003,to_date('24/11/15','RR/MM/DD'),null,to_date('24/11/15','RR/MM/DD'),'n');
Insert into TBL_EDOC_SAMPLE (SAMPLE_NO,SAMPLE_DOT_CODE,SAMPLE_DESC,EMP_NO,CREATE_DATE,MODIFIER,MODIFT_DATE,USE_YN) values (1041,'ㅁㄴㅇ','ㅁㄴㅇ',1003,to_date('24/11/15','RR/MM/DD'),null,to_date('24/11/15','RR/MM/DD'),'n');
Insert into TBL_EDOC_SAMPLE (SAMPLE_NO,SAMPLE_DOT_CODE,SAMPLE_DESC,EMP_NO,CREATE_DATE,MODIFIER,MODIFT_DATE,USE_YN) values (1042,'ㅁㄴㅇ','ㅁㄴㅇ',1003,to_date('24/11/15','RR/MM/DD'),null,to_date('24/11/15','RR/MM/DD'),'n');
Insert into TBL_EDOC_SAMPLE (SAMPLE_NO,SAMPLE_DOT_CODE,SAMPLE_DESC,EMP_NO,CREATE_DATE,MODIFIER,MODIFT_DATE,USE_YN) values (1043,'ㅁㄴㅇ','ㅁㄴㅇ',1003,to_date('24/11/15','RR/MM/DD'),null,to_date('24/11/15','RR/MM/DD'),'n');
Insert into TBL_EDOC_SAMPLE (SAMPLE_NO,SAMPLE_DOT_CODE,SAMPLE_DESC,EMP_NO,CREATE_DATE,MODIFIER,MODIFT_DATE,USE_YN) values (1044,'ㅁㄴㅇ','ㅁㄴㅇ',1003,to_date('24/11/15','RR/MM/DD'),null,to_date('24/11/15','RR/MM/DD'),'n');
Insert into TBL_EDOC_SAMPLE (SAMPLE_NO,SAMPLE_DOT_CODE,SAMPLE_DESC,EMP_NO,CREATE_DATE,MODIFIER,MODIFT_DATE,USE_YN) values (1045,'ㅁㄴㅇ','ㅁㄴㅇ',1003,to_date('24/11/15','RR/MM/DD'),null,to_date('24/11/15','RR/MM/DD'),'n');
Insert into TBL_EDOC_SAMPLE (SAMPLE_NO,SAMPLE_DOT_CODE,SAMPLE_DESC,EMP_NO,CREATE_DATE,MODIFIER,MODIFT_DATE,USE_YN) values (1046,'ㅁㄴㅇ','ㅁㄴㅇ',1003,to_date('24/11/15','RR/MM/DD'),null,to_date('24/11/15','RR/MM/DD'),'n');
Insert into TBL_EDOC_SAMPLE (SAMPLE_NO,SAMPLE_DOT_CODE,SAMPLE_DESC,EMP_NO,CREATE_DATE,MODIFIER,MODIFT_DATE,USE_YN) values (1047,'ㅁㄴㅇ','ㅁㄴㅇ',1003,to_date('24/11/15','RR/MM/DD'),null,to_date('24/11/15','RR/MM/DD'),'n');
Insert into TBL_EDOC_SAMPLE (SAMPLE_NO,SAMPLE_DOT_CODE,SAMPLE_DESC,EMP_NO,CREATE_DATE,MODIFIER,MODIFT_DATE,USE_YN) values (1048,'ㅁㄴㅇ','ㅁㄴㅇ',1003,to_date('24/11/15','RR/MM/DD'),null,to_date('24/11/15','RR/MM/DD'),'n');
Insert into TBL_EDOC_SAMPLE (SAMPLE_NO,SAMPLE_DOT_CODE,SAMPLE_DESC,EMP_NO,CREATE_DATE,MODIFIER,MODIFT_DATE,USE_YN) values (1049,'ㅁㄴㅇ','ㅁㄴㅇ',1003,to_date('24/11/15','RR/MM/DD'),null,to_date('24/11/15','RR/MM/DD'),'n');
Insert into TBL_EDOC_SAMPLE (SAMPLE_NO,SAMPLE_DOT_CODE,SAMPLE_DESC,EMP_NO,CREATE_DATE,MODIFIER,MODIFT_DATE,USE_YN) values (1050,'ㅁㄴㅇ','ㅁㄴㅇ',1003,to_date('24/11/15','RR/MM/DD'),null,to_date('24/11/15','RR/MM/DD'),'n');
Insert into TBL_EDOC_SAMPLE (SAMPLE_NO,SAMPLE_DOT_CODE,SAMPLE_DESC,EMP_NO,CREATE_DATE,MODIFIER,MODIFT_DATE,USE_YN) values (1051,'ㅁㄴㅇ','ㅁㄴㅇ',1003,to_date('24/11/15','RR/MM/DD'),null,to_date('24/11/15','RR/MM/DD'),'n');
Insert into TBL_EDOC_SAMPLE (SAMPLE_NO,SAMPLE_DOT_CODE,SAMPLE_DESC,EMP_NO,CREATE_DATE,MODIFIER,MODIFT_DATE,USE_YN) values (1052,'ㅁㄴㅇ','ㅁㄴㅇ',1003,to_date('24/11/15','RR/MM/DD'),null,to_date('24/11/15','RR/MM/DD'),'n');
Insert into TBL_EDOC_SAMPLE (SAMPLE_NO,SAMPLE_DOT_CODE,SAMPLE_DESC,EMP_NO,CREATE_DATE,MODIFIER,MODIFT_DATE,USE_YN) values (1053,'ㅁㄴㅇ','ㅁㄴㅇ',1003,to_date('24/11/15','RR/MM/DD'),null,to_date('24/11/15','RR/MM/DD'),'n');
Insert into TBL_EDOC_SAMPLE (SAMPLE_NO,SAMPLE_DOT_CODE,SAMPLE_DESC,EMP_NO,CREATE_DATE,MODIFIER,MODIFT_DATE,USE_YN) values (1054,'ㅁㄴㅇ','ㅁㄴㅇ',1003,to_date('24/11/15','RR/MM/DD'),null,to_date('24/11/15','RR/MM/DD'),'n');
Insert into TBL_EDOC_SAMPLE (SAMPLE_NO,SAMPLE_DOT_CODE,SAMPLE_DESC,EMP_NO,CREATE_DATE,MODIFIER,MODIFT_DATE,USE_YN) values (1055,'ㅁㄴㅇ','ㅁㄴㅇ',1003,to_date('24/11/15','RR/MM/DD'),null,to_date('24/11/15','RR/MM/DD'),'n');
Insert into TBL_EDOC_SAMPLE (SAMPLE_NO,SAMPLE_DOT_CODE,SAMPLE_DESC,EMP_NO,CREATE_DATE,MODIFIER,MODIFT_DATE,USE_YN) values (1056,'ㅁㄴㅇ','ㅁㄴㅇ',1003,to_date('24/11/15','RR/MM/DD'),null,to_date('24/11/15','RR/MM/DD'),'n');
Insert into TBL_EDOC_SAMPLE (SAMPLE_NO,SAMPLE_DOT_CODE,SAMPLE_DESC,EMP_NO,CREATE_DATE,MODIFIER,MODIFT_DATE,USE_YN) values (1057,'ㅁㄴㅇ','ㅁㄴㅇ',1003,to_date('24/11/15','RR/MM/DD'),null,to_date('24/11/15','RR/MM/DD'),'n');
Insert into TBL_EDOC_SAMPLE (SAMPLE_NO,SAMPLE_DOT_CODE,SAMPLE_DESC,EMP_NO,CREATE_DATE,MODIFIER,MODIFT_DATE,USE_YN) values (1058,'ㅁㄴㅇ','ㅁㄴㅇ',1003,to_date('24/11/15','RR/MM/DD'),null,to_date('24/11/15','RR/MM/DD'),'n');
Insert into TBL_EDOC_SAMPLE (SAMPLE_NO,SAMPLE_DOT_CODE,SAMPLE_DESC,EMP_NO,CREATE_DATE,MODIFIER,MODIFT_DATE,USE_YN) values (1059,'ㅁㄴㅇ','ㅁㄴㅇ',1003,to_date('24/11/15','RR/MM/DD'),null,to_date('24/11/15','RR/MM/DD'),'n');
Insert into TBL_EDOC_SAMPLE (SAMPLE_NO,SAMPLE_DOT_CODE,SAMPLE_DESC,EMP_NO,CREATE_DATE,MODIFIER,MODIFT_DATE,USE_YN) values (1060,'ㅁㄴㅇ','ㅁㄴㅇ',1003,to_date('24/11/15','RR/MM/DD'),null,to_date('24/11/15','RR/MM/DD'),'n');
Insert into TBL_EDOC_SAMPLE (SAMPLE_NO,SAMPLE_DOT_CODE,SAMPLE_DESC,EMP_NO,CREATE_DATE,MODIFIER,MODIFT_DATE,USE_YN) values (1061,'ㅁㄴㅇ','ㅁㄴㅇ',1003,to_date('24/11/15','RR/MM/DD'),null,to_date('24/11/15','RR/MM/DD'),'n');
Insert into TBL_EDOC_SAMPLE (SAMPLE_NO,SAMPLE_DOT_CODE,SAMPLE_DESC,EMP_NO,CREATE_DATE,MODIFIER,MODIFT_DATE,USE_YN) values (1062,'ㅁㄴㅇ','ㅁㄴㅇ',1003,to_date('24/11/15','RR/MM/DD'),null,to_date('24/11/15','RR/MM/DD'),'n');
Insert into TBL_EDOC_SAMPLE (SAMPLE_NO,SAMPLE_DOT_CODE,SAMPLE_DESC,EMP_NO,CREATE_DATE,MODIFIER,MODIFT_DATE,USE_YN) values (1063,'ㅁㄴㅇ','ㅁㄴㅇ',1003,to_date('24/11/15','RR/MM/DD'),null,to_date('24/11/15','RR/MM/DD'),'n');
Insert into TBL_EDOC_SAMPLE (SAMPLE_NO,SAMPLE_DOT_CODE,SAMPLE_DESC,EMP_NO,CREATE_DATE,MODIFIER,MODIFT_DATE,USE_YN) values (1064,'ㅁㄴㅇ','ㅁㄴㅇ',1003,to_date('24/11/15','RR/MM/DD'),null,to_date('24/11/15','RR/MM/DD'),'n');
Insert into TBL_EDOC_SAMPLE (SAMPLE_NO,SAMPLE_DOT_CODE,SAMPLE_DESC,EMP_NO,CREATE_DATE,MODIFIER,MODIFT_DATE,USE_YN) values (1065,'ㅁㄴㅇ','ㅁㄴㅇ',1003,to_date('24/11/15','RR/MM/DD'),null,to_date('24/11/15','RR/MM/DD'),'n');
Insert into TBL_EDOC_SAMPLE (SAMPLE_NO,SAMPLE_DOT_CODE,SAMPLE_DESC,EMP_NO,CREATE_DATE,MODIFIER,MODIFT_DATE,USE_YN) values (1066,'ㅁㄴㅇ','ㅁㄴㅇ',1003,to_date('24/11/15','RR/MM/DD'),null,to_date('24/11/15','RR/MM/DD'),'n');
Insert into TBL_EDOC_SAMPLE (SAMPLE_NO,SAMPLE_DOT_CODE,SAMPLE_DESC,EMP_NO,CREATE_DATE,MODIFIER,MODIFT_DATE,USE_YN) values (1067,'ㅁㄴㅇ','ㅁㄴㅇ',1003,to_date('24/11/15','RR/MM/DD'),null,to_date('24/11/15','RR/MM/DD'),'n');
Insert into TBL_EDOC_SAMPLE (SAMPLE_NO,SAMPLE_DOT_CODE,SAMPLE_DESC,EMP_NO,CREATE_DATE,MODIFIER,MODIFT_DATE,USE_YN) values (1068,'ㅁㄴㅇ','ㅁㄴㅇ',1003,to_date('24/11/15','RR/MM/DD'),null,to_date('24/11/15','RR/MM/DD'),'n');
Insert into TBL_EDOC_SAMPLE (SAMPLE_NO,SAMPLE_DOT_CODE,SAMPLE_DESC,EMP_NO,CREATE_DATE,MODIFIER,MODIFT_DATE,USE_YN) values (1069,'ㅁㄴㅇ','ㅁㄴㅇ',1003,to_date('24/11/15','RR/MM/DD'),null,to_date('24/11/15','RR/MM/DD'),'n');
Insert into TBL_EDOC_SAMPLE (SAMPLE_NO,SAMPLE_DOT_CODE,SAMPLE_DESC,EMP_NO,CREATE_DATE,MODIFIER,MODIFT_DATE,USE_YN) values (1070,'ㅁㄴㅇ','ㅁㄴㅇ',1003,to_date('24/11/15','RR/MM/DD'),null,to_date('24/11/15','RR/MM/DD'),'n');
Insert into TBL_EDOC_SAMPLE (SAMPLE_NO,SAMPLE_DOT_CODE,SAMPLE_DESC,EMP_NO,CREATE_DATE,MODIFIER,MODIFT_DATE,USE_YN) values (1071,'ㅁㄴㅇ','ㅁㄴㅇ',1003,to_date('24/11/15','RR/MM/DD'),null,to_date('24/11/15','RR/MM/DD'),'n');
Insert into TBL_EDOC_SAMPLE (SAMPLE_NO,SAMPLE_DOT_CODE,SAMPLE_DESC,EMP_NO,CREATE_DATE,MODIFIER,MODIFT_DATE,USE_YN) values (1072,'ㅁㄴㅇ','ㅁㄴㅇ',1003,to_date('24/11/15','RR/MM/DD'),null,to_date('24/11/15','RR/MM/DD'),'n');
Insert into TBL_EDOC_SAMPLE (SAMPLE_NO,SAMPLE_DOT_CODE,SAMPLE_DESC,EMP_NO,CREATE_DATE,MODIFIER,MODIFT_DATE,USE_YN) values (1073,'ㅁㄴㅇ','ㅁㄴㅇ',1003,to_date('24/11/15','RR/MM/DD'),null,to_date('24/11/15','RR/MM/DD'),'n');
Insert into TBL_EDOC_SAMPLE (SAMPLE_NO,SAMPLE_DOT_CODE,SAMPLE_DESC,EMP_NO,CREATE_DATE,MODIFIER,MODIFT_DATE,USE_YN) values (1074,'ㅁㄴㅇ','ㅁㄴㅇ',1003,to_date('24/11/15','RR/MM/DD'),null,to_date('24/11/15','RR/MM/DD'),'n');
Insert into TBL_EDOC_SAMPLE (SAMPLE_NO,SAMPLE_DOT_CODE,SAMPLE_DESC,EMP_NO,CREATE_DATE,MODIFIER,MODIFT_DATE,USE_YN) values (1075,'ㅁㄴㅇ','ㅁㄴㅇ',1003,to_date('24/11/15','RR/MM/DD'),null,to_date('24/11/15','RR/MM/DD'),'n');
Insert into TBL_EDOC_SAMPLE (SAMPLE_NO,SAMPLE_DOT_CODE,SAMPLE_DESC,EMP_NO,CREATE_DATE,MODIFIER,MODIFT_DATE,USE_YN) values (1076,'ㅁㄴㅇ','ㅁㄴㅇ',1003,to_date('24/11/15','RR/MM/DD'),null,to_date('24/11/15','RR/MM/DD'),'n');
Insert into TBL_EDOC_SAMPLE (SAMPLE_NO,SAMPLE_DOT_CODE,SAMPLE_DESC,EMP_NO,CREATE_DATE,MODIFIER,MODIFT_DATE,USE_YN) values (1077,'ㅁㄴㅇ','ㅁㄴㅇ',1003,to_date('24/11/15','RR/MM/DD'),null,to_date('24/11/15','RR/MM/DD'),'n');
Insert into TBL_EDOC_SAMPLE (SAMPLE_NO,SAMPLE_DOT_CODE,SAMPLE_DESC,EMP_NO,CREATE_DATE,MODIFIER,MODIFT_DATE,USE_YN) values (1078,'ㅁㄴㅇ','ㅁㄴㅇ',1003,to_date('24/11/15','RR/MM/DD'),null,to_date('24/11/15','RR/MM/DD'),'n');
Insert into TBL_EDOC_SAMPLE (SAMPLE_NO,SAMPLE_DOT_CODE,SAMPLE_DESC,EMP_NO,CREATE_DATE,MODIFIER,MODIFT_DATE,USE_YN) values (1079,'ㅁㄴㅇ','ㅁㄴㅇ',1003,to_date('24/11/15','RR/MM/DD'),null,to_date('24/11/15','RR/MM/DD'),'n');
Insert into TBL_EDOC_SAMPLE (SAMPLE_NO,SAMPLE_DOT_CODE,SAMPLE_DESC,EMP_NO,CREATE_DATE,MODIFIER,MODIFT_DATE,USE_YN) values (1080,'ㅁㄴㅇ','ㅁㄴㅇ',1003,to_date('24/11/15','RR/MM/DD'),null,to_date('24/11/15','RR/MM/DD'),'n');
Insert into TBL_EDOC_SAMPLE (SAMPLE_NO,SAMPLE_DOT_CODE,SAMPLE_DESC,EMP_NO,CREATE_DATE,MODIFIER,MODIFT_DATE,USE_YN) values (1081,'ㅁㄴㅇ','ㅁㄴㅇ',1003,to_date('24/11/15','RR/MM/DD'),null,to_date('24/11/15','RR/MM/DD'),'n');
Insert into TBL_EDOC_SAMPLE (SAMPLE_NO,SAMPLE_DOT_CODE,SAMPLE_DESC,EMP_NO,CREATE_DATE,MODIFIER,MODIFT_DATE,USE_YN) values (1082,'asd','asd',1003,to_date('24/11/15','RR/MM/DD'),null,to_date('24/11/15','RR/MM/DD'),'n');
Insert into TBL_EDOC_SAMPLE (SAMPLE_NO,SAMPLE_DOT_CODE,SAMPLE_DESC,EMP_NO,CREATE_DATE,MODIFIER,MODIFT_DATE,USE_YN) values (1083,'asd','asd',1003,to_date('24/11/15','RR/MM/DD'),null,to_date('24/11/15','RR/MM/DD'),'n');
Insert into TBL_EDOC_SAMPLE (SAMPLE_NO,SAMPLE_DOT_CODE,SAMPLE_DESC,EMP_NO,CREATE_DATE,MODIFIER,MODIFT_DATE,USE_YN) values (1084,'asd','asd',1003,to_date('24/11/15','RR/MM/DD'),null,to_date('24/11/15','RR/MM/DD'),'n');
Insert into TBL_EDOC_SAMPLE (SAMPLE_NO,SAMPLE_DOT_CODE,SAMPLE_DESC,EMP_NO,CREATE_DATE,MODIFIER,MODIFT_DATE,USE_YN) values (1085,'asd','sda',1003,to_date('24/11/15','RR/MM/DD'),null,to_date('24/11/15','RR/MM/DD'),'n');
Insert into TBL_EDOC_SAMPLE (SAMPLE_NO,SAMPLE_DOT_CODE,SAMPLE_DESC,EMP_NO,CREATE_DATE,MODIFIER,MODIFT_DATE,USE_YN) values (1086,'asd','sad',1003,to_date('24/11/15','RR/MM/DD'),null,to_date('24/11/15','RR/MM/DD'),'Y');
Insert into TBL_EDOC_SAMPLE (SAMPLE_NO,SAMPLE_DOT_CODE,SAMPLE_DESC,EMP_NO,CREATE_DATE,MODIFIER,MODIFT_DATE,USE_YN) values (1087,'sad','sda',1003,to_date('24/11/15','RR/MM/DD'),null,to_date('24/11/15','RR/MM/DD'),'n');
Insert into TBL_EDOC_SAMPLE (SAMPLE_NO,SAMPLE_DOT_CODE,SAMPLE_DESC,EMP_NO,CREATE_DATE,MODIFIER,MODIFT_DATE,USE_YN) values (1088,'sad','sda',1003,to_date('24/11/15','RR/MM/DD'),null,to_date('24/11/15','RR/MM/DD'),'n');
Insert into TBL_EDOC_SAMPLE (SAMPLE_NO,SAMPLE_DOT_CODE,SAMPLE_DESC,EMP_NO,CREATE_DATE,MODIFIER,MODIFT_DATE,USE_YN) values (1089,'asd','asd',1003,to_date('24/11/15','RR/MM/DD'),null,to_date('24/11/15','RR/MM/DD'),'n');
Insert into TBL_EDOC_SAMPLE (SAMPLE_NO,SAMPLE_DOT_CODE,SAMPLE_DESC,EMP_NO,CREATE_DATE,MODIFIER,MODIFT_DATE,USE_YN) values (1090,'asd','asd',1003,to_date('24/11/15','RR/MM/DD'),null,to_date('24/11/15','RR/MM/DD'),'n');
Insert into TBL_EDOC_SAMPLE (SAMPLE_NO,SAMPLE_DOT_CODE,SAMPLE_DESC,EMP_NO,CREATE_DATE,MODIFIER,MODIFT_DATE,USE_YN) values (1091,'asd','sad',1003,to_date('24/11/15','RR/MM/DD'),null,to_date('24/11/15','RR/MM/DD'),'n');
Insert into TBL_EDOC_SAMPLE (SAMPLE_NO,SAMPLE_DOT_CODE,SAMPLE_DESC,EMP_NO,CREATE_DATE,MODIFIER,MODIFT_DATE,USE_YN) values (1092,'asd','sda',1003,to_date('24/11/15','RR/MM/DD'),null,to_date('24/11/15','RR/MM/DD'),'n');
Insert into TBL_EDOC_SAMPLE (SAMPLE_NO,SAMPLE_DOT_CODE,SAMPLE_DESC,EMP_NO,CREATE_DATE,MODIFIER,MODIFT_DATE,USE_YN) values (1093,'asd','asd',1003,to_date('24/11/15','RR/MM/DD'),null,to_date('24/11/15','RR/MM/DD'),'n');
Insert into TBL_EDOC_SAMPLE (SAMPLE_NO,SAMPLE_DOT_CODE,SAMPLE_DESC,EMP_NO,CREATE_DATE,MODIFIER,MODIFT_DATE,USE_YN) values (1094,'asd','sda',1003,to_date('24/11/15','RR/MM/DD'),null,to_date('24/11/15','RR/MM/DD'),'n');
Insert into TBL_EDOC_SAMPLE (SAMPLE_NO,SAMPLE_DOT_CODE,SAMPLE_DESC,EMP_NO,CREATE_DATE,MODIFIER,MODIFT_DATE,USE_YN) values (1095,'asd','dsa',1003,to_date('24/11/15','RR/MM/DD'),null,to_date('24/11/15','RR/MM/DD'),'n');
Insert into TBL_EDOC_SAMPLE (SAMPLE_NO,SAMPLE_DOT_CODE,SAMPLE_DESC,EMP_NO,CREATE_DATE,MODIFIER,MODIFT_DATE,USE_YN) values (1096,'asd','asd',1003,to_date('24/11/15','RR/MM/DD'),null,to_date('24/11/15','RR/MM/DD'),'n');
Insert into TBL_EDOC_SAMPLE (SAMPLE_NO,SAMPLE_DOT_CODE,SAMPLE_DESC,EMP_NO,CREATE_DATE,MODIFIER,MODIFT_DATE,USE_YN) values (1097,'asd','asd',1003,to_date('24/11/15','RR/MM/DD'),null,to_date('24/11/15','RR/MM/DD'),'n');
Insert into TBL_EDOC_SAMPLE (SAMPLE_NO,SAMPLE_DOT_CODE,SAMPLE_DESC,EMP_NO,CREATE_DATE,MODIFIER,MODIFT_DATE,USE_YN) values (1098,'asd','asd',1003,to_date('24/11/15','RR/MM/DD'),null,to_date('24/11/15','RR/MM/DD'),'n');
Insert into TBL_EDOC_SAMPLE (SAMPLE_NO,SAMPLE_DOT_CODE,SAMPLE_DESC,EMP_NO,CREATE_DATE,MODIFIER,MODIFT_DATE,USE_YN) values (1099,'sad','sad',1003,to_date('24/11/15','RR/MM/DD'),null,to_date('24/11/15','RR/MM/DD'),'n');
Insert into TBL_EDOC_SAMPLE (SAMPLE_NO,SAMPLE_DOT_CODE,SAMPLE_DESC,EMP_NO,CREATE_DATE,MODIFIER,MODIFT_DATE,USE_YN) values (1100,'??????????','???????????????????????????????',1003,to_date('24/11/15','RR/MM/DD'),null,to_date('24/11/15','RR/MM/DD'),'n');
Insert into TBL_EDOC_SAMPLE (SAMPLE_NO,SAMPLE_DOT_CODE,SAMPLE_DESC,EMP_NO,CREATE_DATE,MODIFIER,MODIFT_DATE,USE_YN) values (1101,'ㅁㄴㅇ','ㅁㄴㅇ',1003,to_date('24/11/15','RR/MM/DD'),null,to_date('24/11/15','RR/MM/DD'),'Y');
Insert into TBL_EDOC_SAMPLE (SAMPLE_NO,SAMPLE_DOT_CODE,SAMPLE_DESC,EMP_NO,CREATE_DATE,MODIFIER,MODIFT_DATE,USE_YN) values (1102,'ㄴㅁㅇ','ㄴㅁㅇ',1003,to_date('24/11/15','RR/MM/DD'),null,to_date('24/11/15','RR/MM/DD'),'n');
Insert into TBL_EDOC_SAMPLE (SAMPLE_NO,SAMPLE_DOT_CODE,SAMPLE_DESC,EMP_NO,CREATE_DATE,MODIFIER,MODIFT_DATE,USE_YN) values (1103,'ㅁㄴㅇ','ㅁㄴㅇ',1003,to_date('24/11/15','RR/MM/DD'),null,to_date('24/11/15','RR/MM/DD'),'n');
Insert into TBL_EDOC_SAMPLE (SAMPLE_NO,SAMPLE_DOT_CODE,SAMPLE_DESC,EMP_NO,CREATE_DATE,MODIFIER,MODIFT_DATE,USE_YN) values (1104,'ㅁㄴㅇ','ㅁㄴㅇ',1003,to_date('24/11/15','RR/MM/DD'),null,to_date('24/11/15','RR/MM/DD'),'n');
Insert into TBL_EDOC_SAMPLE (SAMPLE_NO,SAMPLE_DOT_CODE,SAMPLE_DESC,EMP_NO,CREATE_DATE,MODIFIER,MODIFT_DATE,USE_YN) values (1105,'asd','asd',1001,to_date('24/11/18','RR/MM/DD'),null,to_date('24/11/18','RR/MM/DD'),'Y');
Insert into TBL_EDOC_SAMPLE (SAMPLE_NO,SAMPLE_DOT_CODE,SAMPLE_DESC,EMP_NO,CREATE_DATE,MODIFIER,MODIFT_DATE,USE_YN) values (1106,'asd','asd',1001,to_date('24/11/18','RR/MM/DD'),null,to_date('24/11/18','RR/MM/DD'),'Y');
Insert into TBL_EDOC_SAMPLE (SAMPLE_NO,SAMPLE_DOT_CODE,SAMPLE_DESC,EMP_NO,CREATE_DATE,MODIFIER,MODIFT_DATE,USE_YN) values (1107,'asd','asd',1001,to_date('24/11/18','RR/MM/DD'),null,to_date('24/11/18','RR/MM/DD'),'Y');
Insert into TBL_EDOC_SAMPLE (SAMPLE_NO,SAMPLE_DOT_CODE,SAMPLE_DESC,EMP_NO,CREATE_DATE,MODIFIER,MODIFT_DATE,USE_YN) values (1108,'ㅁㄴㅇ','ㅁㄴㅇ',1001,to_date('24/11/18','RR/MM/DD'),null,to_date('24/11/18','RR/MM/DD'),'Y');
Insert into TBL_EDOC_SAMPLE (SAMPLE_NO,SAMPLE_DOT_CODE,SAMPLE_DESC,EMP_NO,CREATE_DATE,MODIFIER,MODIFT_DATE,USE_YN) values (1109,'asd','asd',1001,to_date('24/11/18','RR/MM/DD'),null,to_date('24/11/18','RR/MM/DD'),'Y');
Insert into TBL_EDOC_SAMPLE (SAMPLE_NO,SAMPLE_DOT_CODE,SAMPLE_DESC,EMP_NO,CREATE_DATE,MODIFIER,MODIFT_DATE,USE_YN) values (1110,'휴가','휴가 양식서입니다.',1001,to_date('24/11/18','RR/MM/DD'),null,to_date('24/11/18','RR/MM/DD'),'Y');
Insert into TBL_EDOC_SAMPLE (SAMPLE_NO,SAMPLE_DOT_CODE,SAMPLE_DESC,EMP_NO,CREATE_DATE,MODIFIER,MODIFT_DATE,USE_YN) values (1111,'양식테스트','양식테스트설명',1001,to_date('24/11/20','RR/MM/DD'),null,to_date('24/11/20','RR/MM/DD'),'Y');
Insert into TBL_EDOC_SAMPLE (SAMPLE_NO,SAMPLE_DOT_CODE,SAMPLE_DESC,EMP_NO,CREATE_DATE,MODIFIER,MODIFT_DATE,USE_YN) values (1112,'adsdsasda','sdasdasda',1001,to_date('24/11/22','RR/MM/DD'),null,to_date('24/11/22','RR/MM/DD'),'Y');
REM INSERTING into TBL_EMPLOYEE
SET DEFINE OFF;
Insert into TBL_EMPLOYEE (EMP_NO,EMP_NAME,EMP_GENDER,EMP_BIRTH,EMP_PHONE,EMP_EMAIL,EMP_ADDRESS,EMP_EMPLOYMENT,EMP_DETAILADDRESS,EMP_POSTCODE,EMP_PASSWORD,EMP_AUTH,EMP_RANK,EMP_PROFILE,DEPT_CODE,CREATE_DATE,MODIFY_DATE,CREATER,MODIFIER,USE_YN,AC_NO,AC_BANK) values (1001,'정준수','M','1998-01-11','010-5195-3422','junsuking@gmail.com','서울 강서구 강서로41길 70','Y','시그니엘 101층','07710','1234','PS002','RK002','https://i.ibb.co/ThPF95Q/EMPLOYEE-0.jpg','D001',to_date('24/11/14','RR/MM/DD'),to_date('24/11/14','RR/MM/DD'),1,1,'Y','123-156-159012','하나은행');
Insert into TBL_EMPLOYEE (EMP_NO,EMP_NAME,EMP_GENDER,EMP_BIRTH,EMP_PHONE,EMP_EMAIL,EMP_ADDRESS,EMP_EMPLOYMENT,EMP_DETAILADDRESS,EMP_POSTCODE,EMP_PASSWORD,EMP_AUTH,EMP_RANK,EMP_PROFILE,DEPT_CODE,CREATE_DATE,MODIFY_DATE,CREATER,MODIFIER,USE_YN,AC_NO,AC_BANK) values (1002,'천예찬','M','1985-01-01','010-1234-5678','yechan9981@naver.com','서울시 강남구','Y','서울특별시 강남구 테헤란로 123','06123','1234','PS001','RK001','https://i.ibb.co/2659g1K/employee2-jpg.png','D014',to_date('24/11/14','RR/MM/DD'),to_date('24/11/14','RR/MM/DD'),1003,1003,'Y','123-456-789012','하나은행');
Insert into TBL_EMPLOYEE (EMP_NO,EMP_NAME,EMP_GENDER,EMP_BIRTH,EMP_PHONE,EMP_EMAIL,EMP_ADDRESS,EMP_EMPLOYMENT,EMP_DETAILADDRESS,EMP_POSTCODE,EMP_PASSWORD,EMP_AUTH,EMP_RANK,EMP_PROFILE,DEPT_CODE,CREATE_DATE,MODIFY_DATE,CREATER,MODIFIER,USE_YN,AC_NO,AC_BANK) values (1003,'김예진','F','1990-05-20','010-2345-3123','kimyj@gmail.coNc','서울시 송파구','Y','서울시 송파구 가락로 456','05892','3333','PS003','RK003','https://i.ibb.co/QKnwCkL/employee1-jpg.png','D008',to_date('24/11/14','RR/MM/DD'),to_date('24/11/14','RR/MM/DD'),1001,1001,'Y','987-654-321098','국민은행');
Insert into TBL_EMPLOYEE (EMP_NO,EMP_NAME,EMP_GENDER,EMP_BIRTH,EMP_PHONE,EMP_EMAIL,EMP_ADDRESS,EMP_EMPLOYMENT,EMP_DETAILADDRESS,EMP_POSTCODE,EMP_PASSWORD,EMP_AUTH,EMP_RANK,EMP_PROFILE,DEPT_CODE,CREATE_DATE,MODIFY_DATE,CREATER,MODIFIER,USE_YN,AC_NO,AC_BANK) values (1004,'박지영','F','1988-07-15','010-3456-7890','parkjiyeong@example.com','서울시 강서구','Y','서울시 강서구 화곡로 789','07756','password789','PS004','RK005','https://i.ibb.co/kh5dTCt/employee3-jpg.png','D007',to_date('24/11/14','RR/MM/DD'),to_date('24/11/14','RR/MM/DD'),1003,1003,'Y','345-678-901234','우리은행');
Insert into TBL_EMPLOYEE (EMP_NO,EMP_NAME,EMP_GENDER,EMP_BIRTH,EMP_PHONE,EMP_EMAIL,EMP_ADDRESS,EMP_EMPLOYMENT,EMP_DETAILADDRESS,EMP_POSTCODE,EMP_PASSWORD,EMP_AUTH,EMP_RANK,EMP_PROFILE,DEPT_CODE,CREATE_DATE,MODIFY_DATE,CREATER,MODIFIER,USE_YN,AC_NO,AC_BANK) values (1005,'이민호','M','1992-12-05','010-4567-8901','leeminho@example.com','서울시 마포구','Y','서울시 마포구 월드컵로 234','04123','password101','PS004','RK007','https://i.ibb.co/q5m5FGK/employee5-jpg.png','D009',to_date('24/11/14','RR/MM/DD'),to_date('24/11/14','RR/MM/DD'),1003,1003,'Y','567-890-123456','신한은행');
Insert into TBL_EMPLOYEE (EMP_NO,EMP_NAME,EMP_GENDER,EMP_BIRTH,EMP_PHONE,EMP_EMAIL,EMP_ADDRESS,EMP_EMPLOYMENT,EMP_DETAILADDRESS,EMP_POSTCODE,EMP_PASSWORD,EMP_AUTH,EMP_RANK,EMP_PROFILE,DEPT_CODE,CREATE_DATE,MODIFY_DATE,CREATER,MODIFIER,USE_YN,AC_NO,AC_BANK) values (1006,'최지은','F','1995-02-14','010-5678-9012','choijieun@example.com','서울시 동대문구','Y','서울시 동대문구 회기동 123','04567','password112','PS004','RK004','https://i.ibb.co/bHY588j/employee4-jpg.png','D010',to_date('24/11/14','RR/MM/DD'),to_date('24/11/14','RR/MM/DD'),1003,1003,'Y','678-901-234567','기업은행');
Insert into TBL_EMPLOYEE (EMP_NO,EMP_NAME,EMP_GENDER,EMP_BIRTH,EMP_PHONE,EMP_EMAIL,EMP_ADDRESS,EMP_EMPLOYMENT,EMP_DETAILADDRESS,EMP_POSTCODE,EMP_PASSWORD,EMP_AUTH,EMP_RANK,EMP_PROFILE,DEPT_CODE,CREATE_DATE,MODIFY_DATE,CREATER,MODIFIER,USE_YN,AC_NO,AC_BANK) values (1007,'김수현','M','1993-08-19','010-6789-0123','kimsuhyun@example.com','서울시 강동구','Y','서울시 강동구 천호대로 890','05345','password134','PS004','RK006','https://i.ibb.co/gJqqfM7/employee10-jpg.png','D007',to_date('24/11/14','RR/MM/DD'),to_date('24/11/14','RR/MM/DD'),1001,1001,'Y','789-012-345678','농협은행');
Insert into TBL_EMPLOYEE (EMP_NO,EMP_NAME,EMP_GENDER,EMP_BIRTH,EMP_PHONE,EMP_EMAIL,EMP_ADDRESS,EMP_EMPLOYMENT,EMP_DETAILADDRESS,EMP_POSTCODE,EMP_PASSWORD,EMP_AUTH,EMP_RANK,EMP_PROFILE,DEPT_CODE,CREATE_DATE,MODIFY_DATE,CREATER,MODIFIER,USE_YN,AC_NO,AC_BANK) values (1008,'정유진','F','1989-11-22','010-7890-1234','jeongyujin@example.com','서울시 관악구','Y','서울시 관악구 신림로 345','05434','password145','PS004','RK005','https://i.ibb.co/zH54rC6/employee6-jpg.png','D011',to_date('24/11/14','RR/MM/DD'),to_date('24/11/14','RR/MM/DD'),1003,1003,'Y','890-123-456789','씨티은행');
Insert into TBL_EMPLOYEE (EMP_NO,EMP_NAME,EMP_GENDER,EMP_BIRTH,EMP_PHONE,EMP_EMAIL,EMP_ADDRESS,EMP_EMPLOYMENT,EMP_DETAILADDRESS,EMP_POSTCODE,EMP_PASSWORD,EMP_AUTH,EMP_RANK,EMP_PROFILE,DEPT_CODE,CREATE_DATE,MODIFY_DATE,CREATER,MODIFIER,USE_YN,AC_NO,AC_BANK) values (1009,'임정훈','M','1994-03-28','010-8901-2345','limjeonghoon@example.com','서울시 서대문구','Y','서울시 서대문구 창천동 456','07012','password156','PS004','RK004','https://i.ibb.co/zn7xnyT/employee7-jpg.png','D012',to_date('24/11/14','RR/MM/DD'),to_date('24/11/14','RR/MM/DD'),1003,1003,'Y','901-234-567890','KEB하나은행');
Insert into TBL_EMPLOYEE (EMP_NO,EMP_NAME,EMP_GENDER,EMP_BIRTH,EMP_PHONE,EMP_EMAIL,EMP_ADDRESS,EMP_EMPLOYMENT,EMP_DETAILADDRESS,EMP_POSTCODE,EMP_PASSWORD,EMP_AUTH,EMP_RANK,EMP_PROFILE,DEPT_CODE,CREATE_DATE,MODIFY_DATE,CREATER,MODIFIER,USE_YN,AC_NO,AC_BANK) values (1010,'하지민','F','1991-06-10','010-9012-3456','hajinsu@example.com','서울시 노원구','Y','서울시 노원구 상계동 567','06998','12311231','PS005','RK004','https://i.ibb.co/z8XgkSD/employee8-jpg.png','D016',to_date('24/11/14','RR/MM/DD'),to_date('24/11/14','RR/MM/DD'),1003,1003,'Y','012-345-678901','하나은행');
Insert into TBL_EMPLOYEE (EMP_NO,EMP_NAME,EMP_GENDER,EMP_BIRTH,EMP_PHONE,EMP_EMAIL,EMP_ADDRESS,EMP_EMPLOYMENT,EMP_DETAILADDRESS,EMP_POSTCODE,EMP_PASSWORD,EMP_AUTH,EMP_RANK,EMP_PROFILE,DEPT_CODE,CREATE_DATE,MODIFY_DATE,CREATER,MODIFIER,USE_YN,AC_NO,AC_BANK) values (1011,'윤서연','F','1996-07-25','010-0123-4567','yunseoyeon@example.com','서울시 영등포구','Y','서울시 영등포구 당산동 789','07321','password178','PS004','RK004','https://i.ibb.co/S5yw0zj/employee9-jpg.png','D013',to_date('24/11/14','RR/MM/DD'),to_date('24/11/14','RR/MM/DD'),1003,1003,'Y','234-567-890123','우리은행');
Insert into TBL_EMPLOYEE (EMP_NO,EMP_NAME,EMP_GENDER,EMP_BIRTH,EMP_PHONE,EMP_EMAIL,EMP_ADDRESS,EMP_EMPLOYMENT,EMP_DETAILADDRESS,EMP_POSTCODE,EMP_PASSWORD,EMP_AUTH,EMP_RANK,EMP_PROFILE,DEPT_CODE,CREATE_DATE,MODIFY_DATE,CREATER,MODIFIER,USE_YN,AC_NO,AC_BANK) values (1012,'홍길동','M','1980-04-14','010-2345-6789','honggildong@example.com','서울시 강남구','Y','서울시 강남구 역삼동 234','06123','password199','PS004','RK004','https://i.ibb.co/hF1Kr7N/employee11-jpg.png','D014',to_date('24/11/14','RR/MM/DD'),to_date('24/11/14','RR/MM/DD'),1003,1003,'Y','111-222-333444','국민은행');
Insert into TBL_EMPLOYEE (EMP_NO,EMP_NAME,EMP_GENDER,EMP_BIRTH,EMP_PHONE,EMP_EMAIL,EMP_ADDRESS,EMP_EMPLOYMENT,EMP_DETAILADDRESS,EMP_POSTCODE,EMP_PASSWORD,EMP_AUTH,EMP_RANK,EMP_PROFILE,DEPT_CODE,CREATE_DATE,MODIFY_DATE,CREATER,MODIFIER,USE_YN,AC_NO,AC_BANK) values (1013,'서정민','M','1986-11-10','010-4567-8901','seojeongmin@example.com','경기도 수원시','Y','경기도 수원시 영통구 567','04567','password200','PS004','RK005','https://i.ibb.co/9VzD9YT/employee12-jpg.png','D015',to_date('24/11/14','RR/MM/DD'),to_date('24/11/14','RR/MM/DD'),1003,1003,'Y','234-567-890123','농협은행');
Insert into TBL_EMPLOYEE (EMP_NO,EMP_NAME,EMP_GENDER,EMP_BIRTH,EMP_PHONE,EMP_EMAIL,EMP_ADDRESS,EMP_EMPLOYMENT,EMP_DETAILADDRESS,EMP_POSTCODE,EMP_PASSWORD,EMP_AUTH,EMP_RANK,EMP_PROFILE,DEPT_CODE,CREATE_DATE,MODIFY_DATE,CREATER,MODIFIER,USE_YN,AC_NO,AC_BANK) values (1014,'이윤아','F','1993-09-17','010-5678-9012','leejoonseo@example.com','서울시 서초구','Y','서울시 서초구 방배동 890','06234','password201','PS004','RK006','https://i.ibb.co/Fw5n5Cg/employee13-jpg.png','D007',to_date('24/11/14','RR/MM/DD'),to_date('24/11/14','RR/MM/DD'),1003,1003,'Y','345-678-901234','하나은행');
Insert into TBL_EMPLOYEE (EMP_NO,EMP_NAME,EMP_GENDER,EMP_BIRTH,EMP_PHONE,EMP_EMAIL,EMP_ADDRESS,EMP_EMPLOYMENT,EMP_DETAILADDRESS,EMP_POSTCODE,EMP_PASSWORD,EMP_AUTH,EMP_RANK,EMP_PROFILE,DEPT_CODE,CREATE_DATE,MODIFY_DATE,CREATER,MODIFIER,USE_YN,AC_NO,AC_BANK) values (1015,'김호진','M','1990-03-25','010-6789-0123','kimhojin@example.com','서울시 동대문구','Y','서울시 동대문구 답십리동 123','05678','password202','PS004','RK004','https://i.ibb.co/Tgy5F7g/employee14-jpg.png','D008',to_date('24/11/14','RR/MM/DD'),to_date('24/11/14','RR/MM/DD'),1003,1003,'Y','456-789-012345','씨티은행');
Insert into TBL_EMPLOYEE (EMP_NO,EMP_NAME,EMP_GENDER,EMP_BIRTH,EMP_PHONE,EMP_EMAIL,EMP_ADDRESS,EMP_EMPLOYMENT,EMP_DETAILADDRESS,EMP_POSTCODE,EMP_PASSWORD,EMP_AUTH,EMP_RANK,EMP_PROFILE,DEPT_CODE,CREATE_DATE,MODIFY_DATE,CREATER,MODIFIER,USE_YN,AC_NO,AC_BANK) values (1016,'정민지','F','1992-08-30','010-7890-1234','jeongminji@example.com','서울시 성북구','Y','서울시 성북구 길음동 345','06789','password203','PS005','RK004','https://i.ibb.co/rdXr3gC/employee15-jpg.png','D009',to_date('24/11/14','RR/MM/DD'),to_date('24/11/14','RR/MM/DD'),1003,1003,'Y','567-890-123456','우리은행');
Insert into TBL_EMPLOYEE (EMP_NO,EMP_NAME,EMP_GENDER,EMP_BIRTH,EMP_PHONE,EMP_EMAIL,EMP_ADDRESS,EMP_EMPLOYMENT,EMP_DETAILADDRESS,EMP_POSTCODE,EMP_PASSWORD,EMP_AUTH,EMP_RANK,EMP_PROFILE,DEPT_CODE,CREATE_DATE,MODIFY_DATE,CREATER,MODIFIER,USE_YN,AC_NO,AC_BANK) values (1017,'박지민','M','1991-05-05','010-8901-2345','parkjimin@example.com','서울시 영등포구','Y','서울시 영등포구 당산동 678','07543','password204','PS004','RK004','https://i.ibb.co/TgFVVxK/employee16-jpg.png','D010',to_date('24/11/14','RR/MM/DD'),to_date('24/11/14','RR/MM/DD'),1003,1003,'Y','678-901-234567','신한은행');
Insert into TBL_EMPLOYEE (EMP_NO,EMP_NAME,EMP_GENDER,EMP_BIRTH,EMP_PHONE,EMP_EMAIL,EMP_ADDRESS,EMP_EMPLOYMENT,EMP_DETAILADDRESS,EMP_POSTCODE,EMP_PASSWORD,EMP_AUTH,EMP_RANK,EMP_PROFILE,DEPT_CODE,CREATE_DATE,MODIFY_DATE,CREATER,MODIFIER,USE_YN,AC_NO,AC_BANK) values (1018,'김상훈','M','1987-12-22','010-9012-3456','kimsanghoon@example.com','서울시 강북구','Y','서울시 강북구 미아동 234','05934','password205','PS004','RK004','https://i.ibb.co/6np7M48/employee17-jpg.png','D011',to_date('24/11/14','RR/MM/DD'),to_date('24/11/14','RR/MM/DD'),1003,1003,'Y','789-012-345678','하나은행');
Insert into TBL_EMPLOYEE (EMP_NO,EMP_NAME,EMP_GENDER,EMP_BIRTH,EMP_PHONE,EMP_EMAIL,EMP_ADDRESS,EMP_EMPLOYMENT,EMP_DETAILADDRESS,EMP_POSTCODE,EMP_PASSWORD,EMP_AUTH,EMP_RANK,EMP_PROFILE,DEPT_CODE,CREATE_DATE,MODIFY_DATE,CREATER,MODIFIER,USE_YN,AC_NO,AC_BANK) values (1019,'이수연','F','1994-07-14','010-2345-6789','leesuyeon@example.com','서울시 용산구','Y','서울시 용산구 이태원동 890','08123','password206','PS004','RK004','https://i.ibb.co/Sv13Fym/employee18-jpg.png','D012',to_date('24/11/14','RR/MM/DD'),to_date('24/11/14','RR/MM/DD'),1003,1003,'Y','890-123-456789','기업은행');
Insert into TBL_EMPLOYEE (EMP_NO,EMP_NAME,EMP_GENDER,EMP_BIRTH,EMP_PHONE,EMP_EMAIL,EMP_ADDRESS,EMP_EMPLOYMENT,EMP_DETAILADDRESS,EMP_POSTCODE,EMP_PASSWORD,EMP_AUTH,EMP_RANK,EMP_PROFILE,DEPT_CODE,CREATE_DATE,MODIFY_DATE,CREATER,MODIFIER,USE_YN,AC_NO,AC_BANK) values (1020,'정민영','F','1993-01-30','010-5678-9012','jeongminyoung@example.com','서울시 구로구','Y','서울시 구로구 디지털로 123','06245','password207','PS004','RK004','https://i.ibb.co/KFqgGpB/employee19-jpg.png','D013',to_date('24/11/14','RR/MM/DD'),to_date('24/11/14','RR/MM/DD'),1003,1003,'Y','901-234-567890','KEB하나은행');
Insert into TBL_EMPLOYEE (EMP_NO,EMP_NAME,EMP_GENDER,EMP_BIRTH,EMP_PHONE,EMP_EMAIL,EMP_ADDRESS,EMP_EMPLOYMENT,EMP_DETAILADDRESS,EMP_POSTCODE,EMP_PASSWORD,EMP_AUTH,EMP_RANK,EMP_PROFILE,DEPT_CODE,CREATE_DATE,MODIFY_DATE,CREATER,MODIFIER,USE_YN,AC_NO,AC_BANK) values (1021,'오세영','M','1988-11-11','010-6789-0123','ohseyoung@example.com','서울시 종로구','Y','서울시 종로구 인사동 234','06783','password208','PS004','RK004','https://i.ibb.co/mFTjqpm/employee20-jpg.png','D014',to_date('24/11/14','RR/MM/DD'),to_date('24/11/14','RR/MM/DD'),1003,1003,'Y','012-345-678901','우리은행');
Insert into TBL_EMPLOYEE (EMP_NO,EMP_NAME,EMP_GENDER,EMP_BIRTH,EMP_PHONE,EMP_EMAIL,EMP_ADDRESS,EMP_EMPLOYMENT,EMP_DETAILADDRESS,EMP_POSTCODE,EMP_PASSWORD,EMP_AUTH,EMP_RANK,EMP_PROFILE,DEPT_CODE,CREATE_DATE,MODIFY_DATE,CREATER,MODIFIER,USE_YN,AC_NO,AC_BANK) values (1022,'김지은','F','1997-02-11','010-2345-6789','kimjieun@example.com','서울시 용산구','Y','서울시 용산구 한남동 123','04567','password209','PS004','RK004','https://i.ibb.co/5GtgbNY/employee21-jpg.png','D015',to_date('24/11/14','RR/MM/DD'),to_date('24/11/14','RR/MM/DD'),1003,1003,'Y','234-567-890123','농협은행');
Insert into TBL_EMPLOYEE (EMP_NO,EMP_NAME,EMP_GENDER,EMP_BIRTH,EMP_PHONE,EMP_EMAIL,EMP_ADDRESS,EMP_EMPLOYMENT,EMP_DETAILADDRESS,EMP_POSTCODE,EMP_PASSWORD,EMP_AUTH,EMP_RANK,EMP_PROFILE,DEPT_CODE,CREATE_DATE,MODIFY_DATE,CREATER,MODIFIER,USE_YN,AC_NO,AC_BANK) values (1023,'윤지훈','M','1992-01-18','010-3456-7890','yoonjihoon@example.com','서울시 마포구','Y','서울시 마포구 상암동 234','07234','password210','PS004','RK004','https://i.ibb.co/XjNrBhv/employee22-jpg.png','D007',to_date('24/11/14','RR/MM/DD'),to_date('24/11/14','RR/MM/DD'),1003,1003,'Y','345-678-901234','기업은행');
Insert into TBL_EMPLOYEE (EMP_NO,EMP_NAME,EMP_GENDER,EMP_BIRTH,EMP_PHONE,EMP_EMAIL,EMP_ADDRESS,EMP_EMPLOYMENT,EMP_DETAILADDRESS,EMP_POSTCODE,EMP_PASSWORD,EMP_AUTH,EMP_RANK,EMP_PROFILE,DEPT_CODE,CREATE_DATE,MODIFY_DATE,CREATER,MODIFIER,USE_YN,AC_NO,AC_BANK) values (1024,'박성훈','M','1989-08-15','010-5678-9012','parkseonghoon@example.com','서울시 강동구','Y','서울시 강동구 길동 567','08156','password211','PS004','RK004','https://i.ibb.co/xH3PLFh/employee23-jpg.png','D008',to_date('24/11/14','RR/MM/DD'),to_date('24/11/14','RR/MM/DD'),1003,1003,'Y','456-789-012345','신한은행');
Insert into TBL_EMPLOYEE (EMP_NO,EMP_NAME,EMP_GENDER,EMP_BIRTH,EMP_PHONE,EMP_EMAIL,EMP_ADDRESS,EMP_EMPLOYMENT,EMP_DETAILADDRESS,EMP_POSTCODE,EMP_PASSWORD,EMP_AUTH,EMP_RANK,EMP_PROFILE,DEPT_CODE,CREATE_DATE,MODIFY_DATE,CREATER,MODIFIER,USE_YN,AC_NO,AC_BANK) values (1025,'송유진','F','1994-09-22','010-6789-0123','songyujin@example.com','서울시 종로구','Y','서울시 종로구 삼청동 234','07212','password212','PS004','RK005','https://i.ibb.co/wyZtCLm/employee24-jpg.png','D009',to_date('24/11/14','RR/MM/DD'),to_date('24/11/14','RR/MM/DD'),1003,1003,'Y','567-890-123456','하나은행');
Insert into TBL_EMPLOYEE (EMP_NO,EMP_NAME,EMP_GENDER,EMP_BIRTH,EMP_PHONE,EMP_EMAIL,EMP_ADDRESS,EMP_EMPLOYMENT,EMP_DETAILADDRESS,EMP_POSTCODE,EMP_PASSWORD,EMP_AUTH,EMP_RANK,EMP_PROFILE,DEPT_CODE,CREATE_DATE,MODIFY_DATE,CREATER,MODIFIER,USE_YN,AC_NO,AC_BANK) values (1026,'정하나','F','1996-11-11','010-7890-1234','jeonghana@example.com','서울시 중구','Y','서울시 중구 명동 345','06545','password213','PS004','RK006','https://i.ibb.co/LQ4mbC5/employee25-jpg.png','D010',to_date('24/11/14','RR/MM/DD'),to_date('24/11/14','RR/MM/DD'),1003,1003,'Y','678-901-234567','우리은행');
Insert into TBL_EMPLOYEE (EMP_NO,EMP_NAME,EMP_GENDER,EMP_BIRTH,EMP_PHONE,EMP_EMAIL,EMP_ADDRESS,EMP_EMPLOYMENT,EMP_DETAILADDRESS,EMP_POSTCODE,EMP_PASSWORD,EMP_AUTH,EMP_RANK,EMP_PROFILE,DEPT_CODE,CREATE_DATE,MODIFY_DATE,CREATER,MODIFIER,USE_YN,AC_NO,AC_BANK) values (1027,'최우진','M','1984-10-10','010-9012-3456','choiwoojin@example.com','서울시 서초구','Y','서울시 서초구 방배동 456','06587','password214','PS004','RK006','https://i.ibb.co/z8jdKBg/employee26-jpg.png','D011',to_date('24/11/14','RR/MM/DD'),to_date('24/11/14','RR/MM/DD'),1003,1003,'Y','789-012-345678','농협은행');
Insert into TBL_EMPLOYEE (EMP_NO,EMP_NAME,EMP_GENDER,EMP_BIRTH,EMP_PHONE,EMP_EMAIL,EMP_ADDRESS,EMP_EMPLOYMENT,EMP_DETAILADDRESS,EMP_POSTCODE,EMP_PASSWORD,EMP_AUTH,EMP_RANK,EMP_PROFILE,DEPT_CODE,CREATE_DATE,MODIFY_DATE,CREATER,MODIFIER,USE_YN,AC_NO,AC_BANK) values (1028,'홍서영','F','1990-02-20','010-2345-6789','hongseoyeong@example.com','서울시 성북구','Y','서울시 성북구 종암동 678','07012','password215','PS004','RK007','https://i.ibb.co/7r2qmdn/employee27-jpg.png','D012',to_date('24/11/14','RR/MM/DD'),to_date('24/11/14','RR/MM/DD'),1003,1003,'Y','890-123-456789','KEB하나은행');
Insert into TBL_EMPLOYEE (EMP_NO,EMP_NAME,EMP_GENDER,EMP_BIRTH,EMP_PHONE,EMP_EMAIL,EMP_ADDRESS,EMP_EMPLOYMENT,EMP_DETAILADDRESS,EMP_POSTCODE,EMP_PASSWORD,EMP_AUTH,EMP_RANK,EMP_PROFILE,DEPT_CODE,CREATE_DATE,MODIFY_DATE,CREATER,MODIFIER,USE_YN,AC_NO,AC_BANK) values (1029,'김도현','M','1995-04-05','010-5678-9012','kimdohyun@example.com','서울시 동작구','Y','서울시 동작구 신대방동 234','07234','password216','PS004','RK005','https://i.ibb.co/kyJ8V5B/employee28-jpg.png','D017',to_date('24/11/14','RR/MM/DD'),to_date('24/11/14','RR/MM/DD'),1003,1003,'Y','901-234-567890','신한은행');
Insert into TBL_EMPLOYEE (EMP_NO,EMP_NAME,EMP_GENDER,EMP_BIRTH,EMP_PHONE,EMP_EMAIL,EMP_ADDRESS,EMP_EMPLOYMENT,EMP_DETAILADDRESS,EMP_POSTCODE,EMP_PASSWORD,EMP_AUTH,EMP_RANK,EMP_PROFILE,DEPT_CODE,CREATE_DATE,MODIFY_DATE,CREATER,MODIFIER,USE_YN,AC_NO,AC_BANK) values (1030,'이호준','M','1988-03-12','010-6789-0124','leehj@example.com','서울시 강북구','Y','서울시 강북구 미아동 890','06345','password217','PS005','RK001','https://i.ibb.co/d7T0GZr/employee29-jpg.png','D018',to_date('24/11/14','RR/MM/DD'),to_date('24/11/14','RR/MM/DD'),1003,1003,'Y','234-567-890123','우리은행');
Insert into TBL_EMPLOYEE (EMP_NO,EMP_NAME,EMP_GENDER,EMP_BIRTH,EMP_PHONE,EMP_EMAIL,EMP_ADDRESS,EMP_EMPLOYMENT,EMP_DETAILADDRESS,EMP_POSTCODE,EMP_PASSWORD,EMP_AUTH,EMP_RANK,EMP_PROFILE,DEPT_CODE,CREATE_DATE,MODIFY_DATE,CREATER,MODIFIER,USE_YN,AC_NO,AC_BANK) values (1031,'신짱구','M','1990-03-04','010-8282-8824','sinzzankoo@gmail.com','부산 서구 구덕로232번길 1','Y','떡잎마을방범대','49223','1234','PS004','RK004','https://i.ibb.co/Hdm97dR/094555.png','D011',to_date('24/11/19','RR/MM/DD'),to_date('24/11/19','RR/MM/DD'),1003,1003,'Y','9407-100-54050','짱구은행');
Insert into TBL_EMPLOYEE (EMP_NO,EMP_NAME,EMP_GENDER,EMP_BIRTH,EMP_PHONE,EMP_EMAIL,EMP_ADDRESS,EMP_EMPLOYMENT,EMP_DETAILADDRESS,EMP_POSTCODE,EMP_PASSWORD,EMP_AUTH,EMP_RANK,EMP_PROFILE,DEPT_CODE,CREATE_DATE,MODIFY_DATE,CREATER,MODIFIER,USE_YN,AC_NO,AC_BANK) values (1033,'못난이양파','M','1997-12-25','010-1818-2828','uglyoni@gmail.com','경기 남양주시 경춘로양골1길 1','N','양파망망','12232','0','PS004','RK004','https://i.ibb.co/SycjcKh/2024-11-06-142535.png','D016',to_date('24/11/20','RR/MM/DD'),to_date('24/11/20','RR/MM/DD'),null,null,'Y','080808-44-04040','양파');
REM INSERTING into TBL_GOOD
SET DEFINE OFF;
REM INSERTING into TBL_LOG
SET DEFINE OFF;
Insert into TBL_LOG (LOG_NO,EMP_NO,LOG_TYPE,MENU_NAME,BEFOR_DATA,AFTER_DATA,CREATE_DATE,MODIFIER,MODIFY_DATE,USER_YN,DOCUMENT_NO) values (100001,1005,'1','공지사항','경영지원실','HR실',to_date('24/11/14','RR/MM/DD'),1005,to_date('24/11/14','RR/MM/DD'),'Y',null);
Insert into TBL_LOG (LOG_NO,EMP_NO,LOG_TYPE,MENU_NAME,BEFOR_DATA,AFTER_DATA,CREATE_DATE,MODIFIER,MODIFY_DATE,USER_YN,DOCUMENT_NO) values (100002,1005,'1','일정','HR실','경영지원실',to_date('24/11/14','RR/MM/DD'),1005,to_date('24/11/14','RR/MM/DD'),'Y',null);
Insert into TBL_LOG (LOG_NO,EMP_NO,LOG_TYPE,MENU_NAME,BEFOR_DATA,AFTER_DATA,CREATE_DATE,MODIFIER,MODIFY_DATE,USER_YN,DOCUMENT_NO) values (100003,1005,'1','공지사항','회계팀','재무팀',to_date('24/11/14','RR/MM/DD'),1005,to_date('24/11/14','RR/MM/DD'),'Y',null);
Insert into TBL_LOG (LOG_NO,EMP_NO,LOG_TYPE,MENU_NAME,BEFOR_DATA,AFTER_DATA,CREATE_DATE,MODIFIER,MODIFY_DATE,USER_YN,DOCUMENT_NO) values (100004,1005,'1','일정','재무팀','회계팀',to_date('24/11/14','RR/MM/DD'),1005,to_date('24/11/14','RR/MM/DD'),'Y',null);
Insert into TBL_LOG (LOG_NO,EMP_NO,LOG_TYPE,MENU_NAME,BEFOR_DATA,AFTER_DATA,CREATE_DATE,MODIFIER,MODIFY_DATE,USER_YN,DOCUMENT_NO) values (100005,1005,'1','공지사항','영업지원1팀','영업지원2팀',to_date('24/11/14','RR/MM/DD'),1005,to_date('24/11/14','RR/MM/DD'),'Y',null);
Insert into TBL_LOG (LOG_NO,EMP_NO,LOG_TYPE,MENU_NAME,BEFOR_DATA,AFTER_DATA,CREATE_DATE,MODIFIER,MODIFY_DATE,USER_YN,DOCUMENT_NO) values (100006,1005,'1','일정','영업지원2팀','영업지원1팀',to_date('24/11/14','RR/MM/DD'),1005,to_date('24/11/14','RR/MM/DD'),'Y',null);
Insert into TBL_LOG (LOG_NO,EMP_NO,LOG_TYPE,MENU_NAME,BEFOR_DATA,AFTER_DATA,CREATE_DATE,MODIFIER,MODIFY_DATE,USER_YN,DOCUMENT_NO) values (100007,1005,'1','공지사항','온라인 마케팅팀','영업지원1팀',to_date('24/11/14','RR/MM/DD'),1005,to_date('24/11/14','RR/MM/DD'),'Y',null);
Insert into TBL_LOG (LOG_NO,EMP_NO,LOG_TYPE,MENU_NAME,BEFOR_DATA,AFTER_DATA,CREATE_DATE,MODIFIER,MODIFY_DATE,USER_YN,DOCUMENT_NO) values (100008,1005,'1','일정','개발팀','정보보안팀',to_date('24/11/14','RR/MM/DD'),1005,to_date('24/11/14','RR/MM/DD'),'Y',null);
Insert into TBL_LOG (LOG_NO,EMP_NO,LOG_TYPE,MENU_NAME,BEFOR_DATA,AFTER_DATA,CREATE_DATE,MODIFIER,MODIFY_DATE,USER_YN,DOCUMENT_NO) values (100009,1005,'1','공지사항','정보보안팀','개발팀',to_date('24/11/14','RR/MM/DD'),1005,to_date('24/11/14','RR/MM/DD'),'Y',null);
Insert into TBL_LOG (LOG_NO,EMP_NO,LOG_TYPE,MENU_NAME,BEFOR_DATA,AFTER_DATA,CREATE_DATE,MODIFIER,MODIFY_DATE,USER_YN,DOCUMENT_NO) values (100010,1005,'1','일정','영업지원1팀','온라인 마케팅팀',to_date('24/11/14','RR/MM/DD'),1005,to_date('24/11/14','RR/MM/DD'),'Y',null);
Insert into TBL_LOG (LOG_NO,EMP_NO,LOG_TYPE,MENU_NAME,BEFOR_DATA,AFTER_DATA,CREATE_DATE,MODIFIER,MODIFY_DATE,USER_YN,DOCUMENT_NO) values (100011,1005,'1','공지사항','영업지원2팀','온라인 마케팅팀',to_date('24/11/14','RR/MM/DD'),1005,to_date('24/11/14','RR/MM/DD'),'Y',null);
Insert into TBL_LOG (LOG_NO,EMP_NO,LOG_TYPE,MENU_NAME,BEFOR_DATA,AFTER_DATA,CREATE_DATE,MODIFIER,MODIFY_DATE,USER_YN,DOCUMENT_NO) values (100012,1005,'1','일정','경영지원실','HR실',to_date('24/11/14','RR/MM/DD'),1005,to_date('24/11/14','RR/MM/DD'),'Y',null);
Insert into TBL_LOG (LOG_NO,EMP_NO,LOG_TYPE,MENU_NAME,BEFOR_DATA,AFTER_DATA,CREATE_DATE,MODIFIER,MODIFY_DATE,USER_YN,DOCUMENT_NO) values (100013,1005,'1','공지사항','HR실','경영지원실',to_date('24/11/14','RR/MM/DD'),1005,to_date('24/11/14','RR/MM/DD'),'Y',null);
Insert into TBL_LOG (LOG_NO,EMP_NO,LOG_TYPE,MENU_NAME,BEFOR_DATA,AFTER_DATA,CREATE_DATE,MODIFIER,MODIFY_DATE,USER_YN,DOCUMENT_NO) values (100014,1005,'1','일정','회계팀','재무팀',to_date('24/11/14','RR/MM/DD'),1005,to_date('24/11/14','RR/MM/DD'),'Y',null);
Insert into TBL_LOG (LOG_NO,EMP_NO,LOG_TYPE,MENU_NAME,BEFOR_DATA,AFTER_DATA,CREATE_DATE,MODIFIER,MODIFY_DATE,USER_YN,DOCUMENT_NO) values (100015,1005,'1','공지사항','재무팀','회계팀',to_date('24/11/14','RR/MM/DD'),1005,to_date('24/11/14','RR/MM/DD'),'Y',null);
Insert into TBL_LOG (LOG_NO,EMP_NO,LOG_TYPE,MENU_NAME,BEFOR_DATA,AFTER_DATA,CREATE_DATE,MODIFIER,MODIFY_DATE,USER_YN,DOCUMENT_NO) values (100016,1005,'1','일정','영업지원1팀','영업지원2팀',to_date('24/11/14','RR/MM/DD'),1005,to_date('24/11/14','RR/MM/DD'),'Y',null);
Insert into TBL_LOG (LOG_NO,EMP_NO,LOG_TYPE,MENU_NAME,BEFOR_DATA,AFTER_DATA,CREATE_DATE,MODIFIER,MODIFY_DATE,USER_YN,DOCUMENT_NO) values (100017,1005,'1','공지사항','영업지원2팀','영업지원1팀',to_date('24/11/14','RR/MM/DD'),1005,to_date('24/11/14','RR/MM/DD'),'Y',null);
Insert into TBL_LOG (LOG_NO,EMP_NO,LOG_TYPE,MENU_NAME,BEFOR_DATA,AFTER_DATA,CREATE_DATE,MODIFIER,MODIFY_DATE,USER_YN,DOCUMENT_NO) values (100018,1005,'1','일정','온라인 마케팅팀','영업지원1팀',to_date('24/11/14','RR/MM/DD'),1005,to_date('24/11/14','RR/MM/DD'),'Y',null);
Insert into TBL_LOG (LOG_NO,EMP_NO,LOG_TYPE,MENU_NAME,BEFOR_DATA,AFTER_DATA,CREATE_DATE,MODIFIER,MODIFY_DATE,USER_YN,DOCUMENT_NO) values (100019,1005,'1','공지사항','개발팀','정보보안팀',to_date('24/11/14','RR/MM/DD'),1005,to_date('24/11/14','RR/MM/DD'),'Y',null);
Insert into TBL_LOG (LOG_NO,EMP_NO,LOG_TYPE,MENU_NAME,BEFOR_DATA,AFTER_DATA,CREATE_DATE,MODIFIER,MODIFY_DATE,USER_YN,DOCUMENT_NO) values (100020,1005,'1','일정','정보보안팀','개발팀',to_date('24/11/14','RR/MM/DD'),1005,to_date('24/11/14','RR/MM/DD'),'Y',null);
Insert into TBL_LOG (LOG_NO,EMP_NO,LOG_TYPE,MENU_NAME,BEFOR_DATA,AFTER_DATA,CREATE_DATE,MODIFIER,MODIFY_DATE,USER_YN,DOCUMENT_NO) values (100021,1005,'1','공지사항','영업지원1팀','온라인 마케팅팀',to_date('24/11/14','RR/MM/DD'),1005,to_date('24/11/14','RR/MM/DD'),'Y',null);
Insert into TBL_LOG (LOG_NO,EMP_NO,LOG_TYPE,MENU_NAME,BEFOR_DATA,AFTER_DATA,CREATE_DATE,MODIFIER,MODIFY_DATE,USER_YN,DOCUMENT_NO) values (100022,1005,'1','일정','영업지원2팀','온라인 마케팅팀',to_date('24/11/14','RR/MM/DD'),1005,to_date('24/11/14','RR/MM/DD'),'Y',null);
Insert into TBL_LOG (LOG_NO,EMP_NO,LOG_TYPE,MENU_NAME,BEFOR_DATA,AFTER_DATA,CREATE_DATE,MODIFIER,MODIFY_DATE,USER_YN,DOCUMENT_NO) values (100023,1005,'1','공지사항','경영지원실','HR실',to_date('24/11/14','RR/MM/DD'),1005,to_date('24/11/14','RR/MM/DD'),'Y',null);
Insert into TBL_LOG (LOG_NO,EMP_NO,LOG_TYPE,MENU_NAME,BEFOR_DATA,AFTER_DATA,CREATE_DATE,MODIFIER,MODIFY_DATE,USER_YN,DOCUMENT_NO) values (100024,1005,'1','일정','HR실','경영지원실',to_date('24/11/14','RR/MM/DD'),1005,to_date('24/11/14','RR/MM/DD'),'Y',null);
Insert into TBL_LOG (LOG_NO,EMP_NO,LOG_TYPE,MENU_NAME,BEFOR_DATA,AFTER_DATA,CREATE_DATE,MODIFIER,MODIFY_DATE,USER_YN,DOCUMENT_NO) values (100025,1005,'1','공지사항','회계팀','재무팀',to_date('24/11/14','RR/MM/DD'),1005,to_date('24/11/14','RR/MM/DD'),'Y',null);
Insert into TBL_LOG (LOG_NO,EMP_NO,LOG_TYPE,MENU_NAME,BEFOR_DATA,AFTER_DATA,CREATE_DATE,MODIFIER,MODIFY_DATE,USER_YN,DOCUMENT_NO) values (100026,1005,'1','일정','재무팀','회계팀',to_date('24/11/14','RR/MM/DD'),1005,to_date('24/11/14','RR/MM/DD'),'Y',null);
Insert into TBL_LOG (LOG_NO,EMP_NO,LOG_TYPE,MENU_NAME,BEFOR_DATA,AFTER_DATA,CREATE_DATE,MODIFIER,MODIFY_DATE,USER_YN,DOCUMENT_NO) values (100027,1005,'1','공지사항','영업지원1팀','영업지원2팀',to_date('24/11/14','RR/MM/DD'),1005,to_date('24/11/14','RR/MM/DD'),'Y',null);
Insert into TBL_LOG (LOG_NO,EMP_NO,LOG_TYPE,MENU_NAME,BEFOR_DATA,AFTER_DATA,CREATE_DATE,MODIFIER,MODIFY_DATE,USER_YN,DOCUMENT_NO) values (100028,1005,'1','일정','영업지원2팀','영업지원1팀',to_date('24/11/14','RR/MM/DD'),1005,to_date('24/11/14','RR/MM/DD'),'Y',null);
Insert into TBL_LOG (LOG_NO,EMP_NO,LOG_TYPE,MENU_NAME,BEFOR_DATA,AFTER_DATA,CREATE_DATE,MODIFIER,MODIFY_DATE,USER_YN,DOCUMENT_NO) values (100029,1005,'1','공지사항','온라인 마케팅팀','영업지원1팀',to_date('24/11/14','RR/MM/DD'),1005,to_date('24/11/14','RR/MM/DD'),'Y',null);
Insert into TBL_LOG (LOG_NO,EMP_NO,LOG_TYPE,MENU_NAME,BEFOR_DATA,AFTER_DATA,CREATE_DATE,MODIFIER,MODIFY_DATE,USER_YN,DOCUMENT_NO) values (100030,1005,'1','일정','개발팀','정보보안팀',to_date('24/11/14','RR/MM/DD'),1005,to_date('24/11/14','RR/MM/DD'),'Y',null);
Insert into TBL_LOG (LOG_NO,EMP_NO,LOG_TYPE,MENU_NAME,BEFOR_DATA,AFTER_DATA,CREATE_DATE,MODIFIER,MODIFY_DATE,USER_YN,DOCUMENT_NO) values (100031,1005,'1','공지사항','정보보안팀','개발팀',to_date('24/11/14','RR/MM/DD'),1005,to_date('24/11/14','RR/MM/DD'),'Y',null);
Insert into TBL_LOG (LOG_NO,EMP_NO,LOG_TYPE,MENU_NAME,BEFOR_DATA,AFTER_DATA,CREATE_DATE,MODIFIER,MODIFY_DATE,USER_YN,DOCUMENT_NO) values (100032,1005,'1','일정','영업지원1팀','온라인 마케팅팀',to_date('24/11/14','RR/MM/DD'),1005,to_date('24/11/14','RR/MM/DD'),'Y',null);
Insert into TBL_LOG (LOG_NO,EMP_NO,LOG_TYPE,MENU_NAME,BEFOR_DATA,AFTER_DATA,CREATE_DATE,MODIFIER,MODIFY_DATE,USER_YN,DOCUMENT_NO) values (100033,1005,'1','공지사항','영업지원2팀','온라인 마케팅팀',to_date('24/11/14','RR/MM/DD'),1005,to_date('24/11/14','RR/MM/DD'),'Y',null);
REM INSERTING into TBL_ORDERING
SET DEFINE OFF;
Insert into TBL_ORDERING (ORDER_NO,EMP_NO,BRANCH_NAME,ORDER_STATUS,ORDER_CHECKDATE,CREATE_DATE,MODIFIER,MODIFY_DATE,USE_YN,DISPATCH_NO,APPROVAL_NO) values (1003,1010,'서울지점','Y',to_date('24/11/13','RR/MM/DD'),to_date('24/11/13','RR/MM/DD'),null,to_date('24/11/23','RR/MM/DD'),null,1001,'정준수');
Insert into TBL_ORDERING (ORDER_NO,EMP_NO,BRANCH_NAME,ORDER_STATUS,ORDER_CHECKDATE,CREATE_DATE,MODIFIER,MODIFY_DATE,USE_YN,DISPATCH_NO,APPROVAL_NO) values (1004,1010,'서울지점','Y',to_date('24/11/14','RR/MM/DD'),to_date('24/11/14','RR/MM/DD'),null,to_date('24/11/23','RR/MM/DD'),null,1001,'정준수');
Insert into TBL_ORDERING (ORDER_NO,EMP_NO,BRANCH_NAME,ORDER_STATUS,ORDER_CHECKDATE,CREATE_DATE,MODIFIER,MODIFY_DATE,USE_YN,DISPATCH_NO,APPROVAL_NO) values (1005,1010,'서울지점','Y',to_date('24/11/15','RR/MM/DD'),to_date('24/11/15','RR/MM/DD'),null,to_date('24/11/23','RR/MM/DD'),null,1001,'정준수');
Insert into TBL_ORDERING (ORDER_NO,EMP_NO,BRANCH_NAME,ORDER_STATUS,ORDER_CHECKDATE,CREATE_DATE,MODIFIER,MODIFY_DATE,USE_YN,DISPATCH_NO,APPROVAL_NO) values (1006,1010,'서울지점','Y',to_date('24/11/16','RR/MM/DD'),to_date('24/11/16','RR/MM/DD'),null,to_date('24/11/23','RR/MM/DD'),null,1004,'정준수');
Insert into TBL_ORDERING (ORDER_NO,EMP_NO,BRANCH_NAME,ORDER_STATUS,ORDER_CHECKDATE,CREATE_DATE,MODIFIER,MODIFY_DATE,USE_YN,DISPATCH_NO,APPROVAL_NO) values (1007,1010,'서울지점','I',to_date('24/11/17','RR/MM/DD'),to_date('24/11/17','RR/MM/DD'),null,to_date('24/11/23','RR/MM/DD'),null,null,null);
Insert into TBL_ORDERING (ORDER_NO,EMP_NO,BRANCH_NAME,ORDER_STATUS,ORDER_CHECKDATE,CREATE_DATE,MODIFIER,MODIFY_DATE,USE_YN,DISPATCH_NO,APPROVAL_NO) values (1008,1010,'서울지점','I',to_date('24/11/18','RR/MM/DD'),to_date('24/11/18','RR/MM/DD'),null,to_date('24/11/23','RR/MM/DD'),null,null,null);
Insert into TBL_ORDERING (ORDER_NO,EMP_NO,BRANCH_NAME,ORDER_STATUS,ORDER_CHECKDATE,CREATE_DATE,MODIFIER,MODIFY_DATE,USE_YN,DISPATCH_NO,APPROVAL_NO) values (1009,1010,'서울지점','I',to_date('24/11/19','RR/MM/DD'),to_date('24/11/19','RR/MM/DD'),null,to_date('24/11/23','RR/MM/DD'),null,null,null);
Insert into TBL_ORDERING (ORDER_NO,EMP_NO,BRANCH_NAME,ORDER_STATUS,ORDER_CHECKDATE,CREATE_DATE,MODIFIER,MODIFY_DATE,USE_YN,DISPATCH_NO,APPROVAL_NO) values (1010,1010,'서울지점','I',to_date('24/11/20','RR/MM/DD'),to_date('24/11/20','RR/MM/DD'),null,to_date('24/11/23','RR/MM/DD'),null,null,null);
Insert into TBL_ORDERING (ORDER_NO,EMP_NO,BRANCH_NAME,ORDER_STATUS,ORDER_CHECKDATE,CREATE_DATE,MODIFIER,MODIFY_DATE,USE_YN,DISPATCH_NO,APPROVAL_NO) values (1011,1010,'서울지점','I',to_date('24/11/21','RR/MM/DD'),to_date('24/11/21','RR/MM/DD'),null,to_date('24/11/23','RR/MM/DD'),null,null,null);
Insert into TBL_ORDERING (ORDER_NO,EMP_NO,BRANCH_NAME,ORDER_STATUS,ORDER_CHECKDATE,CREATE_DATE,MODIFIER,MODIFY_DATE,USE_YN,DISPATCH_NO,APPROVAL_NO) values (1012,1010,'서울지점','I',to_date('24/11/22','RR/MM/DD'),to_date('24/11/22','RR/MM/DD'),null,to_date('24/11/23','RR/MM/DD'),null,null,null);
Insert into TBL_ORDERING (ORDER_NO,EMP_NO,BRANCH_NAME,ORDER_STATUS,ORDER_CHECKDATE,CREATE_DATE,MODIFIER,MODIFY_DATE,USE_YN,DISPATCH_NO,APPROVAL_NO) values (1001,1010,'서울지점','Y',to_date('24/11/11','RR/MM/DD'),to_date('24/11/11','RR/MM/DD'),null,to_date('24/11/22','RR/MM/DD'),null,1001,'정준수');
Insert into TBL_ORDERING (ORDER_NO,EMP_NO,BRANCH_NAME,ORDER_STATUS,ORDER_CHECKDATE,CREATE_DATE,MODIFIER,MODIFY_DATE,USE_YN,DISPATCH_NO,APPROVAL_NO) values (1002,1010,'서울지점','N',to_date('24/11/12','RR/MM/DD'),to_date('24/11/12','RR/MM/DD'),null,to_date('24/11/23','RR/MM/DD'),null,null,'정준수');
REM INSERTING into TBL_ORDERING_PRODUCT
SET DEFINE OFF;
Insert into TBL_ORDERING_PRODUCT (PRODUCT_NO,ORDER_COUNT,CREATE_DATE,MODIFIER,MODIFY_DATE,USE_YN,ORDER_NO,PRODUCT_NAME) values (1020,5,to_date('24/11/22','RR/MM/DD'),null,to_date('24/11/22','RR/MM/DD'),null,1001,'발렌타인 12년 700ml');
Insert into TBL_ORDERING_PRODUCT (PRODUCT_NO,ORDER_COUNT,CREATE_DATE,MODIFIER,MODIFY_DATE,USE_YN,ORDER_NO,PRODUCT_NAME) values (1019,9,to_date('24/11/22','RR/MM/DD'),null,to_date('24/11/22','RR/MM/DD'),null,1001,'롱섬 와인 750ml');
Insert into TBL_ORDERING_PRODUCT (PRODUCT_NO,ORDER_COUNT,CREATE_DATE,MODIFIER,MODIFY_DATE,USE_YN,ORDER_NO,PRODUCT_NAME) values (1018,6,to_date('24/11/22','RR/MM/DD'),null,to_date('24/11/22','RR/MM/DD'),null,1001,'맥스 500ml');
Insert into TBL_ORDERING_PRODUCT (PRODUCT_NO,ORDER_COUNT,CREATE_DATE,MODIFIER,MODIFY_DATE,USE_YN,ORDER_NO,PRODUCT_NAME) values (1017,5,to_date('24/11/22','RR/MM/DD'),null,to_date('24/11/22','RR/MM/DD'),null,1001,'하이트 진로 500ml');
Insert into TBL_ORDERING_PRODUCT (PRODUCT_NO,ORDER_COUNT,CREATE_DATE,MODIFIER,MODIFY_DATE,USE_YN,ORDER_NO,PRODUCT_NAME) values (1016,9,to_date('24/11/22','RR/MM/DD'),null,to_date('24/11/22','RR/MM/DD'),null,1001,'참이슬 Fresh 360ml');
Insert into TBL_ORDERING_PRODUCT (PRODUCT_NO,ORDER_COUNT,CREATE_DATE,MODIFIER,MODIFY_DATE,USE_YN,ORDER_NO,PRODUCT_NAME) values (1015,6,to_date('24/11/22','RR/MM/DD'),null,to_date('24/11/22','RR/MM/DD'),null,1001,'스파게티');
Insert into TBL_ORDERING_PRODUCT (PRODUCT_NO,ORDER_COUNT,CREATE_DATE,MODIFIER,MODIFY_DATE,USE_YN,ORDER_NO,PRODUCT_NAME) values (1014,9,to_date('24/11/22','RR/MM/DD'),null,to_date('24/11/22','RR/MM/DD'),null,1001,'피자');
Insert into TBL_ORDERING_PRODUCT (PRODUCT_NO,ORDER_COUNT,CREATE_DATE,MODIFIER,MODIFY_DATE,USE_YN,ORDER_NO,PRODUCT_NAME) values (1013,6,to_date('24/11/22','RR/MM/DD'),null,to_date('24/11/22','RR/MM/DD'),null,1001,'커스터드빵');
Insert into TBL_ORDERING_PRODUCT (PRODUCT_NO,ORDER_COUNT,CREATE_DATE,MODIFIER,MODIFY_DATE,USE_YN,ORDER_NO,PRODUCT_NAME) values (1012,9,to_date('24/11/22','RR/MM/DD'),null,to_date('24/11/22','RR/MM/DD'),null,1001,'소시지빵');
Insert into TBL_ORDERING_PRODUCT (PRODUCT_NO,ORDER_COUNT,CREATE_DATE,MODIFIER,MODIFY_DATE,USE_YN,ORDER_NO,PRODUCT_NAME) values (1011,5,to_date('24/11/22','RR/MM/DD'),null,to_date('24/11/22','RR/MM/DD'),null,1001,'김치찌개');
Insert into TBL_ORDERING_PRODUCT (PRODUCT_NO,ORDER_COUNT,CREATE_DATE,MODIFIER,MODIFY_DATE,USE_YN,ORDER_NO,PRODUCT_NAME) values (1010,9,to_date('24/11/22','RR/MM/DD'),null,to_date('24/11/22','RR/MM/DD'),null,1001,'떡볶이');
Insert into TBL_ORDERING_PRODUCT (PRODUCT_NO,ORDER_COUNT,CREATE_DATE,MODIFIER,MODIFY_DATE,USE_YN,ORDER_NO,PRODUCT_NAME) values (1009,5,to_date('24/11/22','RR/MM/DD'),null,to_date('24/11/22','RR/MM/DD'),null,1001,'라면');
Insert into TBL_ORDERING_PRODUCT (PRODUCT_NO,ORDER_COUNT,CREATE_DATE,MODIFIER,MODIFY_DATE,USE_YN,ORDER_NO,PRODUCT_NAME) values (1008,9,to_date('24/11/22','RR/MM/DD'),null,to_date('24/11/22','RR/MM/DD'),null,1001,'초코파이');
Insert into TBL_ORDERING_PRODUCT (PRODUCT_NO,ORDER_COUNT,CREATE_DATE,MODIFIER,MODIFY_DATE,USE_YN,ORDER_NO,PRODUCT_NAME) values (1007,5,to_date('24/11/22','RR/MM/DD'),null,to_date('24/11/22','RR/MM/DD'),null,1001,'커피');
Insert into TBL_ORDERING_PRODUCT (PRODUCT_NO,ORDER_COUNT,CREATE_DATE,MODIFIER,MODIFY_DATE,USE_YN,ORDER_NO,PRODUCT_NAME) values (1006,9,to_date('24/11/22','RR/MM/DD'),null,to_date('24/11/22','RR/MM/DD'),null,1001,'삼각김밥');
Insert into TBL_ORDERING_PRODUCT (PRODUCT_NO,ORDER_COUNT,CREATE_DATE,MODIFIER,MODIFY_DATE,USE_YN,ORDER_NO,PRODUCT_NAME) values (1005,5,to_date('24/11/22','RR/MM/DD'),null,to_date('24/11/22','RR/MM/DD'),null,1001,'과일주스');
Insert into TBL_ORDERING_PRODUCT (PRODUCT_NO,ORDER_COUNT,CREATE_DATE,MODIFIER,MODIFY_DATE,USE_YN,ORDER_NO,PRODUCT_NAME) values (1004,6,to_date('24/11/22','RR/MM/DD'),null,to_date('24/11/22','RR/MM/DD'),null,1001,'아이스크림');
Insert into TBL_ORDERING_PRODUCT (PRODUCT_NO,ORDER_COUNT,CREATE_DATE,MODIFIER,MODIFY_DATE,USE_YN,ORDER_NO,PRODUCT_NAME) values (1003,6,to_date('24/11/22','RR/MM/DD'),null,to_date('24/11/22','RR/MM/DD'),null,1001,'컵라면');
Insert into TBL_ORDERING_PRODUCT (PRODUCT_NO,ORDER_COUNT,CREATE_DATE,MODIFIER,MODIFY_DATE,USE_YN,ORDER_NO,PRODUCT_NAME) values (1002,6,to_date('24/11/22','RR/MM/DD'),null,to_date('24/11/22','RR/MM/DD'),null,1001,'김밥');
Insert into TBL_ORDERING_PRODUCT (PRODUCT_NO,ORDER_COUNT,CREATE_DATE,MODIFIER,MODIFY_DATE,USE_YN,ORDER_NO,PRODUCT_NAME) values (1001,6,to_date('24/11/22','RR/MM/DD'),null,to_date('24/11/22','RR/MM/DD'),null,1001,'핫도그');
Insert into TBL_ORDERING_PRODUCT (PRODUCT_NO,ORDER_COUNT,CREATE_DATE,MODIFIER,MODIFY_DATE,USE_YN,ORDER_NO,PRODUCT_NAME) values (1021,1,to_date('24/11/23','RR/MM/DD'),null,to_date('24/11/23','RR/MM/DD'),null,1002,'야마자키 12년산  700ml ');
Insert into TBL_ORDERING_PRODUCT (PRODUCT_NO,ORDER_COUNT,CREATE_DATE,MODIFIER,MODIFY_DATE,USE_YN,ORDER_NO,PRODUCT_NAME) values (1020,0,to_date('24/11/23','RR/MM/DD'),null,to_date('24/11/23','RR/MM/DD'),null,1002,'발렌타인 12년 700ml');
Insert into TBL_ORDERING_PRODUCT (PRODUCT_NO,ORDER_COUNT,CREATE_DATE,MODIFIER,MODIFY_DATE,USE_YN,ORDER_NO,PRODUCT_NAME) values (1019,1,to_date('24/11/23','RR/MM/DD'),null,to_date('24/11/23','RR/MM/DD'),null,1002,'롱섬 와인 750ml');
Insert into TBL_ORDERING_PRODUCT (PRODUCT_NO,ORDER_COUNT,CREATE_DATE,MODIFIER,MODIFY_DATE,USE_YN,ORDER_NO,PRODUCT_NAME) values (1018,0,to_date('24/11/23','RR/MM/DD'),null,to_date('24/11/23','RR/MM/DD'),null,1002,'맥스 500ml');
Insert into TBL_ORDERING_PRODUCT (PRODUCT_NO,ORDER_COUNT,CREATE_DATE,MODIFIER,MODIFY_DATE,USE_YN,ORDER_NO,PRODUCT_NAME) values (1017,3,to_date('24/11/23','RR/MM/DD'),null,to_date('24/11/23','RR/MM/DD'),null,1002,'하이트 진로 500ml');
Insert into TBL_ORDERING_PRODUCT (PRODUCT_NO,ORDER_COUNT,CREATE_DATE,MODIFIER,MODIFY_DATE,USE_YN,ORDER_NO,PRODUCT_NAME) values (1016,2,to_date('24/11/23','RR/MM/DD'),null,to_date('24/11/23','RR/MM/DD'),null,1002,'참이슬 Fresh 360ml');
Insert into TBL_ORDERING_PRODUCT (PRODUCT_NO,ORDER_COUNT,CREATE_DATE,MODIFIER,MODIFY_DATE,USE_YN,ORDER_NO,PRODUCT_NAME) values (1015,0,to_date('24/11/23','RR/MM/DD'),null,to_date('24/11/23','RR/MM/DD'),null,1002,'스파게티');
Insert into TBL_ORDERING_PRODUCT (PRODUCT_NO,ORDER_COUNT,CREATE_DATE,MODIFIER,MODIFY_DATE,USE_YN,ORDER_NO,PRODUCT_NAME) values (1014,0,to_date('24/11/23','RR/MM/DD'),null,to_date('24/11/23','RR/MM/DD'),null,1002,'피자');
Insert into TBL_ORDERING_PRODUCT (PRODUCT_NO,ORDER_COUNT,CREATE_DATE,MODIFIER,MODIFY_DATE,USE_YN,ORDER_NO,PRODUCT_NAME) values (1013,0,to_date('24/11/23','RR/MM/DD'),null,to_date('24/11/23','RR/MM/DD'),null,1002,'커스터드빵');
Insert into TBL_ORDERING_PRODUCT (PRODUCT_NO,ORDER_COUNT,CREATE_DATE,MODIFIER,MODIFY_DATE,USE_YN,ORDER_NO,PRODUCT_NAME) values (1012,0,to_date('24/11/23','RR/MM/DD'),null,to_date('24/11/23','RR/MM/DD'),null,1002,'소시지빵');
Insert into TBL_ORDERING_PRODUCT (PRODUCT_NO,ORDER_COUNT,CREATE_DATE,MODIFIER,MODIFY_DATE,USE_YN,ORDER_NO,PRODUCT_NAME) values (1011,0,to_date('24/11/23','RR/MM/DD'),null,to_date('24/11/23','RR/MM/DD'),null,1002,'김치찌개');
Insert into TBL_ORDERING_PRODUCT (PRODUCT_NO,ORDER_COUNT,CREATE_DATE,MODIFIER,MODIFY_DATE,USE_YN,ORDER_NO,PRODUCT_NAME) values (1010,0,to_date('24/11/23','RR/MM/DD'),null,to_date('24/11/23','RR/MM/DD'),null,1002,'떡볶이');
Insert into TBL_ORDERING_PRODUCT (PRODUCT_NO,ORDER_COUNT,CREATE_DATE,MODIFIER,MODIFY_DATE,USE_YN,ORDER_NO,PRODUCT_NAME) values (1009,0,to_date('24/11/23','RR/MM/DD'),null,to_date('24/11/23','RR/MM/DD'),null,1002,'라면');
Insert into TBL_ORDERING_PRODUCT (PRODUCT_NO,ORDER_COUNT,CREATE_DATE,MODIFIER,MODIFY_DATE,USE_YN,ORDER_NO,PRODUCT_NAME) values (1008,0,to_date('24/11/23','RR/MM/DD'),null,to_date('24/11/23','RR/MM/DD'),null,1002,'초코파이');
Insert into TBL_ORDERING_PRODUCT (PRODUCT_NO,ORDER_COUNT,CREATE_DATE,MODIFIER,MODIFY_DATE,USE_YN,ORDER_NO,PRODUCT_NAME) values (1021,1,to_date('24/11/22','RR/MM/DD'),null,to_date('24/11/22','RR/MM/DD'),null,1001,'야마자키 12년산  700ml ');
Insert into TBL_ORDERING_PRODUCT (PRODUCT_NO,ORDER_COUNT,CREATE_DATE,MODIFIER,MODIFY_DATE,USE_YN,ORDER_NO,PRODUCT_NAME) values (1007,0,to_date('24/11/23','RR/MM/DD'),null,to_date('24/11/23','RR/MM/DD'),null,1002,'커피');
Insert into TBL_ORDERING_PRODUCT (PRODUCT_NO,ORDER_COUNT,CREATE_DATE,MODIFIER,MODIFY_DATE,USE_YN,ORDER_NO,PRODUCT_NAME) values (1006,1,to_date('24/11/23','RR/MM/DD'),null,to_date('24/11/23','RR/MM/DD'),null,1002,'삼각김밥');
Insert into TBL_ORDERING_PRODUCT (PRODUCT_NO,ORDER_COUNT,CREATE_DATE,MODIFIER,MODIFY_DATE,USE_YN,ORDER_NO,PRODUCT_NAME) values (1005,1,to_date('24/11/23','RR/MM/DD'),null,to_date('24/11/23','RR/MM/DD'),null,1002,'과일주스');
Insert into TBL_ORDERING_PRODUCT (PRODUCT_NO,ORDER_COUNT,CREATE_DATE,MODIFIER,MODIFY_DATE,USE_YN,ORDER_NO,PRODUCT_NAME) values (1004,0,to_date('24/11/23','RR/MM/DD'),null,to_date('24/11/23','RR/MM/DD'),null,1002,'아이스크림');
Insert into TBL_ORDERING_PRODUCT (PRODUCT_NO,ORDER_COUNT,CREATE_DATE,MODIFIER,MODIFY_DATE,USE_YN,ORDER_NO,PRODUCT_NAME) values (1003,1,to_date('24/11/23','RR/MM/DD'),null,to_date('24/11/23','RR/MM/DD'),null,1002,'컵라면');
Insert into TBL_ORDERING_PRODUCT (PRODUCT_NO,ORDER_COUNT,CREATE_DATE,MODIFIER,MODIFY_DATE,USE_YN,ORDER_NO,PRODUCT_NAME) values (1002,0,to_date('24/11/23','RR/MM/DD'),null,to_date('24/11/23','RR/MM/DD'),null,1002,'김밥');
Insert into TBL_ORDERING_PRODUCT (PRODUCT_NO,ORDER_COUNT,CREATE_DATE,MODIFIER,MODIFY_DATE,USE_YN,ORDER_NO,PRODUCT_NAME) values (1001,0,to_date('24/11/23','RR/MM/DD'),null,to_date('24/11/23','RR/MM/DD'),null,1002,'핫도그');
Insert into TBL_ORDERING_PRODUCT (PRODUCT_NO,ORDER_COUNT,CREATE_DATE,MODIFIER,MODIFY_DATE,USE_YN,ORDER_NO,PRODUCT_NAME) values (1021,3,to_date('24/11/23','RR/MM/DD'),null,to_date('24/11/23','RR/MM/DD'),null,1003,'야마자키 12년산  700ml ');
Insert into TBL_ORDERING_PRODUCT (PRODUCT_NO,ORDER_COUNT,CREATE_DATE,MODIFIER,MODIFY_DATE,USE_YN,ORDER_NO,PRODUCT_NAME) values (1020,3,to_date('24/11/23','RR/MM/DD'),null,to_date('24/11/23','RR/MM/DD'),null,1003,'발렌타인 12년 700ml');
Insert into TBL_ORDERING_PRODUCT (PRODUCT_NO,ORDER_COUNT,CREATE_DATE,MODIFIER,MODIFY_DATE,USE_YN,ORDER_NO,PRODUCT_NAME) values (1019,0,to_date('24/11/23','RR/MM/DD'),null,to_date('24/11/23','RR/MM/DD'),null,1003,'롱섬 와인 750ml');
Insert into TBL_ORDERING_PRODUCT (PRODUCT_NO,ORDER_COUNT,CREATE_DATE,MODIFIER,MODIFY_DATE,USE_YN,ORDER_NO,PRODUCT_NAME) values (1018,3,to_date('24/11/23','RR/MM/DD'),null,to_date('24/11/23','RR/MM/DD'),null,1003,'맥스 500ml');
Insert into TBL_ORDERING_PRODUCT (PRODUCT_NO,ORDER_COUNT,CREATE_DATE,MODIFIER,MODIFY_DATE,USE_YN,ORDER_NO,PRODUCT_NAME) values (1017,0,to_date('24/11/23','RR/MM/DD'),null,to_date('24/11/23','RR/MM/DD'),null,1003,'하이트 진로 500ml');
Insert into TBL_ORDERING_PRODUCT (PRODUCT_NO,ORDER_COUNT,CREATE_DATE,MODIFIER,MODIFY_DATE,USE_YN,ORDER_NO,PRODUCT_NAME) values (1016,4,to_date('24/11/23','RR/MM/DD'),null,to_date('24/11/23','RR/MM/DD'),null,1003,'참이슬 Fresh 360ml');
Insert into TBL_ORDERING_PRODUCT (PRODUCT_NO,ORDER_COUNT,CREATE_DATE,MODIFIER,MODIFY_DATE,USE_YN,ORDER_NO,PRODUCT_NAME) values (1015,1,to_date('24/11/23','RR/MM/DD'),null,to_date('24/11/23','RR/MM/DD'),null,1003,'스파게티');
Insert into TBL_ORDERING_PRODUCT (PRODUCT_NO,ORDER_COUNT,CREATE_DATE,MODIFIER,MODIFY_DATE,USE_YN,ORDER_NO,PRODUCT_NAME) values (1014,0,to_date('24/11/23','RR/MM/DD'),null,to_date('24/11/23','RR/MM/DD'),null,1003,'피자');
Insert into TBL_ORDERING_PRODUCT (PRODUCT_NO,ORDER_COUNT,CREATE_DATE,MODIFIER,MODIFY_DATE,USE_YN,ORDER_NO,PRODUCT_NAME) values (1013,0,to_date('24/11/23','RR/MM/DD'),null,to_date('24/11/23','RR/MM/DD'),null,1003,'커스터드빵');
Insert into TBL_ORDERING_PRODUCT (PRODUCT_NO,ORDER_COUNT,CREATE_DATE,MODIFIER,MODIFY_DATE,USE_YN,ORDER_NO,PRODUCT_NAME) values (1012,0,to_date('24/11/23','RR/MM/DD'),null,to_date('24/11/23','RR/MM/DD'),null,1003,'소시지빵');
Insert into TBL_ORDERING_PRODUCT (PRODUCT_NO,ORDER_COUNT,CREATE_DATE,MODIFIER,MODIFY_DATE,USE_YN,ORDER_NO,PRODUCT_NAME) values (1011,0,to_date('24/11/23','RR/MM/DD'),null,to_date('24/11/23','RR/MM/DD'),null,1003,'김치찌개');
Insert into TBL_ORDERING_PRODUCT (PRODUCT_NO,ORDER_COUNT,CREATE_DATE,MODIFIER,MODIFY_DATE,USE_YN,ORDER_NO,PRODUCT_NAME) values (1010,0,to_date('24/11/23','RR/MM/DD'),null,to_date('24/11/23','RR/MM/DD'),null,1003,'떡볶이');
Insert into TBL_ORDERING_PRODUCT (PRODUCT_NO,ORDER_COUNT,CREATE_DATE,MODIFIER,MODIFY_DATE,USE_YN,ORDER_NO,PRODUCT_NAME) values (1009,0,to_date('24/11/23','RR/MM/DD'),null,to_date('24/11/23','RR/MM/DD'),null,1003,'라면');
Insert into TBL_ORDERING_PRODUCT (PRODUCT_NO,ORDER_COUNT,CREATE_DATE,MODIFIER,MODIFY_DATE,USE_YN,ORDER_NO,PRODUCT_NAME) values (1008,0,to_date('24/11/23','RR/MM/DD'),null,to_date('24/11/23','RR/MM/DD'),null,1003,'초코파이');
Insert into TBL_ORDERING_PRODUCT (PRODUCT_NO,ORDER_COUNT,CREATE_DATE,MODIFIER,MODIFY_DATE,USE_YN,ORDER_NO,PRODUCT_NAME) values (1007,0,to_date('24/11/23','RR/MM/DD'),null,to_date('24/11/23','RR/MM/DD'),null,1003,'커피');
Insert into TBL_ORDERING_PRODUCT (PRODUCT_NO,ORDER_COUNT,CREATE_DATE,MODIFIER,MODIFY_DATE,USE_YN,ORDER_NO,PRODUCT_NAME) values (1006,0,to_date('24/11/23','RR/MM/DD'),null,to_date('24/11/23','RR/MM/DD'),null,1003,'삼각김밥');
Insert into TBL_ORDERING_PRODUCT (PRODUCT_NO,ORDER_COUNT,CREATE_DATE,MODIFIER,MODIFY_DATE,USE_YN,ORDER_NO,PRODUCT_NAME) values (1005,3,to_date('24/11/23','RR/MM/DD'),null,to_date('24/11/23','RR/MM/DD'),null,1003,'과일주스');
Insert into TBL_ORDERING_PRODUCT (PRODUCT_NO,ORDER_COUNT,CREATE_DATE,MODIFIER,MODIFY_DATE,USE_YN,ORDER_NO,PRODUCT_NAME) values (1004,0,to_date('24/11/23','RR/MM/DD'),null,to_date('24/11/23','RR/MM/DD'),null,1003,'아이스크림');
Insert into TBL_ORDERING_PRODUCT (PRODUCT_NO,ORDER_COUNT,CREATE_DATE,MODIFIER,MODIFY_DATE,USE_YN,ORDER_NO,PRODUCT_NAME) values (1003,3,to_date('24/11/23','RR/MM/DD'),null,to_date('24/11/23','RR/MM/DD'),null,1003,'컵라면');
Insert into TBL_ORDERING_PRODUCT (PRODUCT_NO,ORDER_COUNT,CREATE_DATE,MODIFIER,MODIFY_DATE,USE_YN,ORDER_NO,PRODUCT_NAME) values (1002,2,to_date('24/11/23','RR/MM/DD'),null,to_date('24/11/23','RR/MM/DD'),null,1003,'김밥');
Insert into TBL_ORDERING_PRODUCT (PRODUCT_NO,ORDER_COUNT,CREATE_DATE,MODIFIER,MODIFY_DATE,USE_YN,ORDER_NO,PRODUCT_NAME) values (1001,0,to_date('24/11/23','RR/MM/DD'),null,to_date('24/11/23','RR/MM/DD'),null,1003,'핫도그');
Insert into TBL_ORDERING_PRODUCT (PRODUCT_NO,ORDER_COUNT,CREATE_DATE,MODIFIER,MODIFY_DATE,USE_YN,ORDER_NO,PRODUCT_NAME) values (1021,1,to_date('24/11/23','RR/MM/DD'),null,to_date('24/11/23','RR/MM/DD'),null,1004,'야마자키 12년산  700ml ');
Insert into TBL_ORDERING_PRODUCT (PRODUCT_NO,ORDER_COUNT,CREATE_DATE,MODIFIER,MODIFY_DATE,USE_YN,ORDER_NO,PRODUCT_NAME) values (1020,1,to_date('24/11/23','RR/MM/DD'),null,to_date('24/11/23','RR/MM/DD'),null,1004,'발렌타인 12년 700ml');
Insert into TBL_ORDERING_PRODUCT (PRODUCT_NO,ORDER_COUNT,CREATE_DATE,MODIFIER,MODIFY_DATE,USE_YN,ORDER_NO,PRODUCT_NAME) values (1019,5,to_date('24/11/23','RR/MM/DD'),null,to_date('24/11/23','RR/MM/DD'),null,1004,'롱섬 와인 750ml');
Insert into TBL_ORDERING_PRODUCT (PRODUCT_NO,ORDER_COUNT,CREATE_DATE,MODIFIER,MODIFY_DATE,USE_YN,ORDER_NO,PRODUCT_NAME) values (1018,5,to_date('24/11/23','RR/MM/DD'),null,to_date('24/11/23','RR/MM/DD'),null,1004,'맥스 500ml');
Insert into TBL_ORDERING_PRODUCT (PRODUCT_NO,ORDER_COUNT,CREATE_DATE,MODIFIER,MODIFY_DATE,USE_YN,ORDER_NO,PRODUCT_NAME) values (1017,6,to_date('24/11/23','RR/MM/DD'),null,to_date('24/11/23','RR/MM/DD'),null,1004,'하이트 진로 500ml');
Insert into TBL_ORDERING_PRODUCT (PRODUCT_NO,ORDER_COUNT,CREATE_DATE,MODIFIER,MODIFY_DATE,USE_YN,ORDER_NO,PRODUCT_NAME) values (1016,6,to_date('24/11/23','RR/MM/DD'),null,to_date('24/11/23','RR/MM/DD'),null,1004,'참이슬 Fresh 360ml');
Insert into TBL_ORDERING_PRODUCT (PRODUCT_NO,ORDER_COUNT,CREATE_DATE,MODIFIER,MODIFY_DATE,USE_YN,ORDER_NO,PRODUCT_NAME) values (1015,7,to_date('24/11/23','RR/MM/DD'),null,to_date('24/11/23','RR/MM/DD'),null,1004,'스파게티');
Insert into TBL_ORDERING_PRODUCT (PRODUCT_NO,ORDER_COUNT,CREATE_DATE,MODIFIER,MODIFY_DATE,USE_YN,ORDER_NO,PRODUCT_NAME) values (1014,7,to_date('24/11/23','RR/MM/DD'),null,to_date('24/11/23','RR/MM/DD'),null,1004,'피자');
Insert into TBL_ORDERING_PRODUCT (PRODUCT_NO,ORDER_COUNT,CREATE_DATE,MODIFIER,MODIFY_DATE,USE_YN,ORDER_NO,PRODUCT_NAME) values (1013,0,to_date('24/11/23','RR/MM/DD'),null,to_date('24/11/23','RR/MM/DD'),null,1004,'커스터드빵');
Insert into TBL_ORDERING_PRODUCT (PRODUCT_NO,ORDER_COUNT,CREATE_DATE,MODIFIER,MODIFY_DATE,USE_YN,ORDER_NO,PRODUCT_NAME) values (1012,0,to_date('24/11/23','RR/MM/DD'),null,to_date('24/11/23','RR/MM/DD'),null,1004,'소시지빵');
Insert into TBL_ORDERING_PRODUCT (PRODUCT_NO,ORDER_COUNT,CREATE_DATE,MODIFIER,MODIFY_DATE,USE_YN,ORDER_NO,PRODUCT_NAME) values (1011,0,to_date('24/11/23','RR/MM/DD'),null,to_date('24/11/23','RR/MM/DD'),null,1004,'김치찌개');
Insert into TBL_ORDERING_PRODUCT (PRODUCT_NO,ORDER_COUNT,CREATE_DATE,MODIFIER,MODIFY_DATE,USE_YN,ORDER_NO,PRODUCT_NAME) values (1010,0,to_date('24/11/23','RR/MM/DD'),null,to_date('24/11/23','RR/MM/DD'),null,1004,'떡볶이');
Insert into TBL_ORDERING_PRODUCT (PRODUCT_NO,ORDER_COUNT,CREATE_DATE,MODIFIER,MODIFY_DATE,USE_YN,ORDER_NO,PRODUCT_NAME) values (1009,1,to_date('24/11/23','RR/MM/DD'),null,to_date('24/11/23','RR/MM/DD'),null,1004,'라면');
Insert into TBL_ORDERING_PRODUCT (PRODUCT_NO,ORDER_COUNT,CREATE_DATE,MODIFIER,MODIFY_DATE,USE_YN,ORDER_NO,PRODUCT_NAME) values (1008,1,to_date('24/11/23','RR/MM/DD'),null,to_date('24/11/23','RR/MM/DD'),null,1004,'초코파이');
Insert into TBL_ORDERING_PRODUCT (PRODUCT_NO,ORDER_COUNT,CREATE_DATE,MODIFIER,MODIFY_DATE,USE_YN,ORDER_NO,PRODUCT_NAME) values (1007,1,to_date('24/11/23','RR/MM/DD'),null,to_date('24/11/23','RR/MM/DD'),null,1004,'커피');
Insert into TBL_ORDERING_PRODUCT (PRODUCT_NO,ORDER_COUNT,CREATE_DATE,MODIFIER,MODIFY_DATE,USE_YN,ORDER_NO,PRODUCT_NAME) values (1006,5,to_date('24/11/23','RR/MM/DD'),null,to_date('24/11/23','RR/MM/DD'),null,1004,'삼각김밥');
Insert into TBL_ORDERING_PRODUCT (PRODUCT_NO,ORDER_COUNT,CREATE_DATE,MODIFIER,MODIFY_DATE,USE_YN,ORDER_NO,PRODUCT_NAME) values (1005,5,to_date('24/11/23','RR/MM/DD'),null,to_date('24/11/23','RR/MM/DD'),null,1004,'과일주스');
Insert into TBL_ORDERING_PRODUCT (PRODUCT_NO,ORDER_COUNT,CREATE_DATE,MODIFIER,MODIFY_DATE,USE_YN,ORDER_NO,PRODUCT_NAME) values (1004,6,to_date('24/11/23','RR/MM/DD'),null,to_date('24/11/23','RR/MM/DD'),null,1004,'아이스크림');
Insert into TBL_ORDERING_PRODUCT (PRODUCT_NO,ORDER_COUNT,CREATE_DATE,MODIFIER,MODIFY_DATE,USE_YN,ORDER_NO,PRODUCT_NAME) values (1003,6,to_date('24/11/23','RR/MM/DD'),null,to_date('24/11/23','RR/MM/DD'),null,1004,'컵라면');
Insert into TBL_ORDERING_PRODUCT (PRODUCT_NO,ORDER_COUNT,CREATE_DATE,MODIFIER,MODIFY_DATE,USE_YN,ORDER_NO,PRODUCT_NAME) values (1002,7,to_date('24/11/23','RR/MM/DD'),null,to_date('24/11/23','RR/MM/DD'),null,1004,'김밥');
Insert into TBL_ORDERING_PRODUCT (PRODUCT_NO,ORDER_COUNT,CREATE_DATE,MODIFIER,MODIFY_DATE,USE_YN,ORDER_NO,PRODUCT_NAME) values (1001,8,to_date('24/11/23','RR/MM/DD'),null,to_date('24/11/23','RR/MM/DD'),null,1004,'핫도그');
Insert into TBL_ORDERING_PRODUCT (PRODUCT_NO,ORDER_COUNT,CREATE_DATE,MODIFIER,MODIFY_DATE,USE_YN,ORDER_NO,PRODUCT_NAME) values (1021,5,to_date('24/11/23','RR/MM/DD'),null,to_date('24/11/23','RR/MM/DD'),null,1005,'야마자키 12년산  700ml ');
Insert into TBL_ORDERING_PRODUCT (PRODUCT_NO,ORDER_COUNT,CREATE_DATE,MODIFIER,MODIFY_DATE,USE_YN,ORDER_NO,PRODUCT_NAME) values (1020,1,to_date('24/11/23','RR/MM/DD'),null,to_date('24/11/23','RR/MM/DD'),null,1005,'발렌타인 12년 700ml');
Insert into TBL_ORDERING_PRODUCT (PRODUCT_NO,ORDER_COUNT,CREATE_DATE,MODIFIER,MODIFY_DATE,USE_YN,ORDER_NO,PRODUCT_NAME) values (1019,1,to_date('24/11/23','RR/MM/DD'),null,to_date('24/11/23','RR/MM/DD'),null,1005,'롱섬 와인 750ml');
Insert into TBL_ORDERING_PRODUCT (PRODUCT_NO,ORDER_COUNT,CREATE_DATE,MODIFIER,MODIFY_DATE,USE_YN,ORDER_NO,PRODUCT_NAME) values (1018,1,to_date('24/11/23','RR/MM/DD'),null,to_date('24/11/23','RR/MM/DD'),null,1005,'맥스 500ml');
Insert into TBL_ORDERING_PRODUCT (PRODUCT_NO,ORDER_COUNT,CREATE_DATE,MODIFIER,MODIFY_DATE,USE_YN,ORDER_NO,PRODUCT_NAME) values (1017,1,to_date('24/11/23','RR/MM/DD'),null,to_date('24/11/23','RR/MM/DD'),null,1005,'하이트 진로 500ml');
Insert into TBL_ORDERING_PRODUCT (PRODUCT_NO,ORDER_COUNT,CREATE_DATE,MODIFIER,MODIFY_DATE,USE_YN,ORDER_NO,PRODUCT_NAME) values (1016,1,to_date('24/11/23','RR/MM/DD'),null,to_date('24/11/23','RR/MM/DD'),null,1005,'참이슬 Fresh 360ml');
Insert into TBL_ORDERING_PRODUCT (PRODUCT_NO,ORDER_COUNT,CREATE_DATE,MODIFIER,MODIFY_DATE,USE_YN,ORDER_NO,PRODUCT_NAME) values (1015,1,to_date('24/11/23','RR/MM/DD'),null,to_date('24/11/23','RR/MM/DD'),null,1005,'스파게티');
Insert into TBL_ORDERING_PRODUCT (PRODUCT_NO,ORDER_COUNT,CREATE_DATE,MODIFIER,MODIFY_DATE,USE_YN,ORDER_NO,PRODUCT_NAME) values (1014,1,to_date('24/11/23','RR/MM/DD'),null,to_date('24/11/23','RR/MM/DD'),null,1005,'피자');
Insert into TBL_ORDERING_PRODUCT (PRODUCT_NO,ORDER_COUNT,CREATE_DATE,MODIFIER,MODIFY_DATE,USE_YN,ORDER_NO,PRODUCT_NAME) values (1013,2,to_date('24/11/23','RR/MM/DD'),null,to_date('24/11/23','RR/MM/DD'),null,1005,'커스터드빵');
Insert into TBL_ORDERING_PRODUCT (PRODUCT_NO,ORDER_COUNT,CREATE_DATE,MODIFIER,MODIFY_DATE,USE_YN,ORDER_NO,PRODUCT_NAME) values (1012,2,to_date('24/11/23','RR/MM/DD'),null,to_date('24/11/23','RR/MM/DD'),null,1005,'소시지빵');
Insert into TBL_ORDERING_PRODUCT (PRODUCT_NO,ORDER_COUNT,CREATE_DATE,MODIFIER,MODIFY_DATE,USE_YN,ORDER_NO,PRODUCT_NAME) values (1011,2,to_date('24/11/23','RR/MM/DD'),null,to_date('24/11/23','RR/MM/DD'),null,1005,'김치찌개');
Insert into TBL_ORDERING_PRODUCT (PRODUCT_NO,ORDER_COUNT,CREATE_DATE,MODIFIER,MODIFY_DATE,USE_YN,ORDER_NO,PRODUCT_NAME) values (1010,2,to_date('24/11/23','RR/MM/DD'),null,to_date('24/11/23','RR/MM/DD'),null,1005,'떡볶이');
Insert into TBL_ORDERING_PRODUCT (PRODUCT_NO,ORDER_COUNT,CREATE_DATE,MODIFIER,MODIFY_DATE,USE_YN,ORDER_NO,PRODUCT_NAME) values (1009,2,to_date('24/11/23','RR/MM/DD'),null,to_date('24/11/23','RR/MM/DD'),null,1005,'라면');
Insert into TBL_ORDERING_PRODUCT (PRODUCT_NO,ORDER_COUNT,CREATE_DATE,MODIFIER,MODIFY_DATE,USE_YN,ORDER_NO,PRODUCT_NAME) values (1008,1,to_date('24/11/23','RR/MM/DD'),null,to_date('24/11/23','RR/MM/DD'),null,1005,'초코파이');
Insert into TBL_ORDERING_PRODUCT (PRODUCT_NO,ORDER_COUNT,CREATE_DATE,MODIFIER,MODIFY_DATE,USE_YN,ORDER_NO,PRODUCT_NAME) values (1007,1,to_date('24/11/23','RR/MM/DD'),null,to_date('24/11/23','RR/MM/DD'),null,1005,'커피');
Insert into TBL_ORDERING_PRODUCT (PRODUCT_NO,ORDER_COUNT,CREATE_DATE,MODIFIER,MODIFY_DATE,USE_YN,ORDER_NO,PRODUCT_NAME) values (1006,1,to_date('24/11/23','RR/MM/DD'),null,to_date('24/11/23','RR/MM/DD'),null,1005,'삼각김밥');
Insert into TBL_ORDERING_PRODUCT (PRODUCT_NO,ORDER_COUNT,CREATE_DATE,MODIFIER,MODIFY_DATE,USE_YN,ORDER_NO,PRODUCT_NAME) values (1005,1,to_date('24/11/23','RR/MM/DD'),null,to_date('24/11/23','RR/MM/DD'),null,1005,'과일주스');
Insert into TBL_ORDERING_PRODUCT (PRODUCT_NO,ORDER_COUNT,CREATE_DATE,MODIFIER,MODIFY_DATE,USE_YN,ORDER_NO,PRODUCT_NAME) values (1004,1,to_date('24/11/23','RR/MM/DD'),null,to_date('24/11/23','RR/MM/DD'),null,1005,'아이스크림');
Insert into TBL_ORDERING_PRODUCT (PRODUCT_NO,ORDER_COUNT,CREATE_DATE,MODIFIER,MODIFY_DATE,USE_YN,ORDER_NO,PRODUCT_NAME) values (1003,3,to_date('24/11/23','RR/MM/DD'),null,to_date('24/11/23','RR/MM/DD'),null,1005,'컵라면');
Insert into TBL_ORDERING_PRODUCT (PRODUCT_NO,ORDER_COUNT,CREATE_DATE,MODIFIER,MODIFY_DATE,USE_YN,ORDER_NO,PRODUCT_NAME) values (1002,3,to_date('24/11/23','RR/MM/DD'),null,to_date('24/11/23','RR/MM/DD'),null,1005,'김밥');
Insert into TBL_ORDERING_PRODUCT (PRODUCT_NO,ORDER_COUNT,CREATE_DATE,MODIFIER,MODIFY_DATE,USE_YN,ORDER_NO,PRODUCT_NAME) values (1001,5,to_date('24/11/23','RR/MM/DD'),null,to_date('24/11/23','RR/MM/DD'),null,1005,'핫도그');
Insert into TBL_ORDERING_PRODUCT (PRODUCT_NO,ORDER_COUNT,CREATE_DATE,MODIFIER,MODIFY_DATE,USE_YN,ORDER_NO,PRODUCT_NAME) values (1021,1,to_date('24/11/23','RR/MM/DD'),null,to_date('24/11/23','RR/MM/DD'),null,1006,'야마자키 12년산  700ml ');
Insert into TBL_ORDERING_PRODUCT (PRODUCT_NO,ORDER_COUNT,CREATE_DATE,MODIFIER,MODIFY_DATE,USE_YN,ORDER_NO,PRODUCT_NAME) values (1020,1,to_date('24/11/23','RR/MM/DD'),null,to_date('24/11/23','RR/MM/DD'),null,1006,'발렌타인 12년 700ml');
Insert into TBL_ORDERING_PRODUCT (PRODUCT_NO,ORDER_COUNT,CREATE_DATE,MODIFIER,MODIFY_DATE,USE_YN,ORDER_NO,PRODUCT_NAME) values (1019,1,to_date('24/11/23','RR/MM/DD'),null,to_date('24/11/23','RR/MM/DD'),null,1006,'롱섬 와인 750ml');
Insert into TBL_ORDERING_PRODUCT (PRODUCT_NO,ORDER_COUNT,CREATE_DATE,MODIFIER,MODIFY_DATE,USE_YN,ORDER_NO,PRODUCT_NAME) values (1018,5,to_date('24/11/23','RR/MM/DD'),null,to_date('24/11/23','RR/MM/DD'),null,1006,'맥스 500ml');
Insert into TBL_ORDERING_PRODUCT (PRODUCT_NO,ORDER_COUNT,CREATE_DATE,MODIFIER,MODIFY_DATE,USE_YN,ORDER_NO,PRODUCT_NAME) values (1017,5,to_date('24/11/23','RR/MM/DD'),null,to_date('24/11/23','RR/MM/DD'),null,1006,'하이트 진로 500ml');
Insert into TBL_ORDERING_PRODUCT (PRODUCT_NO,ORDER_COUNT,CREATE_DATE,MODIFIER,MODIFY_DATE,USE_YN,ORDER_NO,PRODUCT_NAME) values (1016,5,to_date('24/11/23','RR/MM/DD'),null,to_date('24/11/23','RR/MM/DD'),null,1006,'참이슬 Fresh 360ml');
Insert into TBL_ORDERING_PRODUCT (PRODUCT_NO,ORDER_COUNT,CREATE_DATE,MODIFIER,MODIFY_DATE,USE_YN,ORDER_NO,PRODUCT_NAME) values (1015,3,to_date('24/11/23','RR/MM/DD'),null,to_date('24/11/23','RR/MM/DD'),null,1006,'스파게티');
Insert into TBL_ORDERING_PRODUCT (PRODUCT_NO,ORDER_COUNT,CREATE_DATE,MODIFIER,MODIFY_DATE,USE_YN,ORDER_NO,PRODUCT_NAME) values (1014,3,to_date('24/11/23','RR/MM/DD'),null,to_date('24/11/23','RR/MM/DD'),null,1006,'피자');
Insert into TBL_ORDERING_PRODUCT (PRODUCT_NO,ORDER_COUNT,CREATE_DATE,MODIFIER,MODIFY_DATE,USE_YN,ORDER_NO,PRODUCT_NAME) values (1013,3,to_date('24/11/23','RR/MM/DD'),null,to_date('24/11/23','RR/MM/DD'),null,1006,'커스터드빵');
Insert into TBL_ORDERING_PRODUCT (PRODUCT_NO,ORDER_COUNT,CREATE_DATE,MODIFIER,MODIFY_DATE,USE_YN,ORDER_NO,PRODUCT_NAME) values (1012,2,to_date('24/11/23','RR/MM/DD'),null,to_date('24/11/23','RR/MM/DD'),null,1006,'소시지빵');
Insert into TBL_ORDERING_PRODUCT (PRODUCT_NO,ORDER_COUNT,CREATE_DATE,MODIFIER,MODIFY_DATE,USE_YN,ORDER_NO,PRODUCT_NAME) values (1011,2,to_date('24/11/23','RR/MM/DD'),null,to_date('24/11/23','RR/MM/DD'),null,1006,'김치찌개');
Insert into TBL_ORDERING_PRODUCT (PRODUCT_NO,ORDER_COUNT,CREATE_DATE,MODIFIER,MODIFY_DATE,USE_YN,ORDER_NO,PRODUCT_NAME) values (1010,2,to_date('24/11/23','RR/MM/DD'),null,to_date('24/11/23','RR/MM/DD'),null,1006,'떡볶이');
Insert into TBL_ORDERING_PRODUCT (PRODUCT_NO,ORDER_COUNT,CREATE_DATE,MODIFIER,MODIFY_DATE,USE_YN,ORDER_NO,PRODUCT_NAME) values (1009,2,to_date('24/11/23','RR/MM/DD'),null,to_date('24/11/23','RR/MM/DD'),null,1006,'라면');
Insert into TBL_ORDERING_PRODUCT (PRODUCT_NO,ORDER_COUNT,CREATE_DATE,MODIFIER,MODIFY_DATE,USE_YN,ORDER_NO,PRODUCT_NAME) values (1008,2,to_date('24/11/23','RR/MM/DD'),null,to_date('24/11/23','RR/MM/DD'),null,1006,'초코파이');
Insert into TBL_ORDERING_PRODUCT (PRODUCT_NO,ORDER_COUNT,CREATE_DATE,MODIFIER,MODIFY_DATE,USE_YN,ORDER_NO,PRODUCT_NAME) values (1007,2,to_date('24/11/23','RR/MM/DD'),null,to_date('24/11/23','RR/MM/DD'),null,1006,'커피');
Insert into TBL_ORDERING_PRODUCT (PRODUCT_NO,ORDER_COUNT,CREATE_DATE,MODIFIER,MODIFY_DATE,USE_YN,ORDER_NO,PRODUCT_NAME) values (1006,2,to_date('24/11/23','RR/MM/DD'),null,to_date('24/11/23','RR/MM/DD'),null,1006,'삼각김밥');
Insert into TBL_ORDERING_PRODUCT (PRODUCT_NO,ORDER_COUNT,CREATE_DATE,MODIFIER,MODIFY_DATE,USE_YN,ORDER_NO,PRODUCT_NAME) values (1005,2,to_date('24/11/23','RR/MM/DD'),null,to_date('24/11/23','RR/MM/DD'),null,1006,'과일주스');
Insert into TBL_ORDERING_PRODUCT (PRODUCT_NO,ORDER_COUNT,CREATE_DATE,MODIFIER,MODIFY_DATE,USE_YN,ORDER_NO,PRODUCT_NAME) values (1004,2,to_date('24/11/23','RR/MM/DD'),null,to_date('24/11/23','RR/MM/DD'),null,1006,'아이스크림');
Insert into TBL_ORDERING_PRODUCT (PRODUCT_NO,ORDER_COUNT,CREATE_DATE,MODIFIER,MODIFY_DATE,USE_YN,ORDER_NO,PRODUCT_NAME) values (1003,2,to_date('24/11/23','RR/MM/DD'),null,to_date('24/11/23','RR/MM/DD'),null,1006,'컵라면');
Insert into TBL_ORDERING_PRODUCT (PRODUCT_NO,ORDER_COUNT,CREATE_DATE,MODIFIER,MODIFY_DATE,USE_YN,ORDER_NO,PRODUCT_NAME) values (1002,2,to_date('24/11/23','RR/MM/DD'),null,to_date('24/11/23','RR/MM/DD'),null,1006,'김밥');
Insert into TBL_ORDERING_PRODUCT (PRODUCT_NO,ORDER_COUNT,CREATE_DATE,MODIFIER,MODIFY_DATE,USE_YN,ORDER_NO,PRODUCT_NAME) values (1001,2,to_date('24/11/23','RR/MM/DD'),null,to_date('24/11/23','RR/MM/DD'),null,1006,'핫도그');
Insert into TBL_ORDERING_PRODUCT (PRODUCT_NO,ORDER_COUNT,CREATE_DATE,MODIFIER,MODIFY_DATE,USE_YN,ORDER_NO,PRODUCT_NAME) values (1021,1,to_date('24/11/23','RR/MM/DD'),null,to_date('24/11/23','RR/MM/DD'),null,1007,'야마자키 12년산  700ml ');
Insert into TBL_ORDERING_PRODUCT (PRODUCT_NO,ORDER_COUNT,CREATE_DATE,MODIFIER,MODIFY_DATE,USE_YN,ORDER_NO,PRODUCT_NAME) values (1020,1,to_date('24/11/23','RR/MM/DD'),null,to_date('24/11/23','RR/MM/DD'),null,1007,'발렌타인 12년 700ml');
Insert into TBL_ORDERING_PRODUCT (PRODUCT_NO,ORDER_COUNT,CREATE_DATE,MODIFIER,MODIFY_DATE,USE_YN,ORDER_NO,PRODUCT_NAME) values (1019,1,to_date('24/11/23','RR/MM/DD'),null,to_date('24/11/23','RR/MM/DD'),null,1007,'롱섬 와인 750ml');
Insert into TBL_ORDERING_PRODUCT (PRODUCT_NO,ORDER_COUNT,CREATE_DATE,MODIFIER,MODIFY_DATE,USE_YN,ORDER_NO,PRODUCT_NAME) values (1018,1,to_date('24/11/23','RR/MM/DD'),null,to_date('24/11/23','RR/MM/DD'),null,1007,'맥스 500ml');
Insert into TBL_ORDERING_PRODUCT (PRODUCT_NO,ORDER_COUNT,CREATE_DATE,MODIFIER,MODIFY_DATE,USE_YN,ORDER_NO,PRODUCT_NAME) values (1017,1,to_date('24/11/23','RR/MM/DD'),null,to_date('24/11/23','RR/MM/DD'),null,1007,'하이트 진로 500ml');
Insert into TBL_ORDERING_PRODUCT (PRODUCT_NO,ORDER_COUNT,CREATE_DATE,MODIFIER,MODIFY_DATE,USE_YN,ORDER_NO,PRODUCT_NAME) values (1016,1,to_date('24/11/23','RR/MM/DD'),null,to_date('24/11/23','RR/MM/DD'),null,1007,'참이슬 Fresh 360ml');
Insert into TBL_ORDERING_PRODUCT (PRODUCT_NO,ORDER_COUNT,CREATE_DATE,MODIFIER,MODIFY_DATE,USE_YN,ORDER_NO,PRODUCT_NAME) values (1015,1,to_date('24/11/23','RR/MM/DD'),null,to_date('24/11/23','RR/MM/DD'),null,1007,'스파게티');
Insert into TBL_ORDERING_PRODUCT (PRODUCT_NO,ORDER_COUNT,CREATE_DATE,MODIFIER,MODIFY_DATE,USE_YN,ORDER_NO,PRODUCT_NAME) values (1014,1,to_date('24/11/23','RR/MM/DD'),null,to_date('24/11/23','RR/MM/DD'),null,1007,'피자');
Insert into TBL_ORDERING_PRODUCT (PRODUCT_NO,ORDER_COUNT,CREATE_DATE,MODIFIER,MODIFY_DATE,USE_YN,ORDER_NO,PRODUCT_NAME) values (1013,1,to_date('24/11/23','RR/MM/DD'),null,to_date('24/11/23','RR/MM/DD'),null,1007,'커스터드빵');
Insert into TBL_ORDERING_PRODUCT (PRODUCT_NO,ORDER_COUNT,CREATE_DATE,MODIFIER,MODIFY_DATE,USE_YN,ORDER_NO,PRODUCT_NAME) values (1012,1,to_date('24/11/23','RR/MM/DD'),null,to_date('24/11/23','RR/MM/DD'),null,1007,'소시지빵');
Insert into TBL_ORDERING_PRODUCT (PRODUCT_NO,ORDER_COUNT,CREATE_DATE,MODIFIER,MODIFY_DATE,USE_YN,ORDER_NO,PRODUCT_NAME) values (1011,2,to_date('24/11/23','RR/MM/DD'),null,to_date('24/11/23','RR/MM/DD'),null,1007,'김치찌개');
Insert into TBL_ORDERING_PRODUCT (PRODUCT_NO,ORDER_COUNT,CREATE_DATE,MODIFIER,MODIFY_DATE,USE_YN,ORDER_NO,PRODUCT_NAME) values (1010,2,to_date('24/11/23','RR/MM/DD'),null,to_date('24/11/23','RR/MM/DD'),null,1007,'떡볶이');
Insert into TBL_ORDERING_PRODUCT (PRODUCT_NO,ORDER_COUNT,CREATE_DATE,MODIFIER,MODIFY_DATE,USE_YN,ORDER_NO,PRODUCT_NAME) values (1009,2,to_date('24/11/23','RR/MM/DD'),null,to_date('24/11/23','RR/MM/DD'),null,1007,'라면');
Insert into TBL_ORDERING_PRODUCT (PRODUCT_NO,ORDER_COUNT,CREATE_DATE,MODIFIER,MODIFY_DATE,USE_YN,ORDER_NO,PRODUCT_NAME) values (1008,3,to_date('24/11/23','RR/MM/DD'),null,to_date('24/11/23','RR/MM/DD'),null,1007,'초코파이');
Insert into TBL_ORDERING_PRODUCT (PRODUCT_NO,ORDER_COUNT,CREATE_DATE,MODIFIER,MODIFY_DATE,USE_YN,ORDER_NO,PRODUCT_NAME) values (1007,2,to_date('24/11/23','RR/MM/DD'),null,to_date('24/11/23','RR/MM/DD'),null,1007,'커피');
Insert into TBL_ORDERING_PRODUCT (PRODUCT_NO,ORDER_COUNT,CREATE_DATE,MODIFIER,MODIFY_DATE,USE_YN,ORDER_NO,PRODUCT_NAME) values (1006,0,to_date('24/11/23','RR/MM/DD'),null,to_date('24/11/23','RR/MM/DD'),null,1007,'삼각김밥');
Insert into TBL_ORDERING_PRODUCT (PRODUCT_NO,ORDER_COUNT,CREATE_DATE,MODIFIER,MODIFY_DATE,USE_YN,ORDER_NO,PRODUCT_NAME) values (1005,0,to_date('24/11/23','RR/MM/DD'),null,to_date('24/11/23','RR/MM/DD'),null,1007,'과일주스');
Insert into TBL_ORDERING_PRODUCT (PRODUCT_NO,ORDER_COUNT,CREATE_DATE,MODIFIER,MODIFY_DATE,USE_YN,ORDER_NO,PRODUCT_NAME) values (1004,0,to_date('24/11/23','RR/MM/DD'),null,to_date('24/11/23','RR/MM/DD'),null,1007,'아이스크림');
Insert into TBL_ORDERING_PRODUCT (PRODUCT_NO,ORDER_COUNT,CREATE_DATE,MODIFIER,MODIFY_DATE,USE_YN,ORDER_NO,PRODUCT_NAME) values (1003,0,to_date('24/11/23','RR/MM/DD'),null,to_date('24/11/23','RR/MM/DD'),null,1007,'컵라면');
Insert into TBL_ORDERING_PRODUCT (PRODUCT_NO,ORDER_COUNT,CREATE_DATE,MODIFIER,MODIFY_DATE,USE_YN,ORDER_NO,PRODUCT_NAME) values (1002,0,to_date('24/11/23','RR/MM/DD'),null,to_date('24/11/23','RR/MM/DD'),null,1007,'김밥');
Insert into TBL_ORDERING_PRODUCT (PRODUCT_NO,ORDER_COUNT,CREATE_DATE,MODIFIER,MODIFY_DATE,USE_YN,ORDER_NO,PRODUCT_NAME) values (1001,0,to_date('24/11/23','RR/MM/DD'),null,to_date('24/11/23','RR/MM/DD'),null,1007,'핫도그');
Insert into TBL_ORDERING_PRODUCT (PRODUCT_NO,ORDER_COUNT,CREATE_DATE,MODIFIER,MODIFY_DATE,USE_YN,ORDER_NO,PRODUCT_NAME) values (1021,1,to_date('24/11/23','RR/MM/DD'),null,to_date('24/11/23','RR/MM/DD'),null,1008,'야마자키 12년산  700ml ');
Insert into TBL_ORDERING_PRODUCT (PRODUCT_NO,ORDER_COUNT,CREATE_DATE,MODIFIER,MODIFY_DATE,USE_YN,ORDER_NO,PRODUCT_NAME) values (1020,1,to_date('24/11/23','RR/MM/DD'),null,to_date('24/11/23','RR/MM/DD'),null,1008,'발렌타인 12년 700ml');
Insert into TBL_ORDERING_PRODUCT (PRODUCT_NO,ORDER_COUNT,CREATE_DATE,MODIFIER,MODIFY_DATE,USE_YN,ORDER_NO,PRODUCT_NAME) values (1019,1,to_date('24/11/23','RR/MM/DD'),null,to_date('24/11/23','RR/MM/DD'),null,1008,'롱섬 와인 750ml');
Insert into TBL_ORDERING_PRODUCT (PRODUCT_NO,ORDER_COUNT,CREATE_DATE,MODIFIER,MODIFY_DATE,USE_YN,ORDER_NO,PRODUCT_NAME) values (1018,1,to_date('24/11/23','RR/MM/DD'),null,to_date('24/11/23','RR/MM/DD'),null,1008,'맥스 500ml');
Insert into TBL_ORDERING_PRODUCT (PRODUCT_NO,ORDER_COUNT,CREATE_DATE,MODIFIER,MODIFY_DATE,USE_YN,ORDER_NO,PRODUCT_NAME) values (1017,1,to_date('24/11/23','RR/MM/DD'),null,to_date('24/11/23','RR/MM/DD'),null,1008,'하이트 진로 500ml');
Insert into TBL_ORDERING_PRODUCT (PRODUCT_NO,ORDER_COUNT,CREATE_DATE,MODIFIER,MODIFY_DATE,USE_YN,ORDER_NO,PRODUCT_NAME) values (1016,1,to_date('24/11/23','RR/MM/DD'),null,to_date('24/11/23','RR/MM/DD'),null,1008,'참이슬 Fresh 360ml');
Insert into TBL_ORDERING_PRODUCT (PRODUCT_NO,ORDER_COUNT,CREATE_DATE,MODIFIER,MODIFY_DATE,USE_YN,ORDER_NO,PRODUCT_NAME) values (1015,1,to_date('24/11/23','RR/MM/DD'),null,to_date('24/11/23','RR/MM/DD'),null,1008,'스파게티');
Insert into TBL_ORDERING_PRODUCT (PRODUCT_NO,ORDER_COUNT,CREATE_DATE,MODIFIER,MODIFY_DATE,USE_YN,ORDER_NO,PRODUCT_NAME) values (1014,1,to_date('24/11/23','RR/MM/DD'),null,to_date('24/11/23','RR/MM/DD'),null,1008,'피자');
Insert into TBL_ORDERING_PRODUCT (PRODUCT_NO,ORDER_COUNT,CREATE_DATE,MODIFIER,MODIFY_DATE,USE_YN,ORDER_NO,PRODUCT_NAME) values (1013,1,to_date('24/11/23','RR/MM/DD'),null,to_date('24/11/23','RR/MM/DD'),null,1008,'커스터드빵');
Insert into TBL_ORDERING_PRODUCT (PRODUCT_NO,ORDER_COUNT,CREATE_DATE,MODIFIER,MODIFY_DATE,USE_YN,ORDER_NO,PRODUCT_NAME) values (1012,1,to_date('24/11/23','RR/MM/DD'),null,to_date('24/11/23','RR/MM/DD'),null,1008,'소시지빵');
Insert into TBL_ORDERING_PRODUCT (PRODUCT_NO,ORDER_COUNT,CREATE_DATE,MODIFIER,MODIFY_DATE,USE_YN,ORDER_NO,PRODUCT_NAME) values (1011,2,to_date('24/11/23','RR/MM/DD'),null,to_date('24/11/23','RR/MM/DD'),null,1008,'김치찌개');
Insert into TBL_ORDERING_PRODUCT (PRODUCT_NO,ORDER_COUNT,CREATE_DATE,MODIFIER,MODIFY_DATE,USE_YN,ORDER_NO,PRODUCT_NAME) values (1010,2,to_date('24/11/23','RR/MM/DD'),null,to_date('24/11/23','RR/MM/DD'),null,1008,'떡볶이');
Insert into TBL_ORDERING_PRODUCT (PRODUCT_NO,ORDER_COUNT,CREATE_DATE,MODIFIER,MODIFY_DATE,USE_YN,ORDER_NO,PRODUCT_NAME) values (1009,2,to_date('24/11/23','RR/MM/DD'),null,to_date('24/11/23','RR/MM/DD'),null,1008,'라면');
Insert into TBL_ORDERING_PRODUCT (PRODUCT_NO,ORDER_COUNT,CREATE_DATE,MODIFIER,MODIFY_DATE,USE_YN,ORDER_NO,PRODUCT_NAME) values (1008,3,to_date('24/11/23','RR/MM/DD'),null,to_date('24/11/23','RR/MM/DD'),null,1008,'초코파이');
Insert into TBL_ORDERING_PRODUCT (PRODUCT_NO,ORDER_COUNT,CREATE_DATE,MODIFIER,MODIFY_DATE,USE_YN,ORDER_NO,PRODUCT_NAME) values (1007,2,to_date('24/11/23','RR/MM/DD'),null,to_date('24/11/23','RR/MM/DD'),null,1008,'커피');
Insert into TBL_ORDERING_PRODUCT (PRODUCT_NO,ORDER_COUNT,CREATE_DATE,MODIFIER,MODIFY_DATE,USE_YN,ORDER_NO,PRODUCT_NAME) values (1006,0,to_date('24/11/23','RR/MM/DD'),null,to_date('24/11/23','RR/MM/DD'),null,1008,'삼각김밥');
Insert into TBL_ORDERING_PRODUCT (PRODUCT_NO,ORDER_COUNT,CREATE_DATE,MODIFIER,MODIFY_DATE,USE_YN,ORDER_NO,PRODUCT_NAME) values (1005,0,to_date('24/11/23','RR/MM/DD'),null,to_date('24/11/23','RR/MM/DD'),null,1008,'과일주스');
Insert into TBL_ORDERING_PRODUCT (PRODUCT_NO,ORDER_COUNT,CREATE_DATE,MODIFIER,MODIFY_DATE,USE_YN,ORDER_NO,PRODUCT_NAME) values (1004,0,to_date('24/11/23','RR/MM/DD'),null,to_date('24/11/23','RR/MM/DD'),null,1008,'아이스크림');
Insert into TBL_ORDERING_PRODUCT (PRODUCT_NO,ORDER_COUNT,CREATE_DATE,MODIFIER,MODIFY_DATE,USE_YN,ORDER_NO,PRODUCT_NAME) values (1003,0,to_date('24/11/23','RR/MM/DD'),null,to_date('24/11/23','RR/MM/DD'),null,1008,'컵라면');
Insert into TBL_ORDERING_PRODUCT (PRODUCT_NO,ORDER_COUNT,CREATE_DATE,MODIFIER,MODIFY_DATE,USE_YN,ORDER_NO,PRODUCT_NAME) values (1002,0,to_date('24/11/23','RR/MM/DD'),null,to_date('24/11/23','RR/MM/DD'),null,1008,'김밥');
Insert into TBL_ORDERING_PRODUCT (PRODUCT_NO,ORDER_COUNT,CREATE_DATE,MODIFIER,MODIFY_DATE,USE_YN,ORDER_NO,PRODUCT_NAME) values (1001,0,to_date('24/11/23','RR/MM/DD'),null,to_date('24/11/23','RR/MM/DD'),null,1008,'핫도그');
Insert into TBL_ORDERING_PRODUCT (PRODUCT_NO,ORDER_COUNT,CREATE_DATE,MODIFIER,MODIFY_DATE,USE_YN,ORDER_NO,PRODUCT_NAME) values (1021,1,to_date('24/11/23','RR/MM/DD'),null,to_date('24/11/23','RR/MM/DD'),null,1009,'야마자키 12년산  700ml ');
Insert into TBL_ORDERING_PRODUCT (PRODUCT_NO,ORDER_COUNT,CREATE_DATE,MODIFIER,MODIFY_DATE,USE_YN,ORDER_NO,PRODUCT_NAME) values (1020,1,to_date('24/11/23','RR/MM/DD'),null,to_date('24/11/23','RR/MM/DD'),null,1009,'발렌타인 12년 700ml');
Insert into TBL_ORDERING_PRODUCT (PRODUCT_NO,ORDER_COUNT,CREATE_DATE,MODIFIER,MODIFY_DATE,USE_YN,ORDER_NO,PRODUCT_NAME) values (1019,1,to_date('24/11/23','RR/MM/DD'),null,to_date('24/11/23','RR/MM/DD'),null,1009,'롱섬 와인 750ml');
Insert into TBL_ORDERING_PRODUCT (PRODUCT_NO,ORDER_COUNT,CREATE_DATE,MODIFIER,MODIFY_DATE,USE_YN,ORDER_NO,PRODUCT_NAME) values (1018,1,to_date('24/11/23','RR/MM/DD'),null,to_date('24/11/23','RR/MM/DD'),null,1009,'맥스 500ml');
Insert into TBL_ORDERING_PRODUCT (PRODUCT_NO,ORDER_COUNT,CREATE_DATE,MODIFIER,MODIFY_DATE,USE_YN,ORDER_NO,PRODUCT_NAME) values (1017,1,to_date('24/11/23','RR/MM/DD'),null,to_date('24/11/23','RR/MM/DD'),null,1009,'하이트 진로 500ml');
Insert into TBL_ORDERING_PRODUCT (PRODUCT_NO,ORDER_COUNT,CREATE_DATE,MODIFIER,MODIFY_DATE,USE_YN,ORDER_NO,PRODUCT_NAME) values (1016,30,to_date('24/11/23','RR/MM/DD'),null,to_date('24/11/23','RR/MM/DD'),null,1009,'참이슬 Fresh 360ml');
Insert into TBL_ORDERING_PRODUCT (PRODUCT_NO,ORDER_COUNT,CREATE_DATE,MODIFIER,MODIFY_DATE,USE_YN,ORDER_NO,PRODUCT_NAME) values (1015,0,to_date('24/11/23','RR/MM/DD'),null,to_date('24/11/23','RR/MM/DD'),null,1009,'스파게티');
Insert into TBL_ORDERING_PRODUCT (PRODUCT_NO,ORDER_COUNT,CREATE_DATE,MODIFIER,MODIFY_DATE,USE_YN,ORDER_NO,PRODUCT_NAME) values (1014,0,to_date('24/11/23','RR/MM/DD'),null,to_date('24/11/23','RR/MM/DD'),null,1009,'피자');
Insert into TBL_ORDERING_PRODUCT (PRODUCT_NO,ORDER_COUNT,CREATE_DATE,MODIFIER,MODIFY_DATE,USE_YN,ORDER_NO,PRODUCT_NAME) values (1013,0,to_date('24/11/23','RR/MM/DD'),null,to_date('24/11/23','RR/MM/DD'),null,1009,'커스터드빵');
Insert into TBL_ORDERING_PRODUCT (PRODUCT_NO,ORDER_COUNT,CREATE_DATE,MODIFIER,MODIFY_DATE,USE_YN,ORDER_NO,PRODUCT_NAME) values (1012,0,to_date('24/11/23','RR/MM/DD'),null,to_date('24/11/23','RR/MM/DD'),null,1009,'소시지빵');
Insert into TBL_ORDERING_PRODUCT (PRODUCT_NO,ORDER_COUNT,CREATE_DATE,MODIFIER,MODIFY_DATE,USE_YN,ORDER_NO,PRODUCT_NAME) values (1011,0,to_date('24/11/23','RR/MM/DD'),null,to_date('24/11/23','RR/MM/DD'),null,1009,'김치찌개');
Insert into TBL_ORDERING_PRODUCT (PRODUCT_NO,ORDER_COUNT,CREATE_DATE,MODIFIER,MODIFY_DATE,USE_YN,ORDER_NO,PRODUCT_NAME) values (1010,0,to_date('24/11/23','RR/MM/DD'),null,to_date('24/11/23','RR/MM/DD'),null,1009,'떡볶이');
Insert into TBL_ORDERING_PRODUCT (PRODUCT_NO,ORDER_COUNT,CREATE_DATE,MODIFIER,MODIFY_DATE,USE_YN,ORDER_NO,PRODUCT_NAME) values (1009,0,to_date('24/11/23','RR/MM/DD'),null,to_date('24/11/23','RR/MM/DD'),null,1009,'라면');
Insert into TBL_ORDERING_PRODUCT (PRODUCT_NO,ORDER_COUNT,CREATE_DATE,MODIFIER,MODIFY_DATE,USE_YN,ORDER_NO,PRODUCT_NAME) values (1008,0,to_date('24/11/23','RR/MM/DD'),null,to_date('24/11/23','RR/MM/DD'),null,1009,'초코파이');
Insert into TBL_ORDERING_PRODUCT (PRODUCT_NO,ORDER_COUNT,CREATE_DATE,MODIFIER,MODIFY_DATE,USE_YN,ORDER_NO,PRODUCT_NAME) values (1007,0,to_date('24/11/23','RR/MM/DD'),null,to_date('24/11/23','RR/MM/DD'),null,1009,'커피');
Insert into TBL_ORDERING_PRODUCT (PRODUCT_NO,ORDER_COUNT,CREATE_DATE,MODIFIER,MODIFY_DATE,USE_YN,ORDER_NO,PRODUCT_NAME) values (1006,0,to_date('24/11/23','RR/MM/DD'),null,to_date('24/11/23','RR/MM/DD'),null,1009,'삼각김밥');
Insert into TBL_ORDERING_PRODUCT (PRODUCT_NO,ORDER_COUNT,CREATE_DATE,MODIFIER,MODIFY_DATE,USE_YN,ORDER_NO,PRODUCT_NAME) values (1005,0,to_date('24/11/23','RR/MM/DD'),null,to_date('24/11/23','RR/MM/DD'),null,1009,'과일주스');
Insert into TBL_ORDERING_PRODUCT (PRODUCT_NO,ORDER_COUNT,CREATE_DATE,MODIFIER,MODIFY_DATE,USE_YN,ORDER_NO,PRODUCT_NAME) values (1004,0,to_date('24/11/23','RR/MM/DD'),null,to_date('24/11/23','RR/MM/DD'),null,1009,'아이스크림');
Insert into TBL_ORDERING_PRODUCT (PRODUCT_NO,ORDER_COUNT,CREATE_DATE,MODIFIER,MODIFY_DATE,USE_YN,ORDER_NO,PRODUCT_NAME) values (1003,0,to_date('24/11/23','RR/MM/DD'),null,to_date('24/11/23','RR/MM/DD'),null,1009,'컵라면');
Insert into TBL_ORDERING_PRODUCT (PRODUCT_NO,ORDER_COUNT,CREATE_DATE,MODIFIER,MODIFY_DATE,USE_YN,ORDER_NO,PRODUCT_NAME) values (1002,0,to_date('24/11/23','RR/MM/DD'),null,to_date('24/11/23','RR/MM/DD'),null,1009,'김밥');
Insert into TBL_ORDERING_PRODUCT (PRODUCT_NO,ORDER_COUNT,CREATE_DATE,MODIFIER,MODIFY_DATE,USE_YN,ORDER_NO,PRODUCT_NAME) values (1001,0,to_date('24/11/23','RR/MM/DD'),null,to_date('24/11/23','RR/MM/DD'),null,1009,'핫도그');
Insert into TBL_ORDERING_PRODUCT (PRODUCT_NO,ORDER_COUNT,CREATE_DATE,MODIFIER,MODIFY_DATE,USE_YN,ORDER_NO,PRODUCT_NAME) values (1021,2,to_date('24/11/23','RR/MM/DD'),null,to_date('24/11/23','RR/MM/DD'),null,1010,'야마자키 12년산  700ml ');
Insert into TBL_ORDERING_PRODUCT (PRODUCT_NO,ORDER_COUNT,CREATE_DATE,MODIFIER,MODIFY_DATE,USE_YN,ORDER_NO,PRODUCT_NAME) values (1020,2,to_date('24/11/23','RR/MM/DD'),null,to_date('24/11/23','RR/MM/DD'),null,1010,'발렌타인 12년 700ml');
Insert into TBL_ORDERING_PRODUCT (PRODUCT_NO,ORDER_COUNT,CREATE_DATE,MODIFIER,MODIFY_DATE,USE_YN,ORDER_NO,PRODUCT_NAME) values (1019,1,to_date('24/11/23','RR/MM/DD'),null,to_date('24/11/23','RR/MM/DD'),null,1010,'롱섬 와인 750ml');
Insert into TBL_ORDERING_PRODUCT (PRODUCT_NO,ORDER_COUNT,CREATE_DATE,MODIFIER,MODIFY_DATE,USE_YN,ORDER_NO,PRODUCT_NAME) values (1018,1,to_date('24/11/23','RR/MM/DD'),null,to_date('24/11/23','RR/MM/DD'),null,1010,'맥스 500ml');
Insert into TBL_ORDERING_PRODUCT (PRODUCT_NO,ORDER_COUNT,CREATE_DATE,MODIFIER,MODIFY_DATE,USE_YN,ORDER_NO,PRODUCT_NAME) values (1017,2,to_date('24/11/23','RR/MM/DD'),null,to_date('24/11/23','RR/MM/DD'),null,1010,'하이트 진로 500ml');
Insert into TBL_ORDERING_PRODUCT (PRODUCT_NO,ORDER_COUNT,CREATE_DATE,MODIFIER,MODIFY_DATE,USE_YN,ORDER_NO,PRODUCT_NAME) values (1016,5,to_date('24/11/23','RR/MM/DD'),null,to_date('24/11/23','RR/MM/DD'),null,1010,'참이슬 Fresh 360ml');
Insert into TBL_ORDERING_PRODUCT (PRODUCT_NO,ORDER_COUNT,CREATE_DATE,MODIFIER,MODIFY_DATE,USE_YN,ORDER_NO,PRODUCT_NAME) values (1015,1,to_date('24/11/23','RR/MM/DD'),null,to_date('24/11/23','RR/MM/DD'),null,1010,'스파게티');
Insert into TBL_ORDERING_PRODUCT (PRODUCT_NO,ORDER_COUNT,CREATE_DATE,MODIFIER,MODIFY_DATE,USE_YN,ORDER_NO,PRODUCT_NAME) values (1014,2,to_date('24/11/23','RR/MM/DD'),null,to_date('24/11/23','RR/MM/DD'),null,1010,'피자');
Insert into TBL_ORDERING_PRODUCT (PRODUCT_NO,ORDER_COUNT,CREATE_DATE,MODIFIER,MODIFY_DATE,USE_YN,ORDER_NO,PRODUCT_NAME) values (1013,2,to_date('24/11/23','RR/MM/DD'),null,to_date('24/11/23','RR/MM/DD'),null,1010,'커스터드빵');
Insert into TBL_ORDERING_PRODUCT (PRODUCT_NO,ORDER_COUNT,CREATE_DATE,MODIFIER,MODIFY_DATE,USE_YN,ORDER_NO,PRODUCT_NAME) values (1012,2,to_date('24/11/23','RR/MM/DD'),null,to_date('24/11/23','RR/MM/DD'),null,1010,'소시지빵');
Insert into TBL_ORDERING_PRODUCT (PRODUCT_NO,ORDER_COUNT,CREATE_DATE,MODIFIER,MODIFY_DATE,USE_YN,ORDER_NO,PRODUCT_NAME) values (1011,2,to_date('24/11/23','RR/MM/DD'),null,to_date('24/11/23','RR/MM/DD'),null,1010,'김치찌개');
Insert into TBL_ORDERING_PRODUCT (PRODUCT_NO,ORDER_COUNT,CREATE_DATE,MODIFIER,MODIFY_DATE,USE_YN,ORDER_NO,PRODUCT_NAME) values (1010,2,to_date('24/11/23','RR/MM/DD'),null,to_date('24/11/23','RR/MM/DD'),null,1010,'떡볶이');
Insert into TBL_ORDERING_PRODUCT (PRODUCT_NO,ORDER_COUNT,CREATE_DATE,MODIFIER,MODIFY_DATE,USE_YN,ORDER_NO,PRODUCT_NAME) values (1009,1,to_date('24/11/23','RR/MM/DD'),null,to_date('24/11/23','RR/MM/DD'),null,1010,'라면');
Insert into TBL_ORDERING_PRODUCT (PRODUCT_NO,ORDER_COUNT,CREATE_DATE,MODIFIER,MODIFY_DATE,USE_YN,ORDER_NO,PRODUCT_NAME) values (1008,1,to_date('24/11/23','RR/MM/DD'),null,to_date('24/11/23','RR/MM/DD'),null,1010,'초코파이');
Insert into TBL_ORDERING_PRODUCT (PRODUCT_NO,ORDER_COUNT,CREATE_DATE,MODIFIER,MODIFY_DATE,USE_YN,ORDER_NO,PRODUCT_NAME) values (1007,1,to_date('24/11/23','RR/MM/DD'),null,to_date('24/11/23','RR/MM/DD'),null,1010,'커피');
Insert into TBL_ORDERING_PRODUCT (PRODUCT_NO,ORDER_COUNT,CREATE_DATE,MODIFIER,MODIFY_DATE,USE_YN,ORDER_NO,PRODUCT_NAME) values (1006,1,to_date('24/11/23','RR/MM/DD'),null,to_date('24/11/23','RR/MM/DD'),null,1010,'삼각김밥');
Insert into TBL_ORDERING_PRODUCT (PRODUCT_NO,ORDER_COUNT,CREATE_DATE,MODIFIER,MODIFY_DATE,USE_YN,ORDER_NO,PRODUCT_NAME) values (1005,0,to_date('24/11/23','RR/MM/DD'),null,to_date('24/11/23','RR/MM/DD'),null,1010,'과일주스');
Insert into TBL_ORDERING_PRODUCT (PRODUCT_NO,ORDER_COUNT,CREATE_DATE,MODIFIER,MODIFY_DATE,USE_YN,ORDER_NO,PRODUCT_NAME) values (1004,0,to_date('24/11/23','RR/MM/DD'),null,to_date('24/11/23','RR/MM/DD'),null,1010,'아이스크림');
Insert into TBL_ORDERING_PRODUCT (PRODUCT_NO,ORDER_COUNT,CREATE_DATE,MODIFIER,MODIFY_DATE,USE_YN,ORDER_NO,PRODUCT_NAME) values (1003,0,to_date('24/11/23','RR/MM/DD'),null,to_date('24/11/23','RR/MM/DD'),null,1010,'컵라면');
Insert into TBL_ORDERING_PRODUCT (PRODUCT_NO,ORDER_COUNT,CREATE_DATE,MODIFIER,MODIFY_DATE,USE_YN,ORDER_NO,PRODUCT_NAME) values (1002,0,to_date('24/11/23','RR/MM/DD'),null,to_date('24/11/23','RR/MM/DD'),null,1010,'김밥');
Insert into TBL_ORDERING_PRODUCT (PRODUCT_NO,ORDER_COUNT,CREATE_DATE,MODIFIER,MODIFY_DATE,USE_YN,ORDER_NO,PRODUCT_NAME) values (1001,0,to_date('24/11/23','RR/MM/DD'),null,to_date('24/11/23','RR/MM/DD'),null,1010,'핫도그');
Insert into TBL_ORDERING_PRODUCT (PRODUCT_NO,ORDER_COUNT,CREATE_DATE,MODIFIER,MODIFY_DATE,USE_YN,ORDER_NO,PRODUCT_NAME) values (1021,0,to_date('24/11/23','RR/MM/DD'),null,to_date('24/11/23','RR/MM/DD'),null,1011,'야마자키 12년산  700ml ');
Insert into TBL_ORDERING_PRODUCT (PRODUCT_NO,ORDER_COUNT,CREATE_DATE,MODIFIER,MODIFY_DATE,USE_YN,ORDER_NO,PRODUCT_NAME) values (1020,1,to_date('24/11/23','RR/MM/DD'),null,to_date('24/11/23','RR/MM/DD'),null,1011,'발렌타인 12년 700ml');
Insert into TBL_ORDERING_PRODUCT (PRODUCT_NO,ORDER_COUNT,CREATE_DATE,MODIFIER,MODIFY_DATE,USE_YN,ORDER_NO,PRODUCT_NAME) values (1019,1,to_date('24/11/23','RR/MM/DD'),null,to_date('24/11/23','RR/MM/DD'),null,1011,'롱섬 와인 750ml');
Insert into TBL_ORDERING_PRODUCT (PRODUCT_NO,ORDER_COUNT,CREATE_DATE,MODIFIER,MODIFY_DATE,USE_YN,ORDER_NO,PRODUCT_NAME) values (1018,1,to_date('24/11/23','RR/MM/DD'),null,to_date('24/11/23','RR/MM/DD'),null,1011,'맥스 500ml');
Insert into TBL_ORDERING_PRODUCT (PRODUCT_NO,ORDER_COUNT,CREATE_DATE,MODIFIER,MODIFY_DATE,USE_YN,ORDER_NO,PRODUCT_NAME) values (1017,1,to_date('24/11/23','RR/MM/DD'),null,to_date('24/11/23','RR/MM/DD'),null,1011,'하이트 진로 500ml');
Insert into TBL_ORDERING_PRODUCT (PRODUCT_NO,ORDER_COUNT,CREATE_DATE,MODIFIER,MODIFY_DATE,USE_YN,ORDER_NO,PRODUCT_NAME) values (1016,1,to_date('24/11/23','RR/MM/DD'),null,to_date('24/11/23','RR/MM/DD'),null,1011,'참이슬 Fresh 360ml');
Insert into TBL_ORDERING_PRODUCT (PRODUCT_NO,ORDER_COUNT,CREATE_DATE,MODIFIER,MODIFY_DATE,USE_YN,ORDER_NO,PRODUCT_NAME) values (1015,11,to_date('24/11/23','RR/MM/DD'),null,to_date('24/11/23','RR/MM/DD'),null,1011,'스파게티');
Insert into TBL_ORDERING_PRODUCT (PRODUCT_NO,ORDER_COUNT,CREATE_DATE,MODIFIER,MODIFY_DATE,USE_YN,ORDER_NO,PRODUCT_NAME) values (1014,1,to_date('24/11/23','RR/MM/DD'),null,to_date('24/11/23','RR/MM/DD'),null,1011,'피자');
Insert into TBL_ORDERING_PRODUCT (PRODUCT_NO,ORDER_COUNT,CREATE_DATE,MODIFIER,MODIFY_DATE,USE_YN,ORDER_NO,PRODUCT_NAME) values (1013,1,to_date('24/11/23','RR/MM/DD'),null,to_date('24/11/23','RR/MM/DD'),null,1011,'커스터드빵');
Insert into TBL_ORDERING_PRODUCT (PRODUCT_NO,ORDER_COUNT,CREATE_DATE,MODIFIER,MODIFY_DATE,USE_YN,ORDER_NO,PRODUCT_NAME) values (1012,1,to_date('24/11/23','RR/MM/DD'),null,to_date('24/11/23','RR/MM/DD'),null,1011,'소시지빵');
Insert into TBL_ORDERING_PRODUCT (PRODUCT_NO,ORDER_COUNT,CREATE_DATE,MODIFIER,MODIFY_DATE,USE_YN,ORDER_NO,PRODUCT_NAME) values (1011,11,to_date('24/11/23','RR/MM/DD'),null,to_date('24/11/23','RR/MM/DD'),null,1011,'김치찌개');
Insert into TBL_ORDERING_PRODUCT (PRODUCT_NO,ORDER_COUNT,CREATE_DATE,MODIFIER,MODIFY_DATE,USE_YN,ORDER_NO,PRODUCT_NAME) values (1010,1,to_date('24/11/23','RR/MM/DD'),null,to_date('24/11/23','RR/MM/DD'),null,1011,'떡볶이');
Insert into TBL_ORDERING_PRODUCT (PRODUCT_NO,ORDER_COUNT,CREATE_DATE,MODIFIER,MODIFY_DATE,USE_YN,ORDER_NO,PRODUCT_NAME) values (1009,1,to_date('24/11/23','RR/MM/DD'),null,to_date('24/11/23','RR/MM/DD'),null,1011,'라면');
Insert into TBL_ORDERING_PRODUCT (PRODUCT_NO,ORDER_COUNT,CREATE_DATE,MODIFIER,MODIFY_DATE,USE_YN,ORDER_NO,PRODUCT_NAME) values (1008,1,to_date('24/11/23','RR/MM/DD'),null,to_date('24/11/23','RR/MM/DD'),null,1011,'초코파이');
Insert into TBL_ORDERING_PRODUCT (PRODUCT_NO,ORDER_COUNT,CREATE_DATE,MODIFIER,MODIFY_DATE,USE_YN,ORDER_NO,PRODUCT_NAME) values (1007,1,to_date('24/11/23','RR/MM/DD'),null,to_date('24/11/23','RR/MM/DD'),null,1011,'커피');
Insert into TBL_ORDERING_PRODUCT (PRODUCT_NO,ORDER_COUNT,CREATE_DATE,MODIFIER,MODIFY_DATE,USE_YN,ORDER_NO,PRODUCT_NAME) values (1006,1,to_date('24/11/23','RR/MM/DD'),null,to_date('24/11/23','RR/MM/DD'),null,1011,'삼각김밥');
Insert into TBL_ORDERING_PRODUCT (PRODUCT_NO,ORDER_COUNT,CREATE_DATE,MODIFIER,MODIFY_DATE,USE_YN,ORDER_NO,PRODUCT_NAME) values (1005,1,to_date('24/11/23','RR/MM/DD'),null,to_date('24/11/23','RR/MM/DD'),null,1011,'과일주스');
Insert into TBL_ORDERING_PRODUCT (PRODUCT_NO,ORDER_COUNT,CREATE_DATE,MODIFIER,MODIFY_DATE,USE_YN,ORDER_NO,PRODUCT_NAME) values (1004,0,to_date('24/11/23','RR/MM/DD'),null,to_date('24/11/23','RR/MM/DD'),null,1011,'아이스크림');
Insert into TBL_ORDERING_PRODUCT (PRODUCT_NO,ORDER_COUNT,CREATE_DATE,MODIFIER,MODIFY_DATE,USE_YN,ORDER_NO,PRODUCT_NAME) values (1003,0,to_date('24/11/23','RR/MM/DD'),null,to_date('24/11/23','RR/MM/DD'),null,1011,'컵라면');
Insert into TBL_ORDERING_PRODUCT (PRODUCT_NO,ORDER_COUNT,CREATE_DATE,MODIFIER,MODIFY_DATE,USE_YN,ORDER_NO,PRODUCT_NAME) values (1002,0,to_date('24/11/23','RR/MM/DD'),null,to_date('24/11/23','RR/MM/DD'),null,1011,'김밥');
Insert into TBL_ORDERING_PRODUCT (PRODUCT_NO,ORDER_COUNT,CREATE_DATE,MODIFIER,MODIFY_DATE,USE_YN,ORDER_NO,PRODUCT_NAME) values (1001,0,to_date('24/11/23','RR/MM/DD'),null,to_date('24/11/23','RR/MM/DD'),null,1011,'핫도그');
Insert into TBL_ORDERING_PRODUCT (PRODUCT_NO,ORDER_COUNT,CREATE_DATE,MODIFIER,MODIFY_DATE,USE_YN,ORDER_NO,PRODUCT_NAME) values (1021,3,to_date('24/11/23','RR/MM/DD'),null,to_date('24/11/23','RR/MM/DD'),null,1012,'야마자키 12년산  700ml ');
Insert into TBL_ORDERING_PRODUCT (PRODUCT_NO,ORDER_COUNT,CREATE_DATE,MODIFIER,MODIFY_DATE,USE_YN,ORDER_NO,PRODUCT_NAME) values (1020,1,to_date('24/11/23','RR/MM/DD'),null,to_date('24/11/23','RR/MM/DD'),null,1012,'발렌타인 12년 700ml');
Insert into TBL_ORDERING_PRODUCT (PRODUCT_NO,ORDER_COUNT,CREATE_DATE,MODIFIER,MODIFY_DATE,USE_YN,ORDER_NO,PRODUCT_NAME) values (1019,1,to_date('24/11/23','RR/MM/DD'),null,to_date('24/11/23','RR/MM/DD'),null,1012,'롱섬 와인 750ml');
Insert into TBL_ORDERING_PRODUCT (PRODUCT_NO,ORDER_COUNT,CREATE_DATE,MODIFIER,MODIFY_DATE,USE_YN,ORDER_NO,PRODUCT_NAME) values (1018,1,to_date('24/11/23','RR/MM/DD'),null,to_date('24/11/23','RR/MM/DD'),null,1012,'맥스 500ml');
Insert into TBL_ORDERING_PRODUCT (PRODUCT_NO,ORDER_COUNT,CREATE_DATE,MODIFIER,MODIFY_DATE,USE_YN,ORDER_NO,PRODUCT_NAME) values (1017,1,to_date('24/11/23','RR/MM/DD'),null,to_date('24/11/23','RR/MM/DD'),null,1012,'하이트 진로 500ml');
Insert into TBL_ORDERING_PRODUCT (PRODUCT_NO,ORDER_COUNT,CREATE_DATE,MODIFIER,MODIFY_DATE,USE_YN,ORDER_NO,PRODUCT_NAME) values (1016,1,to_date('24/11/23','RR/MM/DD'),null,to_date('24/11/23','RR/MM/DD'),null,1012,'참이슬 Fresh 360ml');
Insert into TBL_ORDERING_PRODUCT (PRODUCT_NO,ORDER_COUNT,CREATE_DATE,MODIFIER,MODIFY_DATE,USE_YN,ORDER_NO,PRODUCT_NAME) values (1015,1,to_date('24/11/23','RR/MM/DD'),null,to_date('24/11/23','RR/MM/DD'),null,1012,'스파게티');
Insert into TBL_ORDERING_PRODUCT (PRODUCT_NO,ORDER_COUNT,CREATE_DATE,MODIFIER,MODIFY_DATE,USE_YN,ORDER_NO,PRODUCT_NAME) values (1014,1,to_date('24/11/23','RR/MM/DD'),null,to_date('24/11/23','RR/MM/DD'),null,1012,'피자');
Insert into TBL_ORDERING_PRODUCT (PRODUCT_NO,ORDER_COUNT,CREATE_DATE,MODIFIER,MODIFY_DATE,USE_YN,ORDER_NO,PRODUCT_NAME) values (1013,1,to_date('24/11/23','RR/MM/DD'),null,to_date('24/11/23','RR/MM/DD'),null,1012,'커스터드빵');
Insert into TBL_ORDERING_PRODUCT (PRODUCT_NO,ORDER_COUNT,CREATE_DATE,MODIFIER,MODIFY_DATE,USE_YN,ORDER_NO,PRODUCT_NAME) values (1012,1,to_date('24/11/23','RR/MM/DD'),null,to_date('24/11/23','RR/MM/DD'),null,1012,'소시지빵');
Insert into TBL_ORDERING_PRODUCT (PRODUCT_NO,ORDER_COUNT,CREATE_DATE,MODIFIER,MODIFY_DATE,USE_YN,ORDER_NO,PRODUCT_NAME) values (1011,1,to_date('24/11/23','RR/MM/DD'),null,to_date('24/11/23','RR/MM/DD'),null,1012,'김치찌개');
Insert into TBL_ORDERING_PRODUCT (PRODUCT_NO,ORDER_COUNT,CREATE_DATE,MODIFIER,MODIFY_DATE,USE_YN,ORDER_NO,PRODUCT_NAME) values (1010,1,to_date('24/11/23','RR/MM/DD'),null,to_date('24/11/23','RR/MM/DD'),null,1012,'떡볶이');
Insert into TBL_ORDERING_PRODUCT (PRODUCT_NO,ORDER_COUNT,CREATE_DATE,MODIFIER,MODIFY_DATE,USE_YN,ORDER_NO,PRODUCT_NAME) values (1009,22,to_date('24/11/23','RR/MM/DD'),null,to_date('24/11/23','RR/MM/DD'),null,1012,'라면');
Insert into TBL_ORDERING_PRODUCT (PRODUCT_NO,ORDER_COUNT,CREATE_DATE,MODIFIER,MODIFY_DATE,USE_YN,ORDER_NO,PRODUCT_NAME) values (1008,2,to_date('24/11/23','RR/MM/DD'),null,to_date('24/11/23','RR/MM/DD'),null,1012,'초코파이');
Insert into TBL_ORDERING_PRODUCT (PRODUCT_NO,ORDER_COUNT,CREATE_DATE,MODIFIER,MODIFY_DATE,USE_YN,ORDER_NO,PRODUCT_NAME) values (1007,2,to_date('24/11/23','RR/MM/DD'),null,to_date('24/11/23','RR/MM/DD'),null,1012,'커피');
Insert into TBL_ORDERING_PRODUCT (PRODUCT_NO,ORDER_COUNT,CREATE_DATE,MODIFIER,MODIFY_DATE,USE_YN,ORDER_NO,PRODUCT_NAME) values (1006,0,to_date('24/11/23','RR/MM/DD'),null,to_date('24/11/23','RR/MM/DD'),null,1012,'삼각김밥');
Insert into TBL_ORDERING_PRODUCT (PRODUCT_NO,ORDER_COUNT,CREATE_DATE,MODIFIER,MODIFY_DATE,USE_YN,ORDER_NO,PRODUCT_NAME) values (1005,22,to_date('24/11/23','RR/MM/DD'),null,to_date('24/11/23','RR/MM/DD'),null,1012,'과일주스');
Insert into TBL_ORDERING_PRODUCT (PRODUCT_NO,ORDER_COUNT,CREATE_DATE,MODIFIER,MODIFY_DATE,USE_YN,ORDER_NO,PRODUCT_NAME) values (1004,2,to_date('24/11/23','RR/MM/DD'),null,to_date('24/11/23','RR/MM/DD'),null,1012,'아이스크림');
Insert into TBL_ORDERING_PRODUCT (PRODUCT_NO,ORDER_COUNT,CREATE_DATE,MODIFIER,MODIFY_DATE,USE_YN,ORDER_NO,PRODUCT_NAME) values (1003,2,to_date('24/11/23','RR/MM/DD'),null,to_date('24/11/23','RR/MM/DD'),null,1012,'컵라면');
Insert into TBL_ORDERING_PRODUCT (PRODUCT_NO,ORDER_COUNT,CREATE_DATE,MODIFIER,MODIFY_DATE,USE_YN,ORDER_NO,PRODUCT_NAME) values (1002,2,to_date('24/11/23','RR/MM/DD'),null,to_date('24/11/23','RR/MM/DD'),null,1012,'김밥');
Insert into TBL_ORDERING_PRODUCT (PRODUCT_NO,ORDER_COUNT,CREATE_DATE,MODIFIER,MODIFY_DATE,USE_YN,ORDER_NO,PRODUCT_NAME) values (1001,2,to_date('24/11/23','RR/MM/DD'),null,to_date('24/11/23','RR/MM/DD'),null,1012,'핫도그');
REM INSERTING into TBL_PRODUCT
SET DEFINE OFF;
Insert into TBL_PRODUCT (PRODUCT_NO,CLASSIFICATION_NO,PRODUCT_NAME,COST,SAIL_PRICE,PROFIT_MARGIN,EXPIRATION_PERIOD,CREATER,CREATE_DATE,MODIFIER,MODIFY_DATE,DELIVERY_DATE,USE_YN,INVENTORY,EVENT) values (1001,5,'핫도그','3600','1200','-66.67%',to_date('24/12/31','RR/MM/DD'),1010,to_date('24/11/14','RR/MM/DD'),1010,to_date('24/11/14','RR/MM/DD'),'월화수목금','Y',100,'1+1');
Insert into TBL_PRODUCT (PRODUCT_NO,CLASSIFICATION_NO,PRODUCT_NAME,COST,SAIL_PRICE,PROFIT_MARGIN,EXPIRATION_PERIOD,CREATER,CREATE_DATE,MODIFIER,MODIFY_DATE,DELIVERY_DATE,USE_YN,INVENTORY,EVENT) values (1002,1,'김밥','1200','1800','50%',to_date('24/11/30','RR/MM/DD'),1010,to_date('24/11/14','RR/MM/DD'),1010,to_date('24/11/14','RR/MM/DD'),'월화수목금','Y',100,'2+1');
Insert into TBL_PRODUCT (PRODUCT_NO,CLASSIFICATION_NO,PRODUCT_NAME,COST,SAIL_PRICE,PROFIT_MARGIN,EXPIRATION_PERIOD,CREATER,CREATE_DATE,MODIFIER,MODIFY_DATE,DELIVERY_DATE,USE_YN,INVENTORY,EVENT) values (1003,1,'컵라면','500','800','60%',to_date('25/03/15','RR/MM/DD'),1010,to_date('24/11/14','RR/MM/DD'),1010,to_date('24/11/14','RR/MM/DD'),'월화수목금','Y',100,'2+1');
Insert into TBL_PRODUCT (PRODUCT_NO,CLASSIFICATION_NO,PRODUCT_NAME,COST,SAIL_PRICE,PROFIT_MARGIN,EXPIRATION_PERIOD,CREATER,CREATE_DATE,MODIFIER,MODIFY_DATE,DELIVERY_DATE,USE_YN,INVENTORY,EVENT) values (1004,5,'아이스크림','3800','1200','-68.42%',to_date('25/06/30','RR/MM/DD'),1010,to_date('24/11/14','RR/MM/DD'),1010,to_date('24/11/14','RR/MM/DD'),'월화수목금','Y',100,'2+1');
Insert into TBL_PRODUCT (PRODUCT_NO,CLASSIFICATION_NO,PRODUCT_NAME,COST,SAIL_PRICE,PROFIT_MARGIN,EXPIRATION_PERIOD,CREATER,CREATE_DATE,MODIFIER,MODIFY_DATE,DELIVERY_DATE,USE_YN,INVENTORY,EVENT) values (1005,2,'과일주스','2300','1000','-56.52',to_date('25/01/10','RR/MM/DD'),1010,to_date('24/11/14','RR/MM/DD'),1010,to_date('24/11/14','RR/MM/DD'),'월화수목금','Y',100,'1+1');
Insert into TBL_PRODUCT (PRODUCT_NO,CLASSIFICATION_NO,PRODUCT_NAME,COST,SAIL_PRICE,PROFIT_MARGIN,EXPIRATION_PERIOD,CREATER,CREATE_DATE,MODIFIER,MODIFY_DATE,DELIVERY_DATE,USE_YN,INVENTORY,EVENT) values (1006,1,'삼각김밥','600','900','50%',to_date('24/11/10','RR/MM/DD'),1010,to_date('24/11/14','RR/MM/DD'),1010,to_date('24/11/14','RR/MM/DD'),'월화수목금','Y',100,null);
Insert into TBL_PRODUCT (PRODUCT_NO,CLASSIFICATION_NO,PRODUCT_NAME,COST,SAIL_PRICE,PROFIT_MARGIN,EXPIRATION_PERIOD,CREATER,CREATE_DATE,MODIFIER,MODIFY_DATE,DELIVERY_DATE,USE_YN,INVENTORY,EVENT) values (1007,2,'커피','500','1000','100%',to_date('25/02/20','RR/MM/DD'),1010,to_date('24/11/14','RR/MM/DD'),1010,to_date('24/11/14','RR/MM/DD'),'월화수목금','Y',100,'2+1');
Insert into TBL_PRODUCT (PRODUCT_NO,CLASSIFICATION_NO,PRODUCT_NAME,COST,SAIL_PRICE,PROFIT_MARGIN,EXPIRATION_PERIOD,CREATER,CREATE_DATE,MODIFIER,MODIFY_DATE,DELIVERY_DATE,USE_YN,INVENTORY,EVENT) values (1008,4,'초코파이','1000','1500','50%',to_date('25/05/01','RR/MM/DD'),1010,to_date('24/11/14','RR/MM/DD'),1010,to_date('24/11/14','RR/MM/DD'),'월화수목금','Y',100,'2+1');
Insert into TBL_PRODUCT (PRODUCT_NO,CLASSIFICATION_NO,PRODUCT_NAME,COST,SAIL_PRICE,PROFIT_MARGIN,EXPIRATION_PERIOD,CREATER,CREATE_DATE,MODIFIER,MODIFY_DATE,DELIVERY_DATE,USE_YN,INVENTORY,EVENT) values (1009,1,'라면','700','1000','42.86%',to_date('25/03/31','RR/MM/DD'),1010,to_date('24/11/14','RR/MM/DD'),1010,to_date('24/11/14','RR/MM/DD'),'월화수목금','Y',100,'2+1');
Insert into TBL_PRODUCT (PRODUCT_NO,CLASSIFICATION_NO,PRODUCT_NAME,COST,SAIL_PRICE,PROFIT_MARGIN,EXPIRATION_PERIOD,CREATER,CREATE_DATE,MODIFIER,MODIFY_DATE,DELIVERY_DATE,USE_YN,INVENTORY,EVENT) values (1010,1,'떡볶이','5400','1800','-66.67',to_date('25/02/28','RR/MM/DD'),1010,to_date('24/11/14','RR/MM/DD'),1010,to_date('24/11/14','RR/MM/DD'),'월화수목금','Y',100,null);
Insert into TBL_PRODUCT (PRODUCT_NO,CLASSIFICATION_NO,PRODUCT_NAME,COST,SAIL_PRICE,PROFIT_MARGIN,EXPIRATION_PERIOD,CREATER,CREATE_DATE,MODIFIER,MODIFY_DATE,DELIVERY_DATE,USE_YN,INVENTORY,EVENT) values (1011,1,'김치찌개','5000','3000','-40%',to_date('25/01/15','RR/MM/DD'),1010,to_date('24/11/14','RR/MM/DD'),1010,to_date('24/11/20','RR/MM/DD'),'월화수목금','Y',100,'1+1');
Insert into TBL_PRODUCT (PRODUCT_NO,CLASSIFICATION_NO,PRODUCT_NAME,COST,SAIL_PRICE,PROFIT_MARGIN,EXPIRATION_PERIOD,CREATER,CREATE_DATE,MODIFIER,MODIFY_DATE,DELIVERY_DATE,USE_YN,INVENTORY,EVENT) values (1012,4,'소시지빵','800','1500','87.5%',to_date('25/04/30','RR/MM/DD'),1010,to_date('24/11/14','RR/MM/DD'),1010,to_date('24/11/14','RR/MM/DD'),'월화수목금','Y',100,'1+1');
Insert into TBL_PRODUCT (PRODUCT_NO,CLASSIFICATION_NO,PRODUCT_NAME,COST,SAIL_PRICE,PROFIT_MARGIN,EXPIRATION_PERIOD,CREATER,CREATE_DATE,MODIFIER,MODIFY_DATE,DELIVERY_DATE,USE_YN,INVENTORY,EVENT) values (1013,4,'커스터드빵','950','1700','78.95%',to_date('25/08/15','RR/MM/DD'),1010,to_date('24/11/14','RR/MM/DD'),1010,to_date('24/11/14','RR/MM/DD'),'월화수목금','Y',100,'1+1');
Insert into TBL_PRODUCT (PRODUCT_NO,CLASSIFICATION_NO,PRODUCT_NAME,COST,SAIL_PRICE,PROFIT_MARGIN,EXPIRATION_PERIOD,CREATER,CREATE_DATE,MODIFIER,MODIFY_DATE,DELIVERY_DATE,USE_YN,INVENTORY,EVENT) values (1014,1,'피자','4000','6000','50%',to_date('25/09/10','RR/MM/DD'),1010,to_date('24/11/14','RR/MM/DD'),1010,to_date('24/11/14','RR/MM/DD'),'월화수목금','Y',100,'1+1');
Insert into TBL_PRODUCT (PRODUCT_NO,CLASSIFICATION_NO,PRODUCT_NAME,COST,SAIL_PRICE,PROFIT_MARGIN,EXPIRATION_PERIOD,CREATER,CREATE_DATE,MODIFIER,MODIFY_DATE,DELIVERY_DATE,USE_YN,INVENTORY,EVENT) values (1015,1,'스파게티','2500','4000','60%',to_date('25/05/25','RR/MM/DD'),1010,to_date('24/11/14','RR/MM/DD'),1010,to_date('24/11/14','RR/MM/DD'),'월화수목금','Y',100,'1+1');
Insert into TBL_PRODUCT (PRODUCT_NO,CLASSIFICATION_NO,PRODUCT_NAME,COST,SAIL_PRICE,PROFIT_MARGIN,EXPIRATION_PERIOD,CREATER,CREATE_DATE,MODIFIER,MODIFY_DATE,DELIVERY_DATE,USE_YN,INVENTORY,EVENT) values (1016,3,'참이슬 Fresh 360ml','1200','2000','66.67%',to_date('25/08/30','RR/MM/DD'),1010,to_date('24/11/14','RR/MM/DD'),1010,to_date('24/11/14','RR/MM/DD'),'월화수목금','Y',100,null);
Insert into TBL_PRODUCT (PRODUCT_NO,CLASSIFICATION_NO,PRODUCT_NAME,COST,SAIL_PRICE,PROFIT_MARGIN,EXPIRATION_PERIOD,CREATER,CREATE_DATE,MODIFIER,MODIFY_DATE,DELIVERY_DATE,USE_YN,INVENTORY,EVENT) values (1017,3,'하이트 진로 500ml','1000','1500','50%',to_date('25/07/15','RR/MM/DD'),1010,to_date('24/11/14','RR/MM/DD'),1010,to_date('24/11/14','RR/MM/DD'),'월화수목금','Y',100,null);
Insert into TBL_PRODUCT (PRODUCT_NO,CLASSIFICATION_NO,PRODUCT_NAME,COST,SAIL_PRICE,PROFIT_MARGIN,EXPIRATION_PERIOD,CREATER,CREATE_DATE,MODIFIER,MODIFY_DATE,DELIVERY_DATE,USE_YN,INVENTORY,EVENT) values (1018,3,'맥스 500ml','1200','1800','50%',to_date('25/09/10','RR/MM/DD'),1010,to_date('24/11/14','RR/MM/DD'),1010,to_date('24/11/14','RR/MM/DD'),'월화수목금','Y',100,null);
Insert into TBL_PRODUCT (PRODUCT_NO,CLASSIFICATION_NO,PRODUCT_NAME,COST,SAIL_PRICE,PROFIT_MARGIN,EXPIRATION_PERIOD,CREATER,CREATE_DATE,MODIFIER,MODIFY_DATE,DELIVERY_DATE,USE_YN,INVENTORY,EVENT) values (1019,3,'롱섬 와인 750ml','3000','5000','66.67%',to_date('25/12/31','RR/MM/DD'),1010,to_date('24/11/14','RR/MM/DD'),1010,to_date('24/11/14','RR/MM/DD'),'월화수목금','Y',100,null);
Insert into TBL_PRODUCT (PRODUCT_NO,CLASSIFICATION_NO,PRODUCT_NAME,COST,SAIL_PRICE,PROFIT_MARGIN,EXPIRATION_PERIOD,CREATER,CREATE_DATE,MODIFIER,MODIFY_DATE,DELIVERY_DATE,USE_YN,INVENTORY,EVENT) values (1020,1,'발렌타인 12년 700ml','20000','30000','50.00%',to_date('26/01/08','RR/MM/DD'),1010,to_date('24/11/14','RR/MM/DD'),1010,to_date('24/11/17','RR/MM/DD'),'월화수목금','Y',100,null);
Insert into TBL_PRODUCT (PRODUCT_NO,CLASSIFICATION_NO,PRODUCT_NAME,COST,SAIL_PRICE,PROFIT_MARGIN,EXPIRATION_PERIOD,CREATER,CREATE_DATE,MODIFIER,MODIFY_DATE,DELIVERY_DATE,USE_YN,INVENTORY,EVENT) values (1021,1,'야마자키 12년산  700ml ','300000','500000','66.67%',to_date('99/12/31','RR/MM/DD'),1010,to_date('24/11/18','RR/MM/DD'),1010,to_date('24/11/19','RR/MM/DD'),'월','Y',100,null);
REM INSERTING into TBL_REPLY
SET DEFINE OFF;
Insert into TBL_REPLY (REPLY_NO,REPLY_CONTENT,REF_BNO,UPR_REPLY_NO,STATUS,EMP_NO,CREATE_DATE,MODIFIER,MODIFY_DATE,USE_YN) values (1001,'좋은 글 감사합니다',null,null,'A',1003,to_date('24/05/10','RR/MM/DD'),null,null,'Y');
Insert into TBL_REPLY (REPLY_NO,REPLY_CONTENT,REF_BNO,UPR_REPLY_NO,STATUS,EMP_NO,CREATE_DATE,MODIFIER,MODIFY_DATE,USE_YN) values (1002,'의견 감사합니다',null,null,'A',1003,to_date('24/05/11','RR/MM/DD'),null,null,'Y');
Insert into TBL_REPLY (REPLY_NO,REPLY_CONTENT,REF_BNO,UPR_REPLY_NO,STATUS,EMP_NO,CREATE_DATE,MODIFIER,MODIFY_DATE,USE_YN) values (1003,'잘 읽었습니다',null,null,'A',1003,to_date('24/05/12','RR/MM/DD'),null,null,'Y');
Insert into TBL_REPLY (REPLY_NO,REPLY_CONTENT,REF_BNO,UPR_REPLY_NO,STATUS,EMP_NO,CREATE_DATE,MODIFIER,MODIFY_DATE,USE_YN) values (1004,'참 유익한 정보',null,null,'A',1003,to_date('24/05/13','RR/MM/DD'),null,null,'Y');
Insert into TBL_REPLY (REPLY_NO,REPLY_CONTENT,REF_BNO,UPR_REPLY_NO,STATUS,EMP_NO,CREATE_DATE,MODIFIER,MODIFY_DATE,USE_YN) values (1005,'많은 도움이 되었습니다',null,null,'A',1004,to_date('24/05/14','RR/MM/DD'),null,null,'Y');
Insert into TBL_REPLY (REPLY_NO,REPLY_CONTENT,REF_BNO,UPR_REPLY_NO,STATUS,EMP_NO,CREATE_DATE,MODIFIER,MODIFY_DATE,USE_YN) values (1006,'덕분에 많이 배웠습니다',null,null,'A',1005,to_date('24/05/15','RR/MM/DD'),null,null,'Y');
Insert into TBL_REPLY (REPLY_NO,REPLY_CONTENT,REF_BNO,UPR_REPLY_NO,STATUS,EMP_NO,CREATE_DATE,MODIFIER,MODIFY_DATE,USE_YN) values (1007,'정말 감사합니다',null,null,'A',1006,to_date('24/05/16','RR/MM/DD'),null,null,'Y');
Insert into TBL_REPLY (REPLY_NO,REPLY_CONTENT,REF_BNO,UPR_REPLY_NO,STATUS,EMP_NO,CREATE_DATE,MODIFIER,MODIFY_DATE,USE_YN) values (1008,'이해가 잘 되었습니다',null,null,'A',1007,to_date('24/05/17','RR/MM/DD'),null,null,'Y');
Insert into TBL_REPLY (REPLY_NO,REPLY_CONTENT,REF_BNO,UPR_REPLY_NO,STATUS,EMP_NO,CREATE_DATE,MODIFIER,MODIFY_DATE,USE_YN) values (1009,'확인 감사합니다',null,null,'A',1008,to_date('24/05/18','RR/MM/DD'),null,null,'Y');
Insert into TBL_REPLY (REPLY_NO,REPLY_CONTENT,REF_BNO,UPR_REPLY_NO,STATUS,EMP_NO,CREATE_DATE,MODIFIER,MODIFY_DATE,USE_YN) values (1010,'너무 유익했습니다',null,null,'A',1009,to_date('24/05/19','RR/MM/DD'),null,null,'Y');
Insert into TBL_REPLY (REPLY_NO,REPLY_CONTENT,REF_BNO,UPR_REPLY_NO,STATUS,EMP_NO,CREATE_DATE,MODIFIER,MODIFY_DATE,USE_YN) values (1011,'정말 좋네요',null,null,'A',1004,to_date('24/05/20','RR/MM/DD'),null,null,'Y');
Insert into TBL_REPLY (REPLY_NO,REPLY_CONTENT,REF_BNO,UPR_REPLY_NO,STATUS,EMP_NO,CREATE_DATE,MODIFIER,MODIFY_DATE,USE_YN) values (1012,'잘 읽었습니다',null,null,'A',1005,to_date('24/05/21','RR/MM/DD'),null,null,'Y');
Insert into TBL_REPLY (REPLY_NO,REPLY_CONTENT,REF_BNO,UPR_REPLY_NO,STATUS,EMP_NO,CREATE_DATE,MODIFIER,MODIFY_DATE,USE_YN) values (1013,'정말 감사드립니다',null,null,'A',1006,to_date('24/05/22','RR/MM/DD'),null,null,'Y');
Insert into TBL_REPLY (REPLY_NO,REPLY_CONTENT,REF_BNO,UPR_REPLY_NO,STATUS,EMP_NO,CREATE_DATE,MODIFIER,MODIFY_DATE,USE_YN) values (1014,'좋은 정보 공유 감사합니다',null,null,'B',1007,to_date('24/05/23','RR/MM/DD'),null,null,'Y');
Insert into TBL_REPLY (REPLY_NO,REPLY_CONTENT,REF_BNO,UPR_REPLY_NO,STATUS,EMP_NO,CREATE_DATE,MODIFIER,MODIFY_DATE,USE_YN) values (1015,'의견 감사합니다',null,null,'B',1008,to_date('24/05/24','RR/MM/DD'),null,null,'Y');
REM INSERTING into TBL_SALARY
SET DEFINE OFF;
Insert into TBL_SALARY (SALARY_NO,EMP_NO,SAL_BASE,SAL_OVERTIME_PAY,BONUS,SAL_GROSS_PAY,SAL_NP,SAL_HI,SAL_EI,SAL_TOTAL_DD,SAL_NET_SALARY,CREATER,CREATE_DATE,MODIFIER,MODIFY_DATE) values (1001,1001,2500000,300000,150000,2950000,225000,150000,90000,515000,2435000,null,to_date('24/11/14','RR/MM/DD'),1002,to_date('24/11/14','RR/MM/DD'));
Insert into TBL_SALARY (SALARY_NO,EMP_NO,SAL_BASE,SAL_OVERTIME_PAY,BONUS,SAL_GROSS_PAY,SAL_NP,SAL_HI,SAL_EI,SAL_TOTAL_DD,SAL_NET_SALARY,CREATER,CREATE_DATE,MODIFIER,MODIFY_DATE) values (1002,1002,2700000,250000,200000,3050000,230000,160000,95000,525000,2525000,null,to_date('24/11/14','RR/MM/DD'),1002,to_date('24/11/14','RR/MM/DD'));
Insert into TBL_SALARY (SALARY_NO,EMP_NO,SAL_BASE,SAL_OVERTIME_PAY,BONUS,SAL_GROSS_PAY,SAL_NP,SAL_HI,SAL_EI,SAL_TOTAL_DD,SAL_NET_SALARY,CREATER,CREATE_DATE,MODIFIER,MODIFY_DATE) values (1003,1003,2300000,220000,180000,2700000,215000,140000,85000,440000,2260000,null,to_date('24/11/14','RR/MM/DD'),1002,to_date('24/11/14','RR/MM/DD'));
Insert into TBL_SALARY (SALARY_NO,EMP_NO,SAL_BASE,SAL_OVERTIME_PAY,BONUS,SAL_GROSS_PAY,SAL_NP,SAL_HI,SAL_EI,SAL_TOTAL_DD,SAL_NET_SALARY,CREATER,CREATE_DATE,MODIFIER,MODIFY_DATE) values (1004,1004,2800000,350000,250000,3200000,240000,170000,100000,510000,2690000,null,to_date('24/11/14','RR/MM/DD'),1004,to_date('24/11/14','RR/MM/DD'));
Insert into TBL_SALARY (SALARY_NO,EMP_NO,SAL_BASE,SAL_OVERTIME_PAY,BONUS,SAL_GROSS_PAY,SAL_NP,SAL_HI,SAL_EI,SAL_TOTAL_DD,SAL_NET_SALARY,CREATER,CREATE_DATE,MODIFIER,MODIFY_DATE) values (1005,1005,2600000,200000,120000,2800000,220000,145000,90000,455000,2345000,null,to_date('24/11/14','RR/MM/DD'),1005,to_date('24/11/14','RR/MM/DD'));
Insert into TBL_SALARY (SALARY_NO,EMP_NO,SAL_BASE,SAL_OVERTIME_PAY,BONUS,SAL_GROSS_PAY,SAL_NP,SAL_HI,SAL_EI,SAL_TOTAL_DD,SAL_NET_SALARY,CREATER,CREATE_DATE,MODIFIER,MODIFY_DATE) values (1006,1006,2900000,180000,140000,3140000,225000,160000,100000,485000,2655000,null,to_date('24/11/14','RR/MM/DD'),1006,to_date('24/11/14','RR/MM/DD'));
Insert into TBL_SALARY (SALARY_NO,EMP_NO,SAL_BASE,SAL_OVERTIME_PAY,BONUS,SAL_GROSS_PAY,SAL_NP,SAL_HI,SAL_EI,SAL_TOTAL_DD,SAL_NET_SALARY,CREATER,CREATE_DATE,MODIFIER,MODIFY_DATE) values (1007,1007,2400000,270000,130000,2900000,210000,150000,95000,440000,2460000,null,to_date('24/11/14','RR/MM/DD'),1007,to_date('24/11/14','RR/MM/DD'));
Insert into TBL_SALARY (SALARY_NO,EMP_NO,SAL_BASE,SAL_OVERTIME_PAY,BONUS,SAL_GROSS_PAY,SAL_NP,SAL_HI,SAL_EI,SAL_TOTAL_DD,SAL_NET_SALARY,CREATER,CREATE_DATE,MODIFIER,MODIFY_DATE) values (1008,1008,2750000,230000,180000,3180000,235000,165000,105000,505000,2675000,null,to_date('24/11/14','RR/MM/DD'),1008,to_date('24/11/14','RR/MM/DD'));
Insert into TBL_SALARY (SALARY_NO,EMP_NO,SAL_BASE,SAL_OVERTIME_PAY,BONUS,SAL_GROSS_PAY,SAL_NP,SAL_HI,SAL_EI,SAL_TOTAL_DD,SAL_NET_SALARY,CREATER,CREATE_DATE,MODIFIER,MODIFY_DATE) values (1009,1009,2650000,280000,210000,3030000,230000,160000,98000,528000,2502000,null,to_date('24/11/14','RR/MM/DD'),1009,to_date('24/11/14','RR/MM/DD'));
Insert into TBL_SALARY (SALARY_NO,EMP_NO,SAL_BASE,SAL_OVERTIME_PAY,BONUS,SAL_GROSS_PAY,SAL_NP,SAL_HI,SAL_EI,SAL_TOTAL_DD,SAL_NET_SALARY,CREATER,CREATE_DATE,MODIFIER,MODIFY_DATE) values (1010,1010,2500000,210000,170000,2880000,220000,150000,92000,462000,2418000,null,to_date('24/11/14','RR/MM/DD'),1010,to_date('24/11/14','RR/MM/DD'));
REM INSERTING into TBL_VACATION
SET DEFINE OFF;
REM INSERTING into TBL_WORK
SET DEFINE OFF;
REM INSERTING into TBL_WORK_REALTIME
SET DEFINE OFF;
Insert into TBL_WORK_REALTIME (EMP_NO,WORK_LATE,WORK_FAST_END,WORK_ABSENCE,CREATE_DATE,MODIFIER,MODIFIER_DATE,CREATER) values (1001,'2024-01','15','0',to_date('24/01/01','RR/MM/DD'),null,null,1003);
Insert into TBL_WORK_REALTIME (EMP_NO,WORK_LATE,WORK_FAST_END,WORK_ABSENCE,CREATE_DATE,MODIFIER,MODIFIER_DATE,CREATER) values (1002,'2024-02','15','0',to_date('24/01/01','RR/MM/DD'),null,null,1003);
Insert into TBL_WORK_REALTIME (EMP_NO,WORK_LATE,WORK_FAST_END,WORK_ABSENCE,CREATE_DATE,MODIFIER,MODIFIER_DATE,CREATER) values (1003,'2024-03','15','0',to_date('24/01/01','RR/MM/DD'),null,null,1003);
Insert into TBL_WORK_REALTIME (EMP_NO,WORK_LATE,WORK_FAST_END,WORK_ABSENCE,CREATE_DATE,MODIFIER,MODIFIER_DATE,CREATER) values (1004,'2024-04','15','0',to_date('24/01/01','RR/MM/DD'),null,null,1003);
Insert into TBL_WORK_REALTIME (EMP_NO,WORK_LATE,WORK_FAST_END,WORK_ABSENCE,CREATE_DATE,MODIFIER,MODIFIER_DATE,CREATER) values (1005,'2024-05','15','0',to_date('24/01/01','RR/MM/DD'),null,null,1003);
Insert into TBL_WORK_REALTIME (EMP_NO,WORK_LATE,WORK_FAST_END,WORK_ABSENCE,CREATE_DATE,MODIFIER,MODIFIER_DATE,CREATER) values (1006,'2024-06','15','0',to_date('24/01/01','RR/MM/DD'),null,null,1003);
Insert into TBL_WORK_REALTIME (EMP_NO,WORK_LATE,WORK_FAST_END,WORK_ABSENCE,CREATE_DATE,MODIFIER,MODIFIER_DATE,CREATER) values (1007,'2024-07','15','0',to_date('24/01/01','RR/MM/DD'),null,null,1003);
Insert into TBL_WORK_REALTIME (EMP_NO,WORK_LATE,WORK_FAST_END,WORK_ABSENCE,CREATE_DATE,MODIFIER,MODIFIER_DATE,CREATER) values (1008,'2024-08','15','0',to_date('24/01/01','RR/MM/DD'),null,null,1003);
Insert into TBL_WORK_REALTIME (EMP_NO,WORK_LATE,WORK_FAST_END,WORK_ABSENCE,CREATE_DATE,MODIFIER,MODIFIER_DATE,CREATER) values (1009,'2024-09','15','0',to_date('24/01/01','RR/MM/DD'),null,null,1003);
Insert into TBL_WORK_REALTIME (EMP_NO,WORK_LATE,WORK_FAST_END,WORK_ABSENCE,CREATE_DATE,MODIFIER,MODIFIER_DATE,CREATER) values (1010,'2024-10','15','0',to_date('24/01/01','RR/MM/DD'),null,null,1003);
Insert into TBL_WORK_REALTIME (EMP_NO,WORK_LATE,WORK_FAST_END,WORK_ABSENCE,CREATE_DATE,MODIFIER,MODIFIER_DATE,CREATER) values (1011,'2024-11','15','0',to_date('24/01/01','RR/MM/DD'),null,null,1003);
Insert into TBL_WORK_REALTIME (EMP_NO,WORK_LATE,WORK_FAST_END,WORK_ABSENCE,CREATE_DATE,MODIFIER,MODIFIER_DATE,CREATER) values (1012,'2024-12','15','0',to_date('24/01/01','RR/MM/DD'),null,null,1003);
Insert into TBL_WORK_REALTIME (EMP_NO,WORK_LATE,WORK_FAST_END,WORK_ABSENCE,CREATE_DATE,MODIFIER,MODIFIER_DATE,CREATER) values (1013,'2024-13','15','0',to_date('24/01/01','RR/MM/DD'),null,null,1003);
Insert into TBL_WORK_REALTIME (EMP_NO,WORK_LATE,WORK_FAST_END,WORK_ABSENCE,CREATE_DATE,MODIFIER,MODIFIER_DATE,CREATER) values (1014,'2024-14','15','0',to_date('24/01/01','RR/MM/DD'),null,null,1003);
Insert into TBL_WORK_REALTIME (EMP_NO,WORK_LATE,WORK_FAST_END,WORK_ABSENCE,CREATE_DATE,MODIFIER,MODIFIER_DATE,CREATER) values (1015,'2024-15','15','0',to_date('24/01/01','RR/MM/DD'),null,null,1003);
Insert into TBL_WORK_REALTIME (EMP_NO,WORK_LATE,WORK_FAST_END,WORK_ABSENCE,CREATE_DATE,MODIFIER,MODIFIER_DATE,CREATER) values (1016,'2024-16','15','0',to_date('24/01/01','RR/MM/DD'),null,null,1003);
Insert into TBL_WORK_REALTIME (EMP_NO,WORK_LATE,WORK_FAST_END,WORK_ABSENCE,CREATE_DATE,MODIFIER,MODIFIER_DATE,CREATER) values (1017,'2024-17','15','0',to_date('24/01/01','RR/MM/DD'),null,null,1003);
Insert into TBL_WORK_REALTIME (EMP_NO,WORK_LATE,WORK_FAST_END,WORK_ABSENCE,CREATE_DATE,MODIFIER,MODIFIER_DATE,CREATER) values (1018,'2024-18','15','0',to_date('24/01/01','RR/MM/DD'),null,null,1003);
Insert into TBL_WORK_REALTIME (EMP_NO,WORK_LATE,WORK_FAST_END,WORK_ABSENCE,CREATE_DATE,MODIFIER,MODIFIER_DATE,CREATER) values (1019,'2024-19','15','0',to_date('24/01/01','RR/MM/DD'),null,null,1003);
Insert into TBL_WORK_REALTIME (EMP_NO,WORK_LATE,WORK_FAST_END,WORK_ABSENCE,CREATE_DATE,MODIFIER,MODIFIER_DATE,CREATER) values (1020,'2024-20','15','0',to_date('24/01/01','RR/MM/DD'),null,null,1003);
Insert into TBL_WORK_REALTIME (EMP_NO,WORK_LATE,WORK_FAST_END,WORK_ABSENCE,CREATE_DATE,MODIFIER,MODIFIER_DATE,CREATER) values (1021,'2024-21','15','0',to_date('24/01/01','RR/MM/DD'),null,null,1003);
Insert into TBL_WORK_REALTIME (EMP_NO,WORK_LATE,WORK_FAST_END,WORK_ABSENCE,CREATE_DATE,MODIFIER,MODIFIER_DATE,CREATER) values (1022,'2024-22','15','0',to_date('24/01/01','RR/MM/DD'),null,null,1003);
Insert into TBL_WORK_REALTIME (EMP_NO,WORK_LATE,WORK_FAST_END,WORK_ABSENCE,CREATE_DATE,MODIFIER,MODIFIER_DATE,CREATER) values (1023,'2024-23','15','0',to_date('24/01/01','RR/MM/DD'),null,null,1003);
Insert into TBL_WORK_REALTIME (EMP_NO,WORK_LATE,WORK_FAST_END,WORK_ABSENCE,CREATE_DATE,MODIFIER,MODIFIER_DATE,CREATER) values (1024,'2024-24','15','0',to_date('24/01/01','RR/MM/DD'),null,null,1003);
Insert into TBL_WORK_REALTIME (EMP_NO,WORK_LATE,WORK_FAST_END,WORK_ABSENCE,CREATE_DATE,MODIFIER,MODIFIER_DATE,CREATER) values (1025,'2024-25','15','0',to_date('24/01/01','RR/MM/DD'),null,null,1003);
Insert into TBL_WORK_REALTIME (EMP_NO,WORK_LATE,WORK_FAST_END,WORK_ABSENCE,CREATE_DATE,MODIFIER,MODIFIER_DATE,CREATER) values (1026,'2024-26','15','0',to_date('24/01/01','RR/MM/DD'),null,null,1003);
Insert into TBL_WORK_REALTIME (EMP_NO,WORK_LATE,WORK_FAST_END,WORK_ABSENCE,CREATE_DATE,MODIFIER,MODIFIER_DATE,CREATER) values (1027,'2024-27','15','0',to_date('24/01/01','RR/MM/DD'),null,null,1003);
Insert into TBL_WORK_REALTIME (EMP_NO,WORK_LATE,WORK_FAST_END,WORK_ABSENCE,CREATE_DATE,MODIFIER,MODIFIER_DATE,CREATER) values (1028,'2024-28','15','0',to_date('24/01/01','RR/MM/DD'),null,null,1003);
Insert into TBL_WORK_REALTIME (EMP_NO,WORK_LATE,WORK_FAST_END,WORK_ABSENCE,CREATE_DATE,MODIFIER,MODIFIER_DATE,CREATER) values (1029,'2024-29','15','0',to_date('24/01/01','RR/MM/DD'),null,null,1003);
Insert into TBL_WORK_REALTIME (EMP_NO,WORK_LATE,WORK_FAST_END,WORK_ABSENCE,CREATE_DATE,MODIFIER,MODIFIER_DATE,CREATER) values (1030,'2024-30','15','0',to_date('24/01/01','RR/MM/DD'),null,null,1003);
--------------------------------------------------------
--  DDL for Index PK_TBL_EDOC_ATTACHMENT
--------------------------------------------------------

  CREATE UNIQUE INDEX "PK_TBL_EDOC_ATTACHMENT" ON "TBL_EDOC_ATTACHMENT" ("ATTACH_NO") 
  ;
--------------------------------------------------------
--  DDL for Index PK_TBL_CALENDAR
--------------------------------------------------------

  CREATE UNIQUE INDEX "PK_TBL_CALENDAR" ON "TBL_CALENDAR" ("CAL_NO") 
  ;
--------------------------------------------------------
--  DDL for Index PK_TBL_PRODUCT
--------------------------------------------------------

  CREATE UNIQUE INDEX "PK_TBL_PRODUCT" ON "TBL_PRODUCT" ("PRODUCT_NO") 
  ;
--------------------------------------------------------
--  DDL for Index PK_TBL_VACATION
--------------------------------------------------------

  CREATE UNIQUE INDEX "PK_TBL_VACATION" ON "TBL_VACATION" ("VAC_NO") 
  ;
--------------------------------------------------------
--  DDL for Index PK_TBL_DISPATCH
--------------------------------------------------------

  CREATE UNIQUE INDEX "PK_TBL_DISPATCH" ON "TBL_DISPATCH" ("DISPATCH_NO") 
  ;
--------------------------------------------------------
--  DDL for Index PK_TBL_REPLY
--------------------------------------------------------

  CREATE UNIQUE INDEX "PK_TBL_REPLY" ON "TBL_REPLY" ("REPLY_NO") 
  ;
--------------------------------------------------------
--  DDL for Index PK_TBL_EDOC_APPROVAL
--------------------------------------------------------

  CREATE UNIQUE INDEX "PK_TBL_EDOC_APPROVAL" ON "TBL_EDOC_APPROVAL" ("APRVL_NO") 
  ;
--------------------------------------------------------
--  DDL for Index PK_TBL_DEP_TRANSFER
--------------------------------------------------------

  CREATE UNIQUE INDEX "PK_TBL_DEP_TRANSFER" ON "TBL_DEP_TRANSFER" ("TRANSFER_CODE") 
  ;
--------------------------------------------------------
--  DDL for Index PK_TBL_EDOC_SAMPLE
--------------------------------------------------------

  CREATE UNIQUE INDEX "PK_TBL_EDOC_SAMPLE" ON "TBL_EDOC_SAMPLE" ("SAMPLE_NO") 
  ;
--------------------------------------------------------
--  DDL for Index PK_TBL_LOG
--------------------------------------------------------

  CREATE UNIQUE INDEX "PK_TBL_LOG" ON "TBL_LOG" ("LOG_NO") 
  ;
--------------------------------------------------------
--  DDL for Index PK_TBL_BOARDTYPE
--------------------------------------------------------

  CREATE UNIQUE INDEX "PK_TBL_BOARDTYPE" ON "TBL_BOARDTYPE" ("BOARD_TYPE_NO") 
  ;
--------------------------------------------------------
--  DDL for Index PK_TBL_DEPARTMENT
--------------------------------------------------------

  CREATE UNIQUE INDEX "PK_TBL_DEPARTMENT" ON "TBL_DEPARTMENT" ("DEPT_CODE") 
  ;
--------------------------------------------------------
--  DDL for Index PK_TBL_BOARD
--------------------------------------------------------

  CREATE UNIQUE INDEX "PK_TBL_BOARD" ON "TBL_BOARD" ("BOARD_NO") 
  ;
--------------------------------------------------------
--  DDL for Index PK_TBL_EDOC
--------------------------------------------------------

  CREATE UNIQUE INDEX "PK_TBL_EDOC" ON "TBL_EDOC" ("EDOC_NO") 
  ;
--------------------------------------------------------
--  DDL for Index PK_TBL_WORK_REALTIME
--------------------------------------------------------

  CREATE UNIQUE INDEX "PK_TBL_WORK_REALTIME" ON "TBL_WORK_REALTIME" ("WORK_LATE") 
  ;
--------------------------------------------------------
--  DDL for Index PK_TBL_ORDERING
--------------------------------------------------------

  CREATE UNIQUE INDEX "PK_TBL_ORDERING" ON "TBL_ORDERING" ("ORDER_NO") 
  ;
--------------------------------------------------------
--  DDL for Index PK_TLB_WORK
--------------------------------------------------------

  CREATE UNIQUE INDEX "PK_TLB_WORK" ON "TBL_WORK" ("WORK_NO") 
  ;
--------------------------------------------------------
--  DDL for Index PK_TBL_SALARY
--------------------------------------------------------

  CREATE UNIQUE INDEX "PK_TBL_SALARY" ON "TBL_SALARY" ("SALARY_NO") 
  ;
--------------------------------------------------------
--  DDL for Index PK_TBL_EMPLOYEE
--------------------------------------------------------

  CREATE UNIQUE INDEX "PK_TBL_EMPLOYEE" ON "TBL_EMPLOYEE" ("EMP_NO") 
  ;
--------------------------------------------------------
--  DDL for Index PK_TBL_BOARDFILE
--------------------------------------------------------

  CREATE UNIQUE INDEX "PK_TBL_BOARDFILE" ON "TBL_BOARDFILE" ("BOARDFILE_NO") 
  ;
--------------------------------------------------------
--  Constraints for Table TBL_EDOC_SAMPLE
--------------------------------------------------------

  ALTER TABLE "TBL_EDOC_SAMPLE" ADD CONSTRAINT "PK_TBL_EDOC_SAMPLE" PRIMARY KEY ("SAMPLE_NO") ENABLE;
  ALTER TABLE "TBL_EDOC_SAMPLE" MODIFY ("SAMPLE_NO" NOT NULL ENABLE);
--------------------------------------------------------
--  Constraints for Table TBL_EMPLOYEE
--------------------------------------------------------

  ALTER TABLE "TBL_EMPLOYEE" ADD CONSTRAINT "PK_TBL_EMPLOYEE" PRIMARY KEY ("EMP_NO") ENABLE;
  ALTER TABLE "TBL_EMPLOYEE" MODIFY ("EMP_NO" NOT NULL ENABLE);
--------------------------------------------------------
--  Constraints for Table TBL_PRODUCT
--------------------------------------------------------

  ALTER TABLE "TBL_PRODUCT" ADD CONSTRAINT "PK_TBL_PRODUCT" PRIMARY KEY ("PRODUCT_NO") ENABLE;
  ALTER TABLE "TBL_PRODUCT" MODIFY ("PRODUCT_NO" NOT NULL ENABLE);
--------------------------------------------------------
--  Constraints for Table TBL_BOARD
--------------------------------------------------------

  ALTER TABLE "TBL_BOARD" ADD CONSTRAINT "PK_TBL_BOARD" PRIMARY KEY ("BOARD_NO") ENABLE;
  ALTER TABLE "TBL_BOARD" MODIFY ("BOARD_NO" NOT NULL ENABLE);
--------------------------------------------------------
--  Constraints for Table TBL_BOARDFILE
--------------------------------------------------------

  ALTER TABLE "TBL_BOARDFILE" ADD CONSTRAINT "PK_TBL_BOARDFILE" PRIMARY KEY ("BOARDFILE_NO") ENABLE;
  ALTER TABLE "TBL_BOARDFILE" MODIFY ("BOARDFILE_NO" NOT NULL ENABLE);
--------------------------------------------------------
--  Constraints for Table TBL_SALARY
--------------------------------------------------------

  ALTER TABLE "TBL_SALARY" ADD CONSTRAINT "PK_TBL_SALARY" PRIMARY KEY ("SALARY_NO") ENABLE;
  ALTER TABLE "TBL_SALARY" MODIFY ("SALARY_NO" NOT NULL ENABLE);
--------------------------------------------------------
--  Constraints for Table TBL_DEPARTMENT
--------------------------------------------------------

  ALTER TABLE "TBL_DEPARTMENT" ADD CONSTRAINT "PK_TBL_DEPARTMENT" PRIMARY KEY ("DEPT_CODE") ENABLE;
  ALTER TABLE "TBL_DEPARTMENT" MODIFY ("DEPT_CODE" NOT NULL ENABLE);
--------------------------------------------------------
--  Constraints for Table TBL_ORDERING_PRODUCT
--------------------------------------------------------

  ALTER TABLE "TBL_ORDERING_PRODUCT" MODIFY ("ORDER_NO" NOT NULL ENABLE);
--------------------------------------------------------
--  Constraints for Table TBL_CALENDAR
--------------------------------------------------------

  ALTER TABLE "TBL_CALENDAR" ADD CONSTRAINT "PK_TBL_CALENDAR" PRIMARY KEY ("CAL_NO") ENABLE;
  ALTER TABLE "TBL_CALENDAR" MODIFY ("CAL_NO" NOT NULL ENABLE);
--------------------------------------------------------
--  Constraints for Table TBL_EDOC_ATTACHMENT
--------------------------------------------------------

  ALTER TABLE "TBL_EDOC_ATTACHMENT" ADD CONSTRAINT "PK_TBL_EDOC_ATTACHMENT" PRIMARY KEY ("ATTACH_NO") ENABLE;
  ALTER TABLE "TBL_EDOC_ATTACHMENT" MODIFY ("ATTACH_NO" NOT NULL ENABLE);
--------------------------------------------------------
--  Constraints for Table TBL_DISPATCH
--------------------------------------------------------

  ALTER TABLE "TBL_DISPATCH" ADD CONSTRAINT "PK_TBL_DISPATCH" PRIMARY KEY ("DISPATCH_NO") ENABLE;
  ALTER TABLE "TBL_DISPATCH" MODIFY ("DISPATCH_NO" NOT NULL ENABLE);
--------------------------------------------------------
--  Constraints for Table TBL_LOG
--------------------------------------------------------

  ALTER TABLE "TBL_LOG" ADD CONSTRAINT "PK_TBL_LOG" PRIMARY KEY ("LOG_NO") ENABLE;
  ALTER TABLE "TBL_LOG" MODIFY ("LOG_NO" NOT NULL ENABLE);
--------------------------------------------------------
--  Constraints for Table TBL_REPLY
--------------------------------------------------------

  ALTER TABLE "TBL_REPLY" ADD CONSTRAINT "PK_TBL_REPLY" PRIMARY KEY ("REPLY_NO") ENABLE;
  ALTER TABLE "TBL_REPLY" MODIFY ("REPLY_NO" NOT NULL ENABLE);
--------------------------------------------------------
--  Constraints for Table TBL_DEP_TRANSFER
--------------------------------------------------------

  ALTER TABLE "TBL_DEP_TRANSFER" ADD CONSTRAINT "PK_TBL_DEP_TRANSFER" PRIMARY KEY ("TRANSFER_CODE") ENABLE;
  ALTER TABLE "TBL_DEP_TRANSFER" MODIFY ("TRANSFER_CODE" NOT NULL ENABLE);
--------------------------------------------------------
--  Constraints for Table TBL_ORDERING
--------------------------------------------------------

  ALTER TABLE "TBL_ORDERING" ADD CONSTRAINT "PK_TBL_ORDERING" PRIMARY KEY ("ORDER_NO") ENABLE;
  ALTER TABLE "TBL_ORDERING" MODIFY ("ORDER_NO" NOT NULL ENABLE);
--------------------------------------------------------
--  Constraints for Table TBL_VACATION
--------------------------------------------------------

  ALTER TABLE "TBL_VACATION" ADD CONSTRAINT "PK_TBL_VACATION" PRIMARY KEY ("VAC_NO") ENABLE;
  ALTER TABLE "TBL_VACATION" MODIFY ("VAC_NO" NOT NULL ENABLE);
--------------------------------------------------------
--  Constraints for Table TBL_BOARDTYPE
--------------------------------------------------------

  ALTER TABLE "TBL_BOARDTYPE" ADD CONSTRAINT "PK_TBL_BOARDTYPE" PRIMARY KEY ("BOARD_TYPE_NO") ENABLE;
--------------------------------------------------------
--  Constraints for Table TBL_EDOC
--------------------------------------------------------

  ALTER TABLE "TBL_EDOC" MODIFY ("SAMPLE_NO" NOT NULL ENABLE);
  ALTER TABLE "TBL_EDOC" ADD CONSTRAINT "PK_TBL_EDOC" PRIMARY KEY ("EDOC_NO") ENABLE;
  ALTER TABLE "TBL_EDOC" MODIFY ("EDOC_NO" NOT NULL ENABLE);
--------------------------------------------------------
--  Constraints for Table TBL_WORK_REALTIME
--------------------------------------------------------

  ALTER TABLE "TBL_WORK_REALTIME" ADD CONSTRAINT "PK_TBL_WORK_REALTIME" PRIMARY KEY ("WORK_LATE") ENABLE;
--------------------------------------------------------
--  Constraints for Table TBL_WORK
--------------------------------------------------------

  ALTER TABLE "TBL_WORK" ADD CONSTRAINT "PK_TLB_WORK" PRIMARY KEY ("WORK_NO") ENABLE;
  ALTER TABLE "TBL_WORK" MODIFY ("WORK_NO" NOT NULL ENABLE);
--------------------------------------------------------
--  Constraints for Table TBL_EDOC_APPROVAL
--------------------------------------------------------

  ALTER TABLE "TBL_EDOC_APPROVAL" ADD CONSTRAINT "PK_TBL_EDOC_APPROVAL" PRIMARY KEY ("APRVL_NO") ENABLE;
  ALTER TABLE "TBL_EDOC_APPROVAL" MODIFY ("APRVL_NO" NOT NULL ENABLE);
