--------------------------------------------------------
--  파일이 생성됨 - 화요일-12월-10-2024   
--------------------------------------------------------
--------------------------------------------------------
--  DDL for Sequence APRVL_NO_SEQ
--------------------------------------------------------

   CREATE SEQUENCE  "APRVL_NO_SEQ"  MINVALUE 1 MAXVALUE 9999999999999999999999999999 INCREMENT BY 1 START WITH 1193 NOCACHE  NOORDER  NOCYCLE ;
--------------------------------------------------------
--  DDL for Sequence ATTACH_NO_SEQ
--------------------------------------------------------

   CREATE SEQUENCE  "ATTACH_NO_SEQ"  MINVALUE 1 MAXVALUE 9999999999999999999999999999 INCREMENT BY 1 START WITH 1016 NOCACHE  NOORDER  NOCYCLE ;
--------------------------------------------------------
--  DDL for Sequence BOARDFILE_NO_SEQ
--------------------------------------------------------

   CREATE SEQUENCE  "BOARDFILE_NO_SEQ"  MINVALUE 1 MAXVALUE 9999999999999999999999999999 INCREMENT BY 1 START WITH 1076 NOCACHE  NOORDER  NOCYCLE ;
--------------------------------------------------------
--  DDL for Sequence BOARD_NO_SEQ
--------------------------------------------------------

   CREATE SEQUENCE  "BOARD_NO_SEQ"  MINVALUE 1 MAXVALUE 9999999999999999999999999999 INCREMENT BY 1 START WITH 1177 NOCACHE  NOORDER  NOCYCLE ;
--------------------------------------------------------
--  DDL for Sequence BOARD_TYPE_NO_SEQ
--------------------------------------------------------

   CREATE SEQUENCE  "BOARD_TYPE_NO_SEQ"  MINVALUE 1 MAXVALUE 9999999999999999999999999999 INCREMENT BY 1 START WITH 1085 NOCACHE  NOORDER  NOCYCLE ;
--------------------------------------------------------
--  DDL for Sequence CAL_NO_SEQ
--------------------------------------------------------

   CREATE SEQUENCE  "CAL_NO_SEQ"  MINVALUE 1 MAXVALUE 9999999999999999999999999999 INCREMENT BY 1 START WITH 1132 NOCACHE  NOORDER  NOCYCLE ;
--------------------------------------------------------
--  DDL for Sequence CLASSIFICATION_NO_SEQ
--------------------------------------------------------

   CREATE SEQUENCE  "CLASSIFICATION_NO_SEQ"  MINVALUE 1 MAXVALUE 9999999999999999999999999999 INCREMENT BY 1 START WITH 1001 NOCACHE  NOORDER  NOCYCLE ;
--------------------------------------------------------
--  DDL for Sequence DEPARTMENT_DEPT_CODE_SEQ
--------------------------------------------------------

   CREATE SEQUENCE  "DEPARTMENT_DEPT_CODE_SEQ"  MINVALUE 1 MAXVALUE 9999999999999999999999999999 INCREMENT BY 1 START WITH 39 CACHE 20 NOORDER  NOCYCLE ;
--------------------------------------------------------
--  DDL for Sequence DEPT_TRANSFER_NO_SEQ
--------------------------------------------------------

   CREATE SEQUENCE  "DEPT_TRANSFER_NO_SEQ"  MINVALUE 1 MAXVALUE 9999999999999999999999999999 INCREMENT BY 1 START WITH 1043 NOCACHE  NOORDER  NOCYCLE ;
--------------------------------------------------------
--  DDL for Sequence DISPATCH_NO_SEQ
--------------------------------------------------------

   CREATE SEQUENCE  "DISPATCH_NO_SEQ"  MINVALUE 1 MAXVALUE 9999999999999999999999999999 INCREMENT BY 1 START WITH 1011 NOCACHE  NOORDER  NOCYCLE ;
--------------------------------------------------------
--  DDL for Sequence EDOC_NO_SEQ
--------------------------------------------------------

   CREATE SEQUENCE  "EDOC_NO_SEQ"  MINVALUE 1 MAXVALUE 9999999999999999999999999999 INCREMENT BY 1 START WITH 1103 NOCACHE  NOORDER  NOCYCLE ;
--------------------------------------------------------
--  DDL for Sequence EMP_NO_SEQ
--------------------------------------------------------

   CREATE SEQUENCE  "EMP_NO_SEQ"  MINVALUE 1 MAXVALUE 9999999999999999999999999999 INCREMENT BY 1 START WITH 1057 NOCACHE  NOORDER  NOCYCLE ;
--------------------------------------------------------
--  DDL for Sequence INCREMENT_NO_SEQ
--------------------------------------------------------

   CREATE SEQUENCE  "INCREMENT_NO_SEQ"  MINVALUE 1 MAXVALUE 9999999999999999999999999999 INCREMENT BY 1 START WITH 1001 NOCACHE  NOORDER  NOCYCLE ;
--------------------------------------------------------
--  DDL for Sequence KEY_SEQ
--------------------------------------------------------

   CREATE SEQUENCE  "KEY_SEQ"  MINVALUE 1 MAXVALUE 9999999999999999999999999999 INCREMENT BY 1 START WITH 1001 NOCACHE  NOORDER  NOCYCLE ;
--------------------------------------------------------
--  DDL for Sequence LOG_NO_SEQ
--------------------------------------------------------

   CREATE SEQUENCE  "LOG_NO_SEQ"  MINVALUE 1 MAXVALUE 9999999999999999999999999999 INCREMENT BY 1 START WITH 100034 NOCACHE  NOORDER  NOCYCLE ;
--------------------------------------------------------
--  DDL for Sequence ORDER_NO_SEQ
--------------------------------------------------------

   CREATE SEQUENCE  "ORDER_NO_SEQ"  MINVALUE 1 MAXVALUE 9999999999999999999999999999 INCREMENT BY 1 START WITH 1033 NOCACHE  NOORDER  NOCYCLE ;
--------------------------------------------------------
--  DDL for Sequence PRODUCT_NO_SEQ
--------------------------------------------------------

   CREATE SEQUENCE  "PRODUCT_NO_SEQ"  MINVALUE 1 MAXVALUE 9999999999999999999999999999 INCREMENT BY 1 START WITH 1034 NOCACHE  NOORDER  NOCYCLE ;
--------------------------------------------------------
--  DDL for Sequence RECEPTION_NO_SEQ
--------------------------------------------------------

   CREATE SEQUENCE  "RECEPTION_NO_SEQ"  MINVALUE 1 MAXVALUE 9999999999999999999999999999 INCREMENT BY 1 START WITH 107 NOCACHE  NOORDER  NOCYCLE ;
--------------------------------------------------------
--  DDL for Sequence REPLY_NO_SEQ
--------------------------------------------------------

   CREATE SEQUENCE  "REPLY_NO_SEQ"  MINVALUE 1 MAXVALUE 9999999999999999999999999999 INCREMENT BY 1 START WITH 1153 NOCACHE  NOORDER  NOCYCLE ;
--------------------------------------------------------
--  DDL for Sequence SALARY_NO_SEQ
--------------------------------------------------------

   CREATE SEQUENCE  "SALARY_NO_SEQ"  MINVALUE 1 MAXVALUE 9999999999999999999999999999 INCREMENT BY 1 START WITH 1073 NOCACHE  NOORDER  NOCYCLE ;
--------------------------------------------------------
--  DDL for Sequence SAMPLE_NO_SEQ
--------------------------------------------------------

   CREATE SEQUENCE  "SAMPLE_NO_SEQ"  MINVALUE 1 MAXVALUE 9999999999999999999999999999 INCREMENT BY 1 START WITH 1142 NOCACHE  NOORDER  NOCYCLE ;
--------------------------------------------------------
--  DDL for Sequence SEND_NO_SEQ
--------------------------------------------------------

   CREATE SEQUENCE  "SEND_NO_SEQ"  MINVALUE 1 MAXVALUE 9999999999999999999999999999 INCREMENT BY 1 START WITH 112 NOCACHE  NOORDER  NOCYCLE ;
--------------------------------------------------------
--  DDL for Sequence VAC_NO_SEQ
--------------------------------------------------------

   CREATE SEQUENCE  "VAC_NO_SEQ"  MINVALUE 1 MAXVALUE 9999999999999999999999999999 INCREMENT BY 1 START WITH 1001 NOCACHE  NOORDER  NOCYCLE ;
--------------------------------------------------------
--  DDL for Sequence WORK_NO_SEQ
--------------------------------------------------------

   CREATE SEQUENCE  "WORK_NO_SEQ"  MINVALUE 1 MAXVALUE 9999999999999999 INCREMENT BY 1 START WITH 1000883 NOCACHE  NOORDER  NOCYCLE ;
--------------------------------------------------------
--  DDL for Table TBL_ALARM
--------------------------------------------------------

  CREATE TABLE "TBL_ALARM" 
   (	"AUTO_INCREMENT" NUMBER, 
	"EMP_NO" NUMBER, 
	"RECIEVE_EMP_NO" NUMBER, 
	"AR_MSG" VARCHAR2(4000 BYTE), 
	"AR_TYPE" CHAR(10 BYTE), 
	"AR_READ" CHAR(1 BYTE), 
	"CREATE_DATE" DATE, 
	"MODIFIER" NUMBER, 
	"MODIFY_DATE" DATE, 
	"Field10" CHAR(1 BYTE)
   ) ;

   COMMENT ON COLUMN "TBL_ALARM"."AUTO_INCREMENT" IS '알림 고유 ID';
   COMMENT ON COLUMN "TBL_ALARM"."EMP_NO" IS '사원번호';
   COMMENT ON COLUMN "TBL_ALARM"."RECIEVE_EMP_NO" IS '받는 사원 번호';
   COMMENT ON COLUMN "TBL_ALARM"."AR_MSG" IS '알림 내용';
   COMMENT ON COLUMN "TBL_ALARM"."AR_TYPE" IS '알림유형';
   COMMENT ON COLUMN "TBL_ALARM"."AR_READ" IS '읽음  여부';
   COMMENT ON COLUMN "TBL_ALARM"."CREATE_DATE" IS '생성일';
   COMMENT ON COLUMN "TBL_ALARM"."MODIFIER" IS '수정자';
   COMMENT ON COLUMN "TBL_ALARM"."MODIFY_DATE" IS '수정일';
   COMMENT ON COLUMN "TBL_ALARM"."Field10" IS '사용유무(Y/N)';
--------------------------------------------------------
--  DDL for Table TBL_AUTH
--------------------------------------------------------

  CREATE TABLE "TBL_AUTH" 
   (	"EMP_AUTH" VARCHAR2(900 BYTE), 
	"AUTH_NAME" VARCHAR2(900 BYTE), 
	"EMP_NO" VARCHAR2(900 BYTE), 
	"CREATE_DATE" DATE, 
	"MODIFIER" VARCHAR2(900 BYTE), 
	"MODIFY_DATE" VARCHAR2(900 BYTE), 
	"USE_YN" CHAR(1 BYTE)
   ) ;

   COMMENT ON COLUMN "TBL_AUTH"."EMP_AUTH" IS 'AUTH 코드';
   COMMENT ON COLUMN "TBL_AUTH"."AUTH_NAME" IS '한글 코드
';
   COMMENT ON COLUMN "TBL_AUTH"."EMP_NO" IS '생성자';
   COMMENT ON COLUMN "TBL_AUTH"."CREATE_DATE" IS '생성시간';
   COMMENT ON COLUMN "TBL_AUTH"."MODIFIER" IS '수정자';
   COMMENT ON COLUMN "TBL_AUTH"."MODIFY_DATE" IS '수정시간';
   COMMENT ON COLUMN "TBL_AUTH"."USE_YN" IS '사용유무
';
--------------------------------------------------------
--  DDL for Table TBL_BOARD
--------------------------------------------------------

  CREATE TABLE "TBL_BOARD" 
   (	"BOARD_NO" NUMBER, 
	"BOARD_TYPE_NO" VARCHAR2(20 BYTE), 
	"BOARD_DEPT" VARCHAR2(20 BYTE), 
	"BOARD_TITLE" VARCHAR2(300 BYTE), 
	"BOARD_CONTENT" CLOB, 
	"BOARD_COUNT" NUMBER, 
	"EMP_NO" VARCHAR2(20 BYTE), 
	"CREATE_DATE" DATE DEFAULT SYSDATE, 
	"MODIFIER" NUMBER, 
	"MODIFY_DATE" DATE DEFAULT SYSDATE, 
	"USE_YN" CHAR(1 BYTE) DEFAULT 'Y', 
	"BOARD_CHECK" VARCHAR2(20 BYTE)
   ) ;

   COMMENT ON COLUMN "TBL_BOARD"."BOARD_NO" IS '게시글 번호';
   COMMENT ON COLUMN "TBL_BOARD"."BOARD_TYPE_NO" IS '1공지사항 | 2자유게시판(시퀀스)';
   COMMENT ON COLUMN "TBL_BOARD"."BOARD_DEPT" IS '부서구분';
   COMMENT ON COLUMN "TBL_BOARD"."BOARD_TITLE" IS '게시글 제목';
   COMMENT ON COLUMN "TBL_BOARD"."BOARD_CONTENT" IS '게시판 내용';
   COMMENT ON COLUMN "TBL_BOARD"."BOARD_COUNT" IS '조회수';
   COMMENT ON COLUMN "TBL_BOARD"."EMP_NO" IS '생성자(글작성자)';
   COMMENT ON COLUMN "TBL_BOARD"."CREATE_DATE" IS '생성일';
   COMMENT ON COLUMN "TBL_BOARD"."MODIFIER" IS '수정자';
   COMMENT ON COLUMN "TBL_BOARD"."MODIFY_DATE" IS '수정일';
   COMMENT ON COLUMN "TBL_BOARD"."USE_YN" IS '게시글삭제(Y/N)';
   COMMENT ON COLUMN "TBL_BOARD"."BOARD_CHECK" IS '중요공지체크';
--------------------------------------------------------
--  DDL for Table TBL_BOARDFILE
--------------------------------------------------------

  CREATE TABLE "TBL_BOARDFILE" 
   (	"BOARDFILE_NO" NUMBER, 
	"FILE_PATH" VARCHAR2(2000 BYTE), 
	"FILESYSTEM_NAME" VARCHAR2(2000 BYTE), 
	"ORIGINAL_NAME" VARCHAR2(2000 BYTE), 
	"UPLOAD_DATE" DATE DEFAULT SYSDATE, 
	"REF_TYPE" CHAR(1 BYTE), 
	"REF_NO" NUMBER, 
	"CREATER" VARCHAR2(150 BYTE), 
	"CREATE_DATE" DATE DEFAULT SYSDATE, 
	"MODIFIER" VARCHAR2(150 BYTE), 
	"MODIFY_DATE" DATE DEFAULT SYSDATE, 
	"USE_YN" CHAR(1 BYTE) DEFAULT 'Y' -- 사용유무 (Y/N)

   ) ;

   COMMENT ON COLUMN "TBL_BOARDFILE"."BOARDFILE_NO" IS '첨부파일 고유 번호';
   COMMENT ON COLUMN "TBL_BOARDFILE"."FILE_PATH" IS '파일이 저장된 경로';
   COMMENT ON COLUMN "TBL_BOARDFILE"."FILESYSTEM_NAME" IS '시스템에서 사용되는 파일명';
   COMMENT ON COLUMN "TBL_BOARDFILE"."ORIGINAL_NAME" IS '사용자가 업로드한 원본 파일명';
   COMMENT ON COLUMN "TBL_BOARDFILE"."UPLOAD_DATE" IS '파일이 업로드된 일시';
   COMMENT ON COLUMN "TBL_BOARDFILE"."REF_TYPE" IS '참조 게시판 구분 (A: 게시판 A, B: 게시판 B 등)';
   COMMENT ON COLUMN "TBL_BOARDFILE"."REF_NO" IS '참조 게시글 번호';
   COMMENT ON COLUMN "TBL_BOARDFILE"."CREATER" IS '파일을 업로드한 사용자';
   COMMENT ON COLUMN "TBL_BOARDFILE"."CREATE_DATE" IS '파일 생성 일시';
   COMMENT ON COLUMN "TBL_BOARDFILE"."MODIFIER" IS '파일 정보를 수정한 사용자';
   COMMENT ON COLUMN "TBL_BOARDFILE"."MODIFY_DATE" IS '파일 정보 수정 일시';
   COMMENT ON COLUMN "TBL_BOARDFILE"."USE_YN" IS '파일 사용 여부 (Y: 사용, N: 미사용)';
   COMMENT ON TABLE "TBL_BOARDFILE"  IS '첨부파일 정보 관리 테이블';
--------------------------------------------------------
--  DDL for Table TBL_BOARDTYPE
--------------------------------------------------------

  CREATE TABLE "TBL_BOARDTYPE" 
   (	"BOARD_TYPE_NO" NUMBER, 
	"BOARDT_NAME" VARCHAR2(200 BYTE), 
	"BOARDT_TYPE" CHAR(1 BYTE), 
	"BOARDT_READ" VARCHAR2(300 BYTE), 
	"BOARDT_WRITE" VARCHAR2(300 BYTE), 
	"BOARDT_CONTENT" VARCHAR2(300 BYTE), 
	"BOARDT_USE" CHAR(1 BYTE), 
	"OFFICE_USE" VARCHAR2(100 BYTE), 
	"EMP_NO" NUMBER, 
	"CREATE_DATE" DATE DEFAULT SYSDATE, 
	"MODIFIER" NUMBER, 
	"MODIFY_DATE" DATE DEFAULT SYSDATE, 
	"USE_YN" CHAR(1 BYTE) DEFAULT 'Y', 
	"DEPT_CODE" VARCHAR2(300 BYTE)
   ) ;

   COMMENT ON COLUMN "TBL_BOARDTYPE"."BOARD_TYPE_NO" IS '게시판종류 번호';
   COMMENT ON COLUMN "TBL_BOARDTYPE"."BOARDT_NAME" IS '게시판명';
   COMMENT ON COLUMN "TBL_BOARDTYPE"."BOARDT_TYPE" IS 'N:공지사항성 / G:자유게시판 / S:익명게시판';
   COMMENT ON COLUMN "TBL_BOARDTYPE"."BOARDT_READ" IS '읽기권한';
   COMMENT ON COLUMN "TBL_BOARDTYPE"."BOARDT_WRITE" IS '댓글쓰기권한';
   COMMENT ON COLUMN "TBL_BOARDTYPE"."BOARDT_CONTENT" IS '쓰기권한';
   COMMENT ON COLUMN "TBL_BOARDTYPE"."BOARDT_USE" IS '보이기(Y)/감추기(N)';
   COMMENT ON COLUMN "TBL_BOARDTYPE"."OFFICE_USE" IS '보이기(Y)/감추기(N)';
   COMMENT ON COLUMN "TBL_BOARDTYPE"."EMP_NO" IS '생성자';
   COMMENT ON COLUMN "TBL_BOARDTYPE"."CREATE_DATE" IS '생성일';
   COMMENT ON COLUMN "TBL_BOARDTYPE"."MODIFIER" IS '수정자';
   COMMENT ON COLUMN "TBL_BOARDTYPE"."MODIFY_DATE" IS '수정일';
   COMMENT ON COLUMN "TBL_BOARDTYPE"."USE_YN" IS '게시판사용(Y/N)';
   COMMENT ON COLUMN "TBL_BOARDTYPE"."DEPT_CODE" IS '지점 코드';
--------------------------------------------------------
--  DDL for Table TBL_CALENDAR
--------------------------------------------------------

  CREATE TABLE "TBL_CALENDAR" 
   (	"CAL_NO" NUMBER, 
	"EMP_NO" NUMBER, 
	"CAL_START_DATE" DATE DEFAULT SYSDATE, 
	"CAL_END_DATE" DATE DEFAULT SYSDATE, 
	"CAL_SUBJECT" VARCHAR2(4000 BYTE), 
	"CAL_CONTENT" VARCHAR2(4000 BYTE), 
	"CAL_COLOR" VARCHAR2(4000 BYTE), 
	"CAL_STATUS" VARCHAR2(4000 BYTE), 
	"CREATE_DATE" DATE DEFAULT SYSDATE, 
	"MODIFIER" NUMBER, 
	"MODIFY_DATE" DATE DEFAULT SYSDATE, 
	"DEPT_CODE" VARCHAR2(100 BYTE)
   ) ;

   COMMENT ON COLUMN "TBL_CALENDAR"."CAL_COLOR" IS 'R:공지사항 / Y:부서일정 / B:개인휴가일정 / G:개인회의일정';
--------------------------------------------------------
--  DDL for Table TBL_COMMON_CODE
--------------------------------------------------------

  CREATE TABLE "TBL_COMMON_CODE" 
   (	"CD" VARCHAR2(300 BYTE), 
	"NM" VARCHAR2(300 BYTE), 
	"CREATER" NUMBER, 
	"MODIFY" NUMBER, 
	"CREATE_DATE" DATE DEFAULT SYSDATE, 
	"MODIFY_DATE" DATE DEFAULT SYSDATE
   ) ;

   COMMENT ON COLUMN "TBL_COMMON_CODE"."CD" IS '직책';
   COMMENT ON COLUMN "TBL_COMMON_CODE"."NM" IS '직급';
   COMMENT ON COLUMN "TBL_COMMON_CODE"."CREATER" IS '생성자';
   COMMENT ON COLUMN "TBL_COMMON_CODE"."MODIFY" IS '수정자';
   COMMENT ON COLUMN "TBL_COMMON_CODE"."CREATE_DATE" IS '생성일자';
   COMMENT ON COLUMN "TBL_COMMON_CODE"."MODIFY_DATE" IS '수정일자';
--------------------------------------------------------
--  DDL for Table TBL_DEPARTMENT
--------------------------------------------------------

  CREATE TABLE "TBL_DEPARTMENT" 
   (	"DEPT_CODE" VARCHAR2(100 BYTE), 
	"DEPT_UPSTAIR" VARCHAR2(100 BYTE), 
	"DEPT_NAME" VARCHAR2(100 BYTE), 
	"EMP_NO" NUMBER, 
	"CREATE_DATE" DATE DEFAULT SYSDATE, 
	"MODIFIER" NUMBER, 
	"MODIFY_DATE" DATE DEFAULT SYSDATE, 
	"USE_YN" CHAR(1 BYTE) DEFAULT 'Y'
   ) ;

   COMMENT ON COLUMN "TBL_DEPARTMENT"."DEPT_CODE" IS '부서코드';
   COMMENT ON COLUMN "TBL_DEPARTMENT"."DEPT_UPSTAIR" IS '상위부서';
   COMMENT ON COLUMN "TBL_DEPARTMENT"."DEPT_NAME" IS '부서명';
   COMMENT ON COLUMN "TBL_DEPARTMENT"."EMP_NO" IS '생성자';
   COMMENT ON COLUMN "TBL_DEPARTMENT"."CREATE_DATE" IS '생성일';
   COMMENT ON COLUMN "TBL_DEPARTMENT"."MODIFIER" IS '수정자';
   COMMENT ON COLUMN "TBL_DEPARTMENT"."MODIFY_DATE" IS '수정일';
   COMMENT ON COLUMN "TBL_DEPARTMENT"."USE_YN" IS '사용유무(Y/N)';
--------------------------------------------------------
--  DDL for Table TBL_DEP_TRANSFER
--------------------------------------------------------

  CREATE TABLE "TBL_DEP_TRANSFER" 
   (	"TRANSFER_CODE" VARCHAR2(100 BYTE), 
	"TRANSFER_BEFORE" VARCHAR2(100 BYTE), 
	"TRANSFER_AFTER" VARCHAR2(100 BYTE), 
	"TRANSFER_DATE" DATE, 
	"EMP_NO" NUMBER, 
	"CREATE_DATE" DATE DEFAULT SYSDATE, 
	"MODIFIER" NUMBER, 
	"MODIFY_DATE" DATE DEFAULT SYSDATE, 
	"USE_YN" CHAR(1 BYTE) DEFAULT 'Y'
   ) ;
--------------------------------------------------------
--  DDL for Table TBL_DISPATCH
--------------------------------------------------------

  CREATE TABLE "TBL_DISPATCH" 
   (	"DISPATCH_NO" NUMBER, 
	"VEHICLE_TYPE" VARCHAR2(300 BYTE), 
	"LICENSE_PLATE" VARCHAR2(300 BYTE), 
	"OPERATOR" VARCHAR2(300 BYTE), 
	"EMP_NO" NUMBER, 
	"MODIFIER" NUMBER, 
	"CREATE_DATE" DATE DEFAULT SYSDATE, 
	"MODIFY_DATE" DATE DEFAULT SYSDATE, 
	"USE_YN" CHAR(1 BYTE)
   ) ;

   COMMENT ON COLUMN "TBL_DISPATCH"."DISPATCH_NO" IS '배차번호';
   COMMENT ON COLUMN "TBL_DISPATCH"."VEHICLE_TYPE" IS '차량종류';
   COMMENT ON COLUMN "TBL_DISPATCH"."LICENSE_PLATE" IS '차량번호판번호';
   COMMENT ON COLUMN "TBL_DISPATCH"."OPERATOR" IS '운행담당자';
   COMMENT ON COLUMN "TBL_DISPATCH"."EMP_NO" IS '생성자';
   COMMENT ON COLUMN "TBL_DISPATCH"."MODIFIER" IS '수정자';
   COMMENT ON COLUMN "TBL_DISPATCH"."CREATE_DATE" IS '생성시간';
   COMMENT ON COLUMN "TBL_DISPATCH"."MODIFY_DATE" IS '수정시간';
   COMMENT ON COLUMN "TBL_DISPATCH"."USE_YN" IS '사용유무';
--------------------------------------------------------
--  DDL for Table TBL_EDOC
--------------------------------------------------------

  CREATE TABLE "TBL_EDOC" 
   (	"EDOC_NO" NUMBER, 
	"SAMPLE_NO" NUMBER, 
	"EDOC_TITLE" VARCHAR2(300 BYTE), 
	"EDOC_CONTENT" CLOB, 
	"EDOC_STARTDATE" DATE DEFAULT SYSDATE, 
	"EDOC_ENDDATE" DATE, 
	"FINAL_DATE" DATE DEFAULT SYSDATE, 
	"EDOC_STATUS" VARCHAR2(30 BYTE) DEFAULT 'S', 
	"EMP_NO" NUMBER, 
	"MODIFIER" NUMBER, 
	"MODIFY_DATE" DATE DEFAULT SYSDATE, 
	"USE_YN" CHAR(1 BYTE) DEFAULT 'Y'
   ) ;

   COMMENT ON COLUMN "TBL_EDOC"."EDOC_NO" IS '전자문서번호';
   COMMENT ON COLUMN "TBL_EDOC"."SAMPLE_NO" IS '양식유형번호';
   COMMENT ON COLUMN "TBL_EDOC"."EDOC_TITLE" IS '제목';
   COMMENT ON COLUMN "TBL_EDOC"."EDOC_CONTENT" IS '문서내용';
   COMMENT ON COLUMN "TBL_EDOC"."EDOC_STARTDATE" IS '시작일시(생성일)';
   COMMENT ON COLUMN "TBL_EDOC"."EDOC_ENDDATE" IS '종료일시(시작일시 + 14일) 자동으로';
   COMMENT ON COLUMN "TBL_EDOC"."FINAL_DATE" IS '완료일';
   COMMENT ON COLUMN "TBL_EDOC"."EDOC_STATUS" IS 'T(임시저장,회수하면 임시저장으로 옮겨짐), S(결제대기), O(결제진행중), F(결제완료), R(결제반려)';
   COMMENT ON COLUMN "TBL_EDOC"."EMP_NO" IS '기안자(생성자, 사원번호)';
   COMMENT ON COLUMN "TBL_EDOC"."MODIFIER" IS '수정자(사원번호)';
   COMMENT ON COLUMN "TBL_EDOC"."MODIFY_DATE" IS '수정일';
   COMMENT ON COLUMN "TBL_EDOC"."USE_YN" IS '사용여부(Y/N)';
--------------------------------------------------------
--  DDL for Table TBL_EDOC_APPROVAL
--------------------------------------------------------

  CREATE TABLE "TBL_EDOC_APPROVAL" 
   (	"APRVL_NO" NUMBER, 
	"APRVL_EDOC_NO" NUMBER, 
	"APRVL_RANK" VARCHAR2(300 BYTE), 
	"APRVL_STATUS" CHAR(1 BYTE), 
	"APRVL_COMMENT" VARCHAR2(4000 BYTE), 
	"APRVL_DATE" DATE DEFAULT SYSDATE, 
	"EMP_NO" NUMBER
   ) ;

   COMMENT ON COLUMN "TBL_EDOC_APPROVAL"."APRVL_NO" IS '일련번호';
   COMMENT ON COLUMN "TBL_EDOC_APPROVAL"."APRVL_EDOC_NO" IS '전자문서번호';
   COMMENT ON COLUMN "TBL_EDOC_APPROVAL"."APRVL_RANK" IS '결재순서';
   COMMENT ON COLUMN "TBL_EDOC_APPROVAL"."APRVL_STATUS" IS '결재여부(W(결재예졍) / Y(결재완료) / N(결재대기)/ R(결재반려)';
   COMMENT ON COLUMN "TBL_EDOC_APPROVAL"."APRVL_COMMENT" IS '결재의견';
   COMMENT ON COLUMN "TBL_EDOC_APPROVAL"."APRVL_DATE" IS '결재일';
   COMMENT ON COLUMN "TBL_EDOC_APPROVAL"."EMP_NO" IS '결재자(사원번호)';
--------------------------------------------------------
--  DDL for Table TBL_EDOC_ATTACHMENT
--------------------------------------------------------

  CREATE TABLE "TBL_EDOC_ATTACHMENT" 
   (	"ATTACH_NO" NUMBER, 
	"ATTACH_EDOC_REF" NUMBER, 
	"ATTACH_ORIGINAL_FILENAME" VARCHAR2(4000 BYTE), 
	"ATTACH_RENAME_FILENAME" VARCHAR2(4000 BYTE), 
	"EMP_NO" NUMBER, 
	"CREATE_DATE" DATE DEFAULT SYSDATE, 
	"MODIFIER" NUMBER, 
	"MODIFY_DATE" DATE DEFAULT SYSDATE, 
	"FILE_PATH" VARCHAR2(3000 BYTE)
   ) ;

   COMMENT ON COLUMN "TBL_EDOC_ATTACHMENT"."ATTACH_NO" IS '첨부파일번호';
   COMMENT ON COLUMN "TBL_EDOC_ATTACHMENT"."ATTACH_EDOC_REF" IS '전자문서번호';
   COMMENT ON COLUMN "TBL_EDOC_ATTACHMENT"."ATTACH_ORIGINAL_FILENAME" IS '수정 전 이름';
   COMMENT ON COLUMN "TBL_EDOC_ATTACHMENT"."ATTACH_RENAME_FILENAME" IS '수정 후 이름';
   COMMENT ON COLUMN "TBL_EDOC_ATTACHMENT"."EMP_NO" IS '생성자(사원번호)';
   COMMENT ON COLUMN "TBL_EDOC_ATTACHMENT"."CREATE_DATE" IS '작성일';
   COMMENT ON COLUMN "TBL_EDOC_ATTACHMENT"."MODIFIER" IS '수정자(사원번호)';
   COMMENT ON COLUMN "TBL_EDOC_ATTACHMENT"."MODIFY_DATE" IS '수정일';
   COMMENT ON COLUMN "TBL_EDOC_ATTACHMENT"."FILE_PATH" IS '파일경로';
--------------------------------------------------------
--  DDL for Table TBL_EDOC_SAMPLE
--------------------------------------------------------

  CREATE TABLE "TBL_EDOC_SAMPLE" 
   (	"SAMPLE_NO" NUMBER, 
	"SAMPLE_DOT_CODE" VARCHAR2(100 BYTE), 
	"SAMPLE_DESC" VARCHAR2(400 BYTE), 
	"SAMPLE_FORMAT" CLOB, 
	"EMP_NO" NUMBER, 
	"CREATE_DATE" DATE DEFAULT SYSDATE, 
	"MODIFIER" NUMBER, 
	"MODIFT_DATE" DATE DEFAULT SYSDATE, 
	"USE_YN" CHAR(1 BYTE) DEFAULT 'Y'
   ) ;

   COMMENT ON COLUMN "TBL_EDOC_SAMPLE"."SAMPLE_NO" IS '일련번호';
   COMMENT ON COLUMN "TBL_EDOC_SAMPLE"."SAMPLE_DOT_CODE" IS '일반, 휴가';
   COMMENT ON COLUMN "TBL_EDOC_SAMPLE"."SAMPLE_DESC" IS '샘플양식 설명';
   COMMENT ON COLUMN "TBL_EDOC_SAMPLE"."SAMPLE_FORMAT" IS '사용자서식';
   COMMENT ON COLUMN "TBL_EDOC_SAMPLE"."EMP_NO" IS '생성자(사원번호)';
   COMMENT ON COLUMN "TBL_EDOC_SAMPLE"."CREATE_DATE" IS '생성일';
   COMMENT ON COLUMN "TBL_EDOC_SAMPLE"."MODIFIER" IS '수정자(사원번호)';
   COMMENT ON COLUMN "TBL_EDOC_SAMPLE"."MODIFT_DATE" IS '수정일';
   COMMENT ON COLUMN "TBL_EDOC_SAMPLE"."USE_YN" IS '사용여부(Y/N)';
--------------------------------------------------------
--  DDL for Table TBL_EMPLOYEE
--------------------------------------------------------

  CREATE TABLE "TBL_EMPLOYEE" 
   (	"EMP_NO" NUMBER, 
	"EMP_NAME" VARCHAR2(100 BYTE), 
	"EMP_GENDER" VARCHAR2(100 BYTE), 
	"EMP_BIRTH" VARCHAR2(100 BYTE), 
	"EMP_PHONE" VARCHAR2(100 BYTE), 
	"EMP_EMAIL" VARCHAR2(500 BYTE), 
	"EMP_ADDRESS" VARCHAR2(4000 BYTE), 
	"EMP_EMPLOYMENT" CHAR(1 BYTE) DEFAULT 'Y', 
	"EMP_DETAILADDRESS" VARCHAR2(900 BYTE), 
	"EMP_POSTCODE" VARCHAR2(900 BYTE), 
	"EMP_PASSWORD" VARCHAR2(900 BYTE) DEFAULT 1234, 
	"EMP_AUTH" VARCHAR2(900 BYTE) DEFAULT 'PS004', 
	"EMP_RANK" VARCHAR2(900 BYTE) DEFAULT 'RK004', 
	"EMP_PROFILE" VARCHAR2(4000 BYTE), 
	"DEPT_CODE" VARCHAR2(100 BYTE), 
	"CREATE_DATE" DATE DEFAULT SYSDATE, 
	"MODIFY_DATE" DATE DEFAULT SYSDATE, 
	"CREATER" NUMBER, 
	"MODIFIER" NUMBER, 
	"USE_YN" CHAR(1 BYTE) DEFAULT 'N', 
	"AC_NO" VARCHAR2(300 BYTE), 
	"AC_BANK" VARCHAR2(300 BYTE)
   ) ;

   COMMENT ON COLUMN "TBL_EMPLOYEE"."EMP_GENDER" IS 'M(남자)/F(여자)';
   COMMENT ON COLUMN "TBL_EMPLOYEE"."EMP_EMPLOYMENT" IS 'Y(재직)/N(퇴직)';
   COMMENT ON COLUMN "TBL_EMPLOYEE"."EMP_AUTH" IS 'PS001(서버관리자)/PS002(대표)/PS003(이사)/PS004(사원)/PS005(지점) - (직책)';
   COMMENT ON COLUMN "TBL_EMPLOYEE"."EMP_RANK" IS 'RK001(서버관리자)/RK002(대표)/RK003(이사)/RK004(사원)/RK005(과장)/RK006(대리)/RK007(주임) - (직급)';
   COMMENT ON COLUMN "TBL_EMPLOYEE"."DEPT_CODE" IS '부서코드';
   COMMENT ON COLUMN "TBL_EMPLOYEE"."CREATE_DATE" IS '생성일';
   COMMENT ON COLUMN "TBL_EMPLOYEE"."MODIFY_DATE" IS '수정일';
   COMMENT ON COLUMN "TBL_EMPLOYEE"."CREATER" IS '생성자';
   COMMENT ON COLUMN "TBL_EMPLOYEE"."MODIFIER" IS '수정자';
   COMMENT ON COLUMN "TBL_EMPLOYEE"."USE_YN" IS '사용유무(Y/N)';
--------------------------------------------------------
--  DDL for Table TBL_GOOD
--------------------------------------------------------

  CREATE TABLE "TBL_GOOD" 
   (	"REPLY_NO" NUMBER, 
	"GOOD_REPLY" CHAR(1 BYTE) DEFAULT 'N', 
	"CREATER" VARCHAR2(150 BYTE), 
	"CREATE_DATE" DATE DEFAULT SYSDATE, 
	"MODIFIER" NUMBER, 
	"MODIFY_DATE" DATE DEFAULT SYSDATE
   ) ;

   COMMENT ON COLUMN "TBL_GOOD"."REPLY_NO" IS '참조 댓글번호';
   COMMENT ON COLUMN "TBL_GOOD"."GOOD_REPLY" IS 'Y 활성화 | N 비활성화';
   COMMENT ON COLUMN "TBL_GOOD"."CREATER" IS '생성자';
   COMMENT ON COLUMN "TBL_GOOD"."CREATE_DATE" IS '생성일';
   COMMENT ON COLUMN "TBL_GOOD"."MODIFIER" IS '수정자';
   COMMENT ON COLUMN "TBL_GOOD"."MODIFY_DATE" IS '수정일';
--------------------------------------------------------
--  DDL for Table TBL_LOG
--------------------------------------------------------

  CREATE TABLE "TBL_LOG" 
   (	"LOG_NO" NUMBER, 
	"EMP_NO" NUMBER, 
	"LOG_TYPE" CHAR(1 BYTE), 
	"MENU_NAME" VARCHAR2(100 BYTE), 
	"BEFOR_DATA" VARCHAR2(2000 BYTE), 
	"AFTER_DATA" VARCHAR2(2000 BYTE), 
	"CREATE_DATE" DATE DEFAULT SYSDATE, 
	"MODIFIER" NUMBER, 
	"MODIFY_DATE" DATE DEFAULT SYSDATE, 
	"USE_YN" CHAR(1 BYTE) DEFAULT 'Y', 
	"DOCUMENT_NO" VARCHAR2(4000 BYTE)
   ) ;

   COMMENT ON COLUMN "TBL_LOG"."LOG_NO" IS '로그 고유 번호 (시퀀스) /select, update, insert 기록';
   COMMENT ON COLUMN "TBL_LOG"."EMP_NO" IS '사원번호';
   COMMENT ON COLUMN "TBL_LOG"."LOG_TYPE" IS '1: 부서이동  / 2:조회 / 3:추가 / 4:수정 / 5:삭제';
   COMMENT ON COLUMN "TBL_LOG"."MENU_NAME" IS '메뉴이름';
   COMMENT ON COLUMN "TBL_LOG"."BEFOR_DATA" IS 'ex) 주소: 금천구, 계좌번호:252-123';
   COMMENT ON COLUMN "TBL_LOG"."AFTER_DATA" IS 'ex)주소: 서울시, 계좌번호:215-456';
   COMMENT ON COLUMN "TBL_LOG"."CREATE_DATE" IS '생성일';
   COMMENT ON COLUMN "TBL_LOG"."MODIFIER" IS '수정자';
   COMMENT ON COLUMN "TBL_LOG"."MODIFY_DATE" IS '수정일';
   COMMENT ON COLUMN "TBL_LOG"."USE_YN" IS '사용유무(Y/N)';
   COMMENT ON COLUMN "TBL_LOG"."DOCUMENT_NO" IS '부서이동 결재 이력 (후순위)';
--------------------------------------------------------
--  DDL for Table TBL_ORDERING
--------------------------------------------------------

  CREATE TABLE "TBL_ORDERING" 
   (	"ORDER_NO" NUMBER, 
	"EMP_NO" NUMBER, 
	"BRANCH_NAME" VARCHAR2(500 BYTE), 
	"ORDER_STATUS" CHAR(1 BYTE), 
	"ORDER_CHECKDATE" DATE DEFAULT SYSDATE, 
	"CREATE_DATE" DATE DEFAULT SYSDATE, 
	"MODIFIER" NUMBER, 
	"MODIFY_DATE" DATE DEFAULT SYSDATE, 
	"USE_YN" CHAR(1 BYTE), 
	"DISPATCH_NO" NUMBER, 
	"APPROVAL_NO" VARCHAR2(50 BYTE)
   ) ;

   COMMENT ON COLUMN "TBL_ORDERING"."ORDER_NO" IS '발주번호';
   COMMENT ON COLUMN "TBL_ORDERING"."EMP_NO" IS '사원번호';
   COMMENT ON COLUMN "TBL_ORDERING"."BRANCH_NAME" IS '지점명';
   COMMENT ON COLUMN "TBL_ORDERING"."ORDER_STATUS" IS '발주 상태';
   COMMENT ON COLUMN "TBL_ORDERING"."ORDER_CHECKDATE" IS '발주 승인일자';
   COMMENT ON COLUMN "TBL_ORDERING"."CREATE_DATE" IS '생성일';
   COMMENT ON COLUMN "TBL_ORDERING"."MODIFIER" IS '수정자';
   COMMENT ON COLUMN "TBL_ORDERING"."MODIFY_DATE" IS '수정일';
   COMMENT ON COLUMN "TBL_ORDERING"."USE_YN" IS '사용유무';
   COMMENT ON COLUMN "TBL_ORDERING"."DISPATCH_NO" IS '배차번호
';
   COMMENT ON COLUMN "TBL_ORDERING"."APPROVAL_NO" IS '승인자번호';
--------------------------------------------------------
--  DDL for Table TBL_ORDERING_PRODUCT
--------------------------------------------------------

  CREATE TABLE "TBL_ORDERING_PRODUCT" 
   (	"PRODUCT_NO" NUMBER, 
	"ORDER_COUNT" NUMBER, 
	"CREATE_DATE" DATE DEFAULT SYSDATE, 
	"MODIFIER" NUMBER, 
	"MODIFY_DATE" DATE DEFAULT SYSDATE, 
	"USE_YN" CHAR(1 BYTE), 
	"ORDER_NO" NUMBER DEFAULT 0, 
	"PRODUCT_NAME" VARCHAR2(300 BYTE)
   ) ;

   COMMENT ON COLUMN "TBL_ORDERING_PRODUCT"."PRODUCT_NO" IS '상품번호';
   COMMENT ON COLUMN "TBL_ORDERING_PRODUCT"."ORDER_COUNT" IS '발주수량';
   COMMENT ON COLUMN "TBL_ORDERING_PRODUCT"."CREATE_DATE" IS '생성일';
   COMMENT ON COLUMN "TBL_ORDERING_PRODUCT"."MODIFIER" IS '수정자';
   COMMENT ON COLUMN "TBL_ORDERING_PRODUCT"."MODIFY_DATE" IS '수정일';
   COMMENT ON COLUMN "TBL_ORDERING_PRODUCT"."USE_YN" IS '사용유무';
   COMMENT ON COLUMN "TBL_ORDERING_PRODUCT"."ORDER_NO" IS '주문서번호';
   COMMENT ON COLUMN "TBL_ORDERING_PRODUCT"."PRODUCT_NAME" IS '상품이름';
--------------------------------------------------------
--  DDL for Table TBL_PRODUCT
--------------------------------------------------------

  CREATE TABLE "TBL_PRODUCT" 
   (	"PRODUCT_NO" NUMBER, 
	"CLASSIFICATION_NO" NUMBER, 
	"PRODUCT_NAME" VARCHAR2(300 BYTE), 
	"COST" VARCHAR2(300 BYTE), 
	"SAIL_PRICE" VARCHAR2(300 BYTE), 
	"PROFIT_MARGIN" VARCHAR2(300 BYTE), 
	"EXPIRATION_PERIOD" DATE, 
	"PRODUCT_IMG" CLOB, 
	"CREATER" NUMBER, 
	"CREATE_DATE" DATE DEFAULT SYSDATE, 
	"MODIFIER" NUMBER, 
	"MODIFY_DATE" DATE DEFAULT SYSDATE, 
	"DELIVERY_DATE" VARCHAR2(300 BYTE), 
	"USE_YN" CHAR(1 BYTE), 
	"INVENTORY" NUMBER, 
	"EVENT" VARCHAR2(300 BYTE)
   ) ;

   COMMENT ON COLUMN "TBL_PRODUCT"."PRODUCT_NO" IS '상품번호';
   COMMENT ON COLUMN "TBL_PRODUCT"."CLASSIFICATION_NO" IS '분류번호';
   COMMENT ON COLUMN "TBL_PRODUCT"."PRODUCT_NAME" IS '상품명';
   COMMENT ON COLUMN "TBL_PRODUCT"."COST" IS '원가';
   COMMENT ON COLUMN "TBL_PRODUCT"."SAIL_PRICE" IS '매가';
   COMMENT ON COLUMN "TBL_PRODUCT"."PROFIT_MARGIN" IS '매익률';
   COMMENT ON COLUMN "TBL_PRODUCT"."EXPIRATION_PERIOD" IS '유효기간';
   COMMENT ON COLUMN "TBL_PRODUCT"."PRODUCT_IMG" IS '상품이미지';
   COMMENT ON COLUMN "TBL_PRODUCT"."CREATER" IS '생성자';
   COMMENT ON COLUMN "TBL_PRODUCT"."CREATE_DATE" IS '생성일';
   COMMENT ON COLUMN "TBL_PRODUCT"."MODIFIER" IS '수정자';
   COMMENT ON COLUMN "TBL_PRODUCT"."MODIFY_DATE" IS '수정일';
   COMMENT ON COLUMN "TBL_PRODUCT"."DELIVERY_DATE" IS '월화수목금';
   COMMENT ON COLUMN "TBL_PRODUCT"."USE_YN" IS '사용유무';
   COMMENT ON COLUMN "TBL_PRODUCT"."INVENTORY" IS '재고';
   COMMENT ON COLUMN "TBL_PRODUCT"."EVENT" IS '행사';
--------------------------------------------------------
--  DDL for Table TBL_RECEPTION_NOTE
--------------------------------------------------------

  CREATE TABLE "TBL_RECEPTION_NOTE" 
   (	"RECEPTION_NO" NUMBER, 
	"SEND_NO" NUMBER, 
	"SENT_ID" NUMBER, 
	"RECEP_ID" NUMBER, 
	"TITLE" VARCHAR2(500 BYTE), 
	"CONTENT" CLOB, 
	"REC_CHECK" VARCHAR2(10 BYTE), 
	"REC_DATE" DATE, 
	"STATUS" VARCHAR2(1 BYTE), 
	"DELETE_DATE" DATE, 
	"SENT_DATE" DATE
   ) ;

   COMMENT ON COLUMN "TBL_RECEPTION_NOTE"."RECEPTION_NO" IS '수신 쪽지 번호';
   COMMENT ON COLUMN "TBL_RECEPTION_NOTE"."SEND_NO" IS '발신 쪽지 번호';
   COMMENT ON COLUMN "TBL_RECEPTION_NOTE"."SENT_ID" IS '발신 아이디';
   COMMENT ON COLUMN "TBL_RECEPTION_NOTE"."RECEP_ID" IS '수신 아이디';
   COMMENT ON COLUMN "TBL_RECEPTION_NOTE"."TITLE" IS '제목';
   COMMENT ON COLUMN "TBL_RECEPTION_NOTE"."CONTENT" IS '내용';
   COMMENT ON COLUMN "TBL_RECEPTION_NOTE"."REC_CHECK" IS 'Y읽음/N안읽음';
   COMMENT ON COLUMN "TBL_RECEPTION_NOTE"."REC_DATE" IS '수신확인날짜';
   COMMENT ON COLUMN "TBL_RECEPTION_NOTE"."STATUS" IS 'Y정상/N삭제';
   COMMENT ON COLUMN "TBL_RECEPTION_NOTE"."DELETE_DATE" IS '휴지통 이동 시간';
   COMMENT ON COLUMN "TBL_RECEPTION_NOTE"."SENT_DATE" IS '발신 시간';
--------------------------------------------------------
--  DDL for Table TBL_REPLY
--------------------------------------------------------

  CREATE TABLE "TBL_REPLY" 
   (	"REPLY_NO" NUMBER, 
	"REPLY_CONTENT" VARCHAR2(2000 BYTE), 
	"REF_BNO" NUMBER, 
	"UPR_REPLY_NO" NUMBER, 
	"STATUS" CHAR(1 BYTE) DEFAULT 'A', 
	"EMP_NO" NUMBER, 
	"CREATE_DATE" DATE DEFAULT SYSDATE, 
	"MODIFIER" VARCHAR2(20 BYTE), 
	"MODIFY_DATE" DATE DEFAULT SYSDATE, 
	"USE_YN" CHAR(1 BYTE) DEFAULT 'Y'
   ) ;

   COMMENT ON COLUMN "TBL_REPLY"."REPLY_NO" IS '댓글 번호';
   COMMENT ON COLUMN "TBL_REPLY"."REPLY_CONTENT" IS '댓글 내용';
   COMMENT ON COLUMN "TBL_REPLY"."REF_BNO" IS 'BOARD_NO';
   COMMENT ON COLUMN "TBL_REPLY"."UPR_REPLY_NO" IS '상위댓글번호';
   COMMENT ON COLUMN "TBL_REPLY"."STATUS" IS 'A 공개댓글 | B 비공개댓글';
   COMMENT ON COLUMN "TBL_REPLY"."EMP_NO" IS '댓글작성자';
   COMMENT ON COLUMN "TBL_REPLY"."CREATE_DATE" IS '댓글작성일';
   COMMENT ON COLUMN "TBL_REPLY"."MODIFIER" IS '수정자';
   COMMENT ON COLUMN "TBL_REPLY"."MODIFY_DATE" IS '수정일';
   COMMENT ON COLUMN "TBL_REPLY"."USE_YN" IS '사용유무(Y/N)';
--------------------------------------------------------
--  DDL for Table TBL_SALARY
--------------------------------------------------------

  CREATE TABLE "TBL_SALARY" 
   (	"SALARY_NO" NUMBER, 
	"EMP_NO" NUMBER, 
	"SAL_BASE" NUMBER, 
	"SAL_OVERTIME_PAY" NUMBER, 
	"BONUS" NUMBER, 
	"SAL_GROSS_PAY" NUMBER, 
	"SAL_NP" NUMBER, 
	"SAL_HI" NUMBER, 
	"SAL_EI" NUMBER, 
	"SAL_TOTAL_DD" NUMBER, 
	"SAL_NET_SALARY" NUMBER, 
	"CREATER" NUMBER, 
	"CREATE_DATE" DATE DEFAULT SYSDATE, 
	"MODIFIER" NUMBER, 
	"MODIFY_DATE" DATE DEFAULT SYSDATE
   ) ;

   COMMENT ON COLUMN "TBL_SALARY"."SALARY_NO" IS '급여고유번호';
   COMMENT ON COLUMN "TBL_SALARY"."EMP_NO" IS '사원번호';
   COMMENT ON COLUMN "TBL_SALARY"."SAL_BASE" IS '기본급여';
   COMMENT ON COLUMN "TBL_SALARY"."SAL_OVERTIME_PAY" IS '시간외수당';
   COMMENT ON COLUMN "TBL_SALARY"."BONUS" IS '상여금';
   COMMENT ON COLUMN "TBL_SALARY"."SAL_GROSS_PAY" IS '총지급금액';
   COMMENT ON COLUMN "TBL_SALARY"."SAL_NP" IS '국민연금';
   COMMENT ON COLUMN "TBL_SALARY"."SAL_HI" IS '건강보험';
   COMMENT ON COLUMN "TBL_SALARY"."SAL_EI" IS '고용보험';
   COMMENT ON COLUMN "TBL_SALARY"."SAL_TOTAL_DD" IS '총공제금액';
   COMMENT ON COLUMN "TBL_SALARY"."SAL_NET_SALARY" IS '실지급액';
   COMMENT ON COLUMN "TBL_SALARY"."CREATER" IS '생성자';
   COMMENT ON COLUMN "TBL_SALARY"."CREATE_DATE" IS '생성일';
   COMMENT ON COLUMN "TBL_SALARY"."MODIFIER" IS '수정자';
   COMMENT ON COLUMN "TBL_SALARY"."MODIFY_DATE" IS '수정일';
--------------------------------------------------------
--  DDL for Table TBL_SEND_NOTE
--------------------------------------------------------

  CREATE TABLE "TBL_SEND_NOTE" 
   (	"SEND_NO" NUMBER, 
	"TITLE" VARCHAR2(200 BYTE), 
	"CONTENT" CLOB, 
	"SENT_DATE" DATE DEFAULT SYSDATE, 
	"SENT_ID" NUMBER, 
	"STATUS" VARCHAR2(1 BYTE) DEFAULT 'Y', 
	"TEMP_STORAGE" VARCHAR2(10 BYTE) DEFAULT 'N', 
	"RECEPTION_ID" VARCHAR2(1000 BYTE), 
	"DELETE_DATE" DATE
   ) ;

   COMMENT ON COLUMN "TBL_SEND_NOTE"."SEND_NO" IS '쪽지 고유 번호';
   COMMENT ON COLUMN "TBL_SEND_NOTE"."TITLE" IS '쪽지 제목';
   COMMENT ON COLUMN "TBL_SEND_NOTE"."CONTENT" IS '쪽지 내용';
   COMMENT ON COLUMN "TBL_SEND_NOTE"."SENT_DATE" IS '쪽지 보낸 날짜';
   COMMENT ON COLUMN "TBL_SEND_NOTE"."SENT_ID" IS '쪽지 보낸 사람';
   COMMENT ON COLUMN "TBL_SEND_NOTE"."STATUS" IS 'Y정상/N삭제';
   COMMENT ON COLUMN "TBL_SEND_NOTE"."TEMP_STORAGE" IS 'Y임시저장/N';
   COMMENT ON COLUMN "TBL_SEND_NOTE"."RECEPTION_ID" IS '쪽지보낼사람';
   COMMENT ON COLUMN "TBL_SEND_NOTE"."DELETE_DATE" IS '휴지통 이동 시간';
--------------------------------------------------------
--  DDL for Table TBL_VACATION
--------------------------------------------------------

  CREATE TABLE "TBL_VACATION" 
   (	"VAC_NO" NUMBER, 
	"EDOC_NO" NUMBER, 
	"VAC_OPTION" VARCHAR2(50 BYTE), 
	"VAC_STARTDATE" DATE, 
	"VAC_ENDDATE" DATE, 
	"VAC_PERMIT" CHAR(1 BYTE) DEFAULT 'N', 
	"VAC_COUNT" NUMBER
   ) ;

   COMMENT ON COLUMN "TBL_VACATION"."VAC_NO" IS '휴가번호';
   COMMENT ON COLUMN "TBL_VACATION"."EDOC_NO" IS '전자문서번호';
   COMMENT ON COLUMN "TBL_VACATION"."VAC_OPTION" IS '연차/반차';
   COMMENT ON COLUMN "TBL_VACATION"."VAC_STARTDATE" IS '시작일시';
   COMMENT ON COLUMN "TBL_VACATION"."VAC_ENDDATE" IS '종요일시';
   COMMENT ON COLUMN "TBL_VACATION"."VAC_PERMIT" IS '승인상태(Y/N), 결제완료시 ''Y'' 로 변경';
   COMMENT ON COLUMN "TBL_VACATION"."VAC_COUNT" IS '일수';
--------------------------------------------------------
--  DDL for Table TBL_WORK
--------------------------------------------------------

  CREATE TABLE "TBL_WORK" 
   (	"WORK_NO" NUMBER, 
	"EMP_NO" NUMBER, 
	"WORK_TYPE_CODE" VARCHAR2(30 BYTE), 
	"WORK_DAY" DATE DEFAULT SYSDATE, 
	"WORK_START_TIME" VARCHAR2(20 BYTE) DEFAULT SYSDATE, 
	"WORK_END_TIME" VARCHAR2(20 BYTE) DEFAULT SYSDATE, 
	"WORK_PERMIT" VARCHAR2(10 BYTE), 
	"CREATE_DATE" DATE DEFAULT SYSDATE, 
	"MODIFIER" NUMBER, 
	"MODIFIER_DATE" DATE DEFAULT SYSDATE, 
	"USE_YN" CHAR(1 BYTE), 
	"WORK_ATTENDANCE" CHAR(1 BYTE)
   ) ;

   COMMENT ON COLUMN "TBL_WORK"."WORK_NO" IS '근태상태고유번호';
   COMMENT ON COLUMN "TBL_WORK"."EMP_NO" IS '사원번호';
   COMMENT ON COLUMN "TBL_WORK"."WORK_TYPE_CODE" IS '근무유형번호';
   COMMENT ON COLUMN "TBL_WORK"."WORK_DAY" IS '출근일자';
   COMMENT ON COLUMN "TBL_WORK"."WORK_START_TIME" IS '출근시간';
   COMMENT ON COLUMN "TBL_WORK"."WORK_END_TIME" IS '퇴근시간';
   COMMENT ON COLUMN "TBL_WORK"."WORK_PERMIT" IS '승인상태';
   COMMENT ON COLUMN "TBL_WORK"."CREATE_DATE" IS '생성일';
   COMMENT ON COLUMN "TBL_WORK"."MODIFIER" IS '수정자';
   COMMENT ON COLUMN "TBL_WORK"."MODIFIER_DATE" IS '수정일';
   COMMENT ON COLUMN "TBL_WORK"."USE_YN" IS '사용유무';
   COMMENT ON COLUMN "TBL_WORK"."WORK_ATTENDANCE" IS '''O''(출근)/''N''(결근)/L''(지각)''/''J''(조퇴)';
--------------------------------------------------------
--  DDL for Table TBL_WORK_REALTIME
--------------------------------------------------------

  CREATE TABLE "TBL_WORK_REALTIME" 
   (	"EMP_NO" NUMBER, 
	"WORK_LATE" VARCHAR2(10 BYTE), 
	"WORK_FAST_END" VARCHAR2(10 BYTE), 
	"WORK_ABSENCE" VARCHAR2(10 BYTE), 
	"CREATE_DATE" DATE, 
	"MODIFIER" NUMBER, 
	"MODIFIER_DATE" DATE, 
	"CREATER" NUMBER
   ) ;

   COMMENT ON COLUMN "TBL_WORK_REALTIME"."EMP_NO" IS '사원번호';
   COMMENT ON COLUMN "TBL_WORK_REALTIME"."WORK_LATE" IS '해당연도';
   COMMENT ON COLUMN "TBL_WORK_REALTIME"."WORK_FAST_END" IS '부여연차갯수';
   COMMENT ON COLUMN "TBL_WORK_REALTIME"."WORK_ABSENCE" IS '실사용갯수';
   COMMENT ON COLUMN "TBL_WORK_REALTIME"."CREATE_DATE" IS '생성일';
   COMMENT ON COLUMN "TBL_WORK_REALTIME"."MODIFIER" IS '수정자';
   COMMENT ON COLUMN "TBL_WORK_REALTIME"."MODIFIER_DATE" IS '수정일';
   COMMENT ON COLUMN "TBL_WORK_REALTIME"."CREATER" IS '생성자';
REM INSERTING into TBL_ALARM
SET DEFINE OFF;
REM INSERTING into TBL_AUTH
SET DEFINE OFF;
Insert into TBL_AUTH (EMP_AUTH,AUTH_NAME,EMP_NO,CREATE_DATE,MODIFIER,MODIFY_DATE,USE_YN) values ('PS001','서버관리자',null,null,null,null,'Y');
Insert into TBL_AUTH (EMP_AUTH,AUTH_NAME,EMP_NO,CREATE_DATE,MODIFIER,MODIFY_DATE,USE_YN) values ('PS002','대표',null,null,null,null,'Y');
Insert into TBL_AUTH (EMP_AUTH,AUTH_NAME,EMP_NO,CREATE_DATE,MODIFIER,MODIFY_DATE,USE_YN) values ('PS003','이사',null,null,null,null,'Y');
Insert into TBL_AUTH (EMP_AUTH,AUTH_NAME,EMP_NO,CREATE_DATE,MODIFIER,MODIFY_DATE,USE_YN) values ('PS004','사원',null,null,null,null,'Y');
Insert into TBL_AUTH (EMP_AUTH,AUTH_NAME,EMP_NO,CREATE_DATE,MODIFIER,MODIFY_DATE,USE_YN) values ('PS005','지점',null,null,null,null,'Y');
REM INSERTING into TBL_BOARD
SET DEFINE OFF;
Insert into TBL_BOARD (BOARD_NO,BOARD_TYPE_NO,BOARD_DEPT,BOARD_TITLE,BOARD_COUNT,EMP_NO,CREATE_DATE,MODIFIER,MODIFY_DATE,USE_YN,BOARD_CHECK) values (1067,'1001','인사부','2024년 연말 휴가 안내',1,'1003',to_date('24/11/27','RR/MM/DD'),null,to_date('24/11/27','RR/MM/DD'),'N','N');
Insert into TBL_BOARD (BOARD_NO,BOARD_TYPE_NO,BOARD_DEPT,BOARD_TITLE,BOARD_COUNT,EMP_NO,CREATE_DATE,MODIFIER,MODIFY_DATE,USE_YN,BOARD_CHECK) values (1068,'1001','인사부','2024년 워크숍 일정 안내',0,'1003',to_date('24/11/27','RR/MM/DD'),null,to_date('24/11/27','RR/MM/DD'),'Y','N');
Insert into TBL_BOARD (BOARD_NO,BOARD_TYPE_NO,BOARD_DEPT,BOARD_TITLE,BOARD_COUNT,EMP_NO,CREATE_DATE,MODIFIER,MODIFY_DATE,USE_YN,BOARD_CHECK) values (1069,'1001','재정관리부','2024년 예산안 발표',0,'1003',to_date('24/11/27','RR/MM/DD'),null,to_date('24/11/27','RR/MM/DD'),'Y','N');
Insert into TBL_BOARD (BOARD_NO,BOARD_TYPE_NO,BOARD_DEPT,BOARD_TITLE,BOARD_COUNT,EMP_NO,CREATE_DATE,MODIFIER,MODIFY_DATE,USE_YN,BOARD_CHECK) values (1070,'1001','영업부','2024년 영업 목표 설정',0,'1003',to_date('24/11/27','RR/MM/DD'),null,to_date('24/11/27','RR/MM/DD'),'Y','N');
Insert into TBL_BOARD (BOARD_NO,BOARD_TYPE_NO,BOARD_DEPT,BOARD_TITLE,BOARD_COUNT,EMP_NO,CREATE_DATE,MODIFIER,MODIFY_DATE,USE_YN,BOARD_CHECK) values (1071,'1001','인사부','2024년 직원 평가 결과 안내',0,'1003',to_date('24/11/27','RR/MM/DD'),null,to_date('24/11/27','RR/MM/DD'),'Y','N');
Insert into TBL_BOARD (BOARD_NO,BOARD_TYPE_NO,BOARD_DEPT,BOARD_TITLE,BOARD_COUNT,EMP_NO,CREATE_DATE,MODIFIER,MODIFY_DATE,USE_YN,BOARD_CHECK) values (1072,'1001','재정관리부','2024년 연말 결산 안내',0,'1003',to_date('24/11/27','RR/MM/DD'),null,to_date('24/11/27','RR/MM/DD'),'Y','N');
Insert into TBL_BOARD (BOARD_NO,BOARD_TYPE_NO,BOARD_DEPT,BOARD_TITLE,BOARD_COUNT,EMP_NO,CREATE_DATE,MODIFIER,MODIFY_DATE,USE_YN,BOARD_CHECK) values (1073,'1001','영업부','2024년 1분기 목표 설정',0,'1003',to_date('24/11/27','RR/MM/DD'),null,to_date('24/11/27','RR/MM/DD'),'Y','N');
Insert into TBL_BOARD (BOARD_NO,BOARD_TYPE_NO,BOARD_DEPT,BOARD_TITLE,BOARD_COUNT,EMP_NO,CREATE_DATE,MODIFIER,MODIFY_DATE,USE_YN,BOARD_CHECK) values (1074,'1001','인사부','사내 복지 프로그램 안내',0,'1003',to_date('24/11/27','RR/MM/DD'),null,to_date('24/11/27','RR/MM/DD'),'Y','N');
Insert into TBL_BOARD (BOARD_NO,BOARD_TYPE_NO,BOARD_DEPT,BOARD_TITLE,BOARD_COUNT,EMP_NO,CREATE_DATE,MODIFIER,MODIFY_DATE,USE_YN,BOARD_CHECK) values (1075,'1001','재정관리부','2024년 연말 보너스 안내',0,'1003',to_date('24/11/27','RR/MM/DD'),null,to_date('24/11/27','RR/MM/DD'),'Y','N');
Insert into TBL_BOARD (BOARD_NO,BOARD_TYPE_NO,BOARD_DEPT,BOARD_TITLE,BOARD_COUNT,EMP_NO,CREATE_DATE,MODIFIER,MODIFY_DATE,USE_YN,BOARD_CHECK) values (1076,'1001','영업부','신규 제품 출시 안내',0,'1003',to_date('24/11/27','RR/MM/DD'),null,to_date('24/11/27','RR/MM/DD'),'Y','N');
Insert into TBL_BOARD (BOARD_NO,BOARD_TYPE_NO,BOARD_DEPT,BOARD_TITLE,BOARD_COUNT,EMP_NO,CREATE_DATE,MODIFIER,MODIFY_DATE,USE_YN,BOARD_CHECK) values (1077,'1001','인사부','2024년 직원 교육 일정 안내',1,'1003',to_date('24/11/27','RR/MM/DD'),null,to_date('24/11/27','RR/MM/DD'),'Y','N');
Insert into TBL_BOARD (BOARD_NO,BOARD_TYPE_NO,BOARD_DEPT,BOARD_TITLE,BOARD_COUNT,EMP_NO,CREATE_DATE,MODIFIER,MODIFY_DATE,USE_YN,BOARD_CHECK) values (1078,'1001','재정관리부','2024년 세금 신고 관련 안내',0,'1003',to_date('24/11/27','RR/MM/DD'),null,to_date('24/11/27','RR/MM/DD'),'Y','N');
Insert into TBL_BOARD (BOARD_NO,BOARD_TYPE_NO,BOARD_DEPT,BOARD_TITLE,BOARD_COUNT,EMP_NO,CREATE_DATE,MODIFIER,MODIFY_DATE,USE_YN,BOARD_CHECK) values (1079,'1001','영업부','월간 영업 실적 보고서 제출',0,'1003',to_date('24/11/27','RR/MM/DD'),null,to_date('24/11/27','RR/MM/DD'),'Y','N');
Insert into TBL_BOARD (BOARD_NO,BOARD_TYPE_NO,BOARD_DEPT,BOARD_TITLE,BOARD_COUNT,EMP_NO,CREATE_DATE,MODIFIER,MODIFY_DATE,USE_YN,BOARD_CHECK) values (1080,'1001','인사부','2024년 휴가 사용 계획 안내',0,'1003',to_date('24/11/27','RR/MM/DD'),null,to_date('24/11/27','RR/MM/DD'),'Y','N');
Insert into TBL_BOARD (BOARD_NO,BOARD_TYPE_NO,BOARD_DEPT,BOARD_TITLE,BOARD_COUNT,EMP_NO,CREATE_DATE,MODIFIER,MODIFY_DATE,USE_YN,BOARD_CHECK) values (1081,'1001','재정관리부','2024년 재정 계획 공지',0,'1003',to_date('24/11/27','RR/MM/DD'),null,to_date('24/11/27','RR/MM/DD'),'Y','N');
Insert into TBL_BOARD (BOARD_NO,BOARD_TYPE_NO,BOARD_DEPT,BOARD_TITLE,BOARD_COUNT,EMP_NO,CREATE_DATE,MODIFIER,MODIFY_DATE,USE_YN,BOARD_CHECK) values (1082,'1001','영업부','2024년 고객 만족도 조사',0,'1003',to_date('24/11/27','RR/MM/DD'),null,to_date('24/11/27','RR/MM/DD'),'Y','N');
Insert into TBL_BOARD (BOARD_NO,BOARD_TYPE_NO,BOARD_DEPT,BOARD_TITLE,BOARD_COUNT,EMP_NO,CREATE_DATE,MODIFIER,MODIFY_DATE,USE_YN,BOARD_CHECK) values (1083,'1001','인사부','2024년 연차 휴가 정책 변경 안내',0,'1003',to_date('24/11/27','RR/MM/DD'),null,to_date('24/11/27','RR/MM/DD'),'Y','N');
Insert into TBL_BOARD (BOARD_NO,BOARD_TYPE_NO,BOARD_DEPT,BOARD_TITLE,BOARD_COUNT,EMP_NO,CREATE_DATE,MODIFIER,MODIFY_DATE,USE_YN,BOARD_CHECK) values (1084,'1001','재정관리부','2024년 세금 신고 서류 제출 안내',0,'1003',to_date('24/11/27','RR/MM/DD'),null,to_date('24/11/27','RR/MM/DD'),'Y','N');
Insert into TBL_BOARD (BOARD_NO,BOARD_TYPE_NO,BOARD_DEPT,BOARD_TITLE,BOARD_COUNT,EMP_NO,CREATE_DATE,MODIFIER,MODIFY_DATE,USE_YN,BOARD_CHECK) values (1085,'1001','영업부','2024년 1분기 영업 전략 회의',0,'1003',to_date('24/11/27','RR/MM/DD'),null,to_date('24/11/27','RR/MM/DD'),'Y','N');
Insert into TBL_BOARD (BOARD_NO,BOARD_TYPE_NO,BOARD_DEPT,BOARD_TITLE,BOARD_COUNT,EMP_NO,CREATE_DATE,MODIFIER,MODIFY_DATE,USE_YN,BOARD_CHECK) values (1086,'1001','인사부','사내 복지 개선 사항 안내',0,'1003',to_date('24/11/27','RR/MM/DD'),null,to_date('24/11/27','RR/MM/DD'),'Y','N');
Insert into TBL_BOARD (BOARD_NO,BOARD_TYPE_NO,BOARD_DEPT,BOARD_TITLE,BOARD_COUNT,EMP_NO,CREATE_DATE,MODIFIER,MODIFY_DATE,USE_YN,BOARD_CHECK) values (1087,'1001','재정관리부','2024년 예산 관리 시스템 변경 안내',0,'1003',to_date('24/11/27','RR/MM/DD'),null,to_date('24/11/27','RR/MM/DD'),'Y','N');
Insert into TBL_BOARD (BOARD_NO,BOARD_TYPE_NO,BOARD_DEPT,BOARD_TITLE,BOARD_COUNT,EMP_NO,CREATE_DATE,MODIFIER,MODIFY_DATE,USE_YN,BOARD_CHECK) values (1088,'1001','영업부','2024년 상반기 제품 할인 정책',0,'1003',to_date('24/11/27','RR/MM/DD'),null,to_date('24/11/27','RR/MM/DD'),'Y','N');
Insert into TBL_BOARD (BOARD_NO,BOARD_TYPE_NO,BOARD_DEPT,BOARD_TITLE,BOARD_COUNT,EMP_NO,CREATE_DATE,MODIFIER,MODIFY_DATE,USE_YN,BOARD_CHECK) values (1089,'1001','인사부','2024년 연차 사용 기준 변경 안내',0,'1003',to_date('24/11/27','RR/MM/DD'),null,to_date('24/11/27','RR/MM/DD'),'Y','N');
Insert into TBL_BOARD (BOARD_NO,BOARD_TYPE_NO,BOARD_DEPT,BOARD_TITLE,BOARD_COUNT,EMP_NO,CREATE_DATE,MODIFIER,MODIFY_DATE,USE_YN,BOARD_CHECK) values (1090,'1001','재정관리부','2024년 연말 세금 신고 일정 안내',0,'1003',to_date('24/11/27','RR/MM/DD'),null,to_date('24/11/27','RR/MM/DD'),'Y','N');
Insert into TBL_BOARD (BOARD_NO,BOARD_TYPE_NO,BOARD_DEPT,BOARD_TITLE,BOARD_COUNT,EMP_NO,CREATE_DATE,MODIFIER,MODIFY_DATE,USE_YN,BOARD_CHECK) values (1091,'1001','영업부','신제품 론칭 행사 안내',0,'1003',to_date('24/11/27','RR/MM/DD'),null,to_date('24/11/27','RR/MM/DD'),'Y','N');
Insert into TBL_BOARD (BOARD_NO,BOARD_TYPE_NO,BOARD_DEPT,BOARD_TITLE,BOARD_COUNT,EMP_NO,CREATE_DATE,MODIFIER,MODIFY_DATE,USE_YN,BOARD_CHECK) values (1092,'1001','인사부','2024년 직원 교육 일정 공지',0,'1003',to_date('24/11/27','RR/MM/DD'),null,to_date('24/11/27','RR/MM/DD'),'Y','N');
Insert into TBL_BOARD (BOARD_NO,BOARD_TYPE_NO,BOARD_DEPT,BOARD_TITLE,BOARD_COUNT,EMP_NO,CREATE_DATE,MODIFIER,MODIFY_DATE,USE_YN,BOARD_CHECK) values (1093,'1001','재정관리부','2024년 세금 신고 관련 안내',0,'1003',to_date('24/11/27','RR/MM/DD'),null,to_date('24/11/27','RR/MM/DD'),'Y','N');
Insert into TBL_BOARD (BOARD_NO,BOARD_TYPE_NO,BOARD_DEPT,BOARD_TITLE,BOARD_COUNT,EMP_NO,CREATE_DATE,MODIFIER,MODIFY_DATE,USE_YN,BOARD_CHECK) values (1094,'1001','영업부','2024년 1분기 영업 전략 회의 안내',1,'1003',to_date('24/11/27','RR/MM/DD'),null,to_date('24/11/27','RR/MM/DD'),'Y','N');
Insert into TBL_BOARD (BOARD_NO,BOARD_TYPE_NO,BOARD_DEPT,BOARD_TITLE,BOARD_COUNT,EMP_NO,CREATE_DATE,MODIFIER,MODIFY_DATE,USE_YN,BOARD_CHECK) values (1095,'1001','인사부','2024년 복지 프로그램 개선 사항 안내',0,'1003',to_date('24/11/27','RR/MM/DD'),null,to_date('24/11/27','RR/MM/DD'),'Y','N');
Insert into TBL_BOARD (BOARD_NO,BOARD_TYPE_NO,BOARD_DEPT,BOARD_TITLE,BOARD_COUNT,EMP_NO,CREATE_DATE,MODIFIER,MODIFY_DATE,USE_YN,BOARD_CHECK) values (1096,'1001','재정관리부','2024년 세금 신고 기한 안내',0,'1003',to_date('24/11/27','RR/MM/DD'),null,to_date('24/11/27','RR/MM/DD'),'Y','N');
Insert into TBL_BOARD (BOARD_NO,BOARD_TYPE_NO,BOARD_DEPT,BOARD_TITLE,BOARD_COUNT,EMP_NO,CREATE_DATE,MODIFIER,MODIFY_DATE,USE_YN,BOARD_CHECK) values (1097,'1001','영업부','2024년 상반기 목표 설정 안내',0,'1003',to_date('24/11/27','RR/MM/DD'),null,to_date('24/11/27','RR/MM/DD'),'Y','N');
Insert into TBL_BOARD (BOARD_NO,BOARD_TYPE_NO,BOARD_DEPT,BOARD_TITLE,BOARD_COUNT,EMP_NO,CREATE_DATE,MODIFIER,MODIFY_DATE,USE_YN,BOARD_CHECK) values (1098,'1001','인사부','2024년 연말 휴가 신청 기간 안내',0,'1003',to_date('24/11/27','RR/MM/DD'),null,to_date('24/11/27','RR/MM/DD'),'Y','N');
Insert into TBL_BOARD (BOARD_NO,BOARD_TYPE_NO,BOARD_DEPT,BOARD_TITLE,BOARD_COUNT,EMP_NO,CREATE_DATE,MODIFIER,MODIFY_DATE,USE_YN,BOARD_CHECK) values (1099,'1001','재정관리부','2024년 재정 계획 공지',0,'1003',to_date('24/11/27','RR/MM/DD'),null,to_date('24/11/27','RR/MM/DD'),'Y','N');
Insert into TBL_BOARD (BOARD_NO,BOARD_TYPE_NO,BOARD_DEPT,BOARD_TITLE,BOARD_COUNT,EMP_NO,CREATE_DATE,MODIFIER,MODIFY_DATE,USE_YN,BOARD_CHECK) values (1100,'1001','영업부','2024년 1분기 판매 목표 설정',0,'1003',to_date('24/11/27','RR/MM/DD'),null,to_date('24/11/27','RR/MM/DD'),'Y','N');
Insert into TBL_BOARD (BOARD_NO,BOARD_TYPE_NO,BOARD_DEPT,BOARD_TITLE,BOARD_COUNT,EMP_NO,CREATE_DATE,MODIFIER,MODIFY_DATE,USE_YN,BOARD_CHECK) values (1101,'1001','인사부','2024년 직원 평가 시스템 변경 안내',0,'1003',to_date('24/11/27','RR/MM/DD'),null,to_date('24/11/27','RR/MM/DD'),'Y','N');
Insert into TBL_BOARD (BOARD_NO,BOARD_TYPE_NO,BOARD_DEPT,BOARD_TITLE,BOARD_COUNT,EMP_NO,CREATE_DATE,MODIFIER,MODIFY_DATE,USE_YN,BOARD_CHECK) values (1102,'1001','재정관리부','2024년 재정 보고서 제출 기한 안내',0,'1003',to_date('24/11/27','RR/MM/DD'),null,to_date('24/11/27','RR/MM/DD'),'Y','N');
Insert into TBL_BOARD (BOARD_NO,BOARD_TYPE_NO,BOARD_DEPT,BOARD_TITLE,BOARD_COUNT,EMP_NO,CREATE_DATE,MODIFIER,MODIFY_DATE,USE_YN,BOARD_CHECK) values (1103,'1001','영업부','2024년 상반기 판매 목표 설정',2,'1003',to_date('24/11/27','RR/MM/DD'),null,to_date('24/11/27','RR/MM/DD'),'Y','N');
Insert into TBL_BOARD (BOARD_NO,BOARD_TYPE_NO,BOARD_DEPT,BOARD_TITLE,BOARD_COUNT,EMP_NO,CREATE_DATE,MODIFIER,MODIFY_DATE,USE_YN,BOARD_CHECK) values (1104,'1001','인사부','2024년 연차 사용 및 휴가 신청 안내',0,'1003',to_date('24/11/27','RR/MM/DD'),null,to_date('24/11/27','RR/MM/DD'),'Y','N');
Insert into TBL_BOARD (BOARD_NO,BOARD_TYPE_NO,BOARD_DEPT,BOARD_TITLE,BOARD_COUNT,EMP_NO,CREATE_DATE,MODIFIER,MODIFY_DATE,USE_YN,BOARD_CHECK) values (1105,'1001','재정관리부','2024년 세금 신고 제출 기한 안내',0,'1003',to_date('24/11/27','RR/MM/DD'),null,to_date('24/11/27','RR/MM/DD'),'Y','N');
Insert into TBL_BOARD (BOARD_NO,BOARD_TYPE_NO,BOARD_DEPT,BOARD_TITLE,BOARD_COUNT,EMP_NO,CREATE_DATE,MODIFIER,MODIFY_DATE,USE_YN,BOARD_CHECK) values (1106,'1001','영업부','2024년 영업 목표 평가 회의 안내',0,'1003',to_date('24/11/27','RR/MM/DD'),null,to_date('24/11/27','RR/MM/DD'),'Y','N');
Insert into TBL_BOARD (BOARD_NO,BOARD_TYPE_NO,BOARD_DEPT,BOARD_TITLE,BOARD_COUNT,EMP_NO,CREATE_DATE,MODIFIER,MODIFY_DATE,USE_YN,BOARD_CHECK) values (1107,'1001','인사부','2024년 사내 안전 교육 안내',0,'1003',to_date('24/11/27','RR/MM/DD'),null,to_date('24/11/27','RR/MM/DD'),'Y','N');
Insert into TBL_BOARD (BOARD_NO,BOARD_TYPE_NO,BOARD_DEPT,BOARD_TITLE,BOARD_COUNT,EMP_NO,CREATE_DATE,MODIFIER,MODIFY_DATE,USE_YN,BOARD_CHECK) values (1108,'1001','재정관리부','2024년 예산안 제출 안내',0,'1003',to_date('24/11/27','RR/MM/DD'),null,to_date('24/11/27','RR/MM/DD'),'Y','N');
Insert into TBL_BOARD (BOARD_NO,BOARD_TYPE_NO,BOARD_DEPT,BOARD_TITLE,BOARD_COUNT,EMP_NO,CREATE_DATE,MODIFIER,MODIFY_DATE,USE_YN,BOARD_CHECK) values (1109,'1001','영업부','2024년 고객 만족도 조사 안내',0,'1003',to_date('24/11/27','RR/MM/DD'),null,to_date('24/11/27','RR/MM/DD'),'N','N');
Insert into TBL_BOARD (BOARD_NO,BOARD_TYPE_NO,BOARD_DEPT,BOARD_TITLE,BOARD_COUNT,EMP_NO,CREATE_DATE,MODIFIER,MODIFY_DATE,USE_YN,BOARD_CHECK) values (1110,'1001','인사부','2024년 복지 프로그램 개선 사항',0,'1003',to_date('24/11/27','RR/MM/DD'),null,to_date('24/11/27','RR/MM/DD'),'Y','N');
Insert into TBL_BOARD (BOARD_NO,BOARD_TYPE_NO,BOARD_DEPT,BOARD_TITLE,BOARD_COUNT,EMP_NO,CREATE_DATE,MODIFIER,MODIFY_DATE,USE_YN,BOARD_CHECK) values (1111,'1001','재정관리부','2024년 세금 신고 관련 사항 안내',1,'1003',to_date('24/11/27','RR/MM/DD'),null,to_date('24/11/27','RR/MM/DD'),'Y','N');
Insert into TBL_BOARD (BOARD_NO,BOARD_TYPE_NO,BOARD_DEPT,BOARD_TITLE,BOARD_COUNT,EMP_NO,CREATE_DATE,MODIFIER,MODIFY_DATE,USE_YN,BOARD_CHECK) values (1112,'1001','영업부','2024년 신규 제품 출시 안내',0,'1003',to_date('24/11/27','RR/MM/DD'),null,to_date('24/11/27','RR/MM/DD'),'Y','N');
Insert into TBL_BOARD (BOARD_NO,BOARD_TYPE_NO,BOARD_DEPT,BOARD_TITLE,BOARD_COUNT,EMP_NO,CREATE_DATE,MODIFIER,MODIFY_DATE,USE_YN,BOARD_CHECK) values (1113,'1001','인사부','2024년 연말 파티 일정 안내',2,'1003',to_date('24/11/27','RR/MM/DD'),null,to_date('24/11/27','RR/MM/DD'),'Y','N');
Insert into TBL_BOARD (BOARD_NO,BOARD_TYPE_NO,BOARD_DEPT,BOARD_TITLE,BOARD_COUNT,EMP_NO,CREATE_DATE,MODIFIER,MODIFY_DATE,USE_YN,BOARD_CHECK) values (1114,'1001','재정관리부','2024년 예산 검토 일정 안내',0,'1003',to_date('24/11/27','RR/MM/DD'),null,to_date('24/11/27','RR/MM/DD'),'Y','N');
Insert into TBL_BOARD (BOARD_NO,BOARD_TYPE_NO,BOARD_DEPT,BOARD_TITLE,BOARD_COUNT,EMP_NO,CREATE_DATE,MODIFIER,MODIFY_DATE,USE_YN,BOARD_CHECK) values (1115,'1001','영업부','2024년 1분기 영업 전략 회의 안내',0,'1003',to_date('24/11/27','RR/MM/DD'),null,to_date('24/11/27','RR/MM/DD'),'Y','N');
Insert into TBL_BOARD (BOARD_NO,BOARD_TYPE_NO,BOARD_DEPT,BOARD_TITLE,BOARD_COUNT,EMP_NO,CREATE_DATE,MODIFIER,MODIFY_DATE,USE_YN,BOARD_CHECK) values (1116,'1001','인사부','2024년 직원 교육 일정 안내',1,'1003',to_date('24/11/27','RR/MM/DD'),null,to_date('24/11/27','RR/MM/DD'),'Y','N');
Insert into TBL_BOARD (BOARD_NO,BOARD_TYPE_NO,BOARD_DEPT,BOARD_TITLE,BOARD_COUNT,EMP_NO,CREATE_DATE,MODIFIER,MODIFY_DATE,USE_YN,BOARD_CHECK) values (1117,'1001','재정관리부','2024년 재정 계획 제출 기한 안내',0,'1003',to_date('24/11/27','RR/MM/DD'),null,to_date('24/11/27','RR/MM/DD'),'Y','N');
Insert into TBL_BOARD (BOARD_NO,BOARD_TYPE_NO,BOARD_DEPT,BOARD_TITLE,BOARD_COUNT,EMP_NO,CREATE_DATE,MODIFIER,MODIFY_DATE,USE_YN,BOARD_CHECK) values (1118,'1001','영업부','2024년 고객 만족도 설문 조사',0,'1003',to_date('24/11/27','RR/MM/DD'),null,to_date('24/11/27','RR/MM/DD'),'Y','N');
Insert into TBL_BOARD (BOARD_NO,BOARD_TYPE_NO,BOARD_DEPT,BOARD_TITLE,BOARD_COUNT,EMP_NO,CREATE_DATE,MODIFIER,MODIFY_DATE,USE_YN,BOARD_CHECK) values (1119,'1001','인사부','2024년 복지 프로그램 안내',0,'1003',to_date('24/11/27','RR/MM/DD'),null,to_date('24/11/27','RR/MM/DD'),'Y','N');
Insert into TBL_BOARD (BOARD_NO,BOARD_TYPE_NO,BOARD_DEPT,BOARD_TITLE,BOARD_COUNT,EMP_NO,CREATE_DATE,MODIFIER,MODIFY_DATE,USE_YN,BOARD_CHECK) values (1120,'1001','재정관리부','2024년 세금 신고 기한 변경 안내',0,'1003',to_date('24/11/27','RR/MM/DD'),null,to_date('24/11/27','RR/MM/DD'),'Y','N');
Insert into TBL_BOARD (BOARD_NO,BOARD_TYPE_NO,BOARD_DEPT,BOARD_TITLE,BOARD_COUNT,EMP_NO,CREATE_DATE,MODIFIER,MODIFY_DATE,USE_YN,BOARD_CHECK) values (1121,'1001','영업부','2024년 판매 성과 평가 안내',1,'1003',to_date('24/11/27','RR/MM/DD'),null,to_date('24/11/27','RR/MM/DD'),'Y','N');
Insert into TBL_BOARD (BOARD_NO,BOARD_TYPE_NO,BOARD_DEPT,BOARD_TITLE,BOARD_COUNT,EMP_NO,CREATE_DATE,MODIFIER,MODIFY_DATE,USE_YN,BOARD_CHECK) values (1122,'1001','인사부','2024년 임금 인상 안내',0,'1003',to_date('24/11/27','RR/MM/DD'),null,to_date('24/11/27','RR/MM/DD'),'Y','N');
Insert into TBL_BOARD (BOARD_NO,BOARD_TYPE_NO,BOARD_DEPT,BOARD_TITLE,BOARD_COUNT,EMP_NO,CREATE_DATE,MODIFIER,MODIFY_DATE,USE_YN,BOARD_CHECK) values (1123,'1001','재정관리부','2024년 월별 재정 계획',0,'1003',to_date('24/11/27','RR/MM/DD'),null,to_date('24/11/27','RR/MM/DD'),'Y','N');
Insert into TBL_BOARD (BOARD_NO,BOARD_TYPE_NO,BOARD_DEPT,BOARD_TITLE,BOARD_COUNT,EMP_NO,CREATE_DATE,MODIFIER,MODIFY_DATE,USE_YN,BOARD_CHECK) values (1124,'1001','영업부','2024년 영업 전략 워크샵 안내',1,'1003',to_date('24/11/27','RR/MM/DD'),null,to_date('24/11/27','RR/MM/DD'),'Y','N');
Insert into TBL_BOARD (BOARD_NO,BOARD_TYPE_NO,BOARD_DEPT,BOARD_TITLE,BOARD_COUNT,EMP_NO,CREATE_DATE,MODIFIER,MODIFY_DATE,USE_YN,BOARD_CHECK) values (1125,'1001','인사부','2024년 직원 복지 혜택 변경 사항',0,'1003',to_date('24/11/27','RR/MM/DD'),null,to_date('24/11/27','RR/MM/DD'),'Y','N');
Insert into TBL_BOARD (BOARD_NO,BOARD_TYPE_NO,BOARD_DEPT,BOARD_TITLE,BOARD_COUNT,EMP_NO,CREATE_DATE,MODIFIER,MODIFY_DATE,USE_YN,BOARD_CHECK) values (1126,'1001','재정관리부','2024년 결산 제출 기한 안내',0,'1003',to_date('24/11/27','RR/MM/DD'),null,to_date('24/11/27','RR/MM/DD'),'Y','N');
Insert into TBL_BOARD (BOARD_NO,BOARD_TYPE_NO,BOARD_DEPT,BOARD_TITLE,BOARD_COUNT,EMP_NO,CREATE_DATE,MODIFIER,MODIFY_DATE,USE_YN,BOARD_CHECK) values (1127,'1001','영업부','2024년 신제품 출시 예정 안내',2,'1003',to_date('24/11/27','RR/MM/DD'),null,to_date('24/11/27','RR/MM/DD'),'Y','N');
Insert into TBL_BOARD (BOARD_NO,BOARD_TYPE_NO,BOARD_DEPT,BOARD_TITLE,BOARD_COUNT,EMP_NO,CREATE_DATE,MODIFIER,MODIFY_DATE,USE_YN,BOARD_CHECK) values (1128,'1001','인사부','2024년 연말 파티 준비사항 안내',0,'1003',to_date('24/11/27','RR/MM/DD'),null,to_date('24/11/27','RR/MM/DD'),'Y','N');
Insert into TBL_BOARD (BOARD_NO,BOARD_TYPE_NO,BOARD_DEPT,BOARD_TITLE,BOARD_COUNT,EMP_NO,CREATE_DATE,MODIFIER,MODIFY_DATE,USE_YN,BOARD_CHECK) values (1129,'1001','재정관리부','2024년 예산안 회의 일정',1,'1003',to_date('24/11/27','RR/MM/DD'),null,to_date('24/11/27','RR/MM/DD'),'Y','N');
Insert into TBL_BOARD (BOARD_NO,BOARD_TYPE_NO,BOARD_DEPT,BOARD_TITLE,BOARD_COUNT,EMP_NO,CREATE_DATE,MODIFIER,MODIFY_DATE,USE_YN,BOARD_CHECK) values (1130,'1001','영업부','2024년 상반기 목표 설정 회의 안내',1,'1003',to_date('24/11/27','RR/MM/DD'),null,to_date('24/11/27','RR/MM/DD'),'Y','N');
Insert into TBL_BOARD (BOARD_NO,BOARD_TYPE_NO,BOARD_DEPT,BOARD_TITLE,BOARD_COUNT,EMP_NO,CREATE_DATE,MODIFIER,MODIFY_DATE,USE_YN,BOARD_CHECK) values (1131,'1001','인사부','2024년 교육 프로그램 시작 안내',1,'1003',to_date('24/11/27','RR/MM/DD'),null,to_date('24/11/27','RR/MM/DD'),'Y','N');
Insert into TBL_BOARD (BOARD_NO,BOARD_TYPE_NO,BOARD_DEPT,BOARD_TITLE,BOARD_COUNT,EMP_NO,CREATE_DATE,MODIFIER,MODIFY_DATE,USE_YN,BOARD_CHECK) values (1132,'1001','재정관리부','2024년 재정 계획 최종 확정 안내',1,'1003',to_date('24/11/27','RR/MM/DD'),null,to_date('24/11/27','RR/MM/DD'),'N','N');
Insert into TBL_BOARD (BOARD_NO,BOARD_TYPE_NO,BOARD_DEPT,BOARD_TITLE,BOARD_COUNT,EMP_NO,CREATE_DATE,MODIFIER,MODIFY_DATE,USE_YN,BOARD_CHECK) values (1133,'1001','영업부','2024년 고객 상담 만족도 조사 결과',2,'1003',to_date('24/11/27','RR/MM/DD'),null,to_date('24/11/27','RR/MM/DD'),'Y','N');
Insert into TBL_BOARD (BOARD_NO,BOARD_TYPE_NO,BOARD_DEPT,BOARD_TITLE,BOARD_COUNT,EMP_NO,CREATE_DATE,MODIFIER,MODIFY_DATE,USE_YN,BOARD_CHECK) values (1134,'1001','인사부','2024년 연말 휴가 신청 마감일 안내',1,'1003',to_date('24/11/27','RR/MM/DD'),null,to_date('24/11/27','RR/MM/DD'),'Y','N');
Insert into TBL_BOARD (BOARD_NO,BOARD_TYPE_NO,BOARD_DEPT,BOARD_TITLE,BOARD_COUNT,EMP_NO,CREATE_DATE,MODIFIER,MODIFY_DATE,USE_YN,BOARD_CHECK) values (1135,'1001','재정관리부','2024년 월별 결산 일정 안내',1,'1003',to_date('24/11/27','RR/MM/DD'),null,to_date('24/11/27','RR/MM/DD'),'Y','N');
Insert into TBL_BOARD (BOARD_NO,BOARD_TYPE_NO,BOARD_DEPT,BOARD_TITLE,BOARD_COUNT,EMP_NO,CREATE_DATE,MODIFIER,MODIFY_DATE,USE_YN,BOARD_CHECK) values (1136,'1001','영업부','2024년 상반기 영업 목표 설정 변경 사항',2,'1003',to_date('24/11/27','RR/MM/DD'),null,to_date('24/11/27','RR/MM/DD'),'Y','N');
Insert into TBL_BOARD (BOARD_NO,BOARD_TYPE_NO,BOARD_DEPT,BOARD_TITLE,BOARD_COUNT,EMP_NO,CREATE_DATE,MODIFIER,MODIFY_DATE,USE_YN,BOARD_CHECK) values (1137,'1001','인사부','2024년 연말 성과 평가 기준',3,'1003',to_date('24/11/27','RR/MM/DD'),null,to_date('24/11/27','RR/MM/DD'),'Y','N,on');
Insert into TBL_BOARD (BOARD_NO,BOARD_TYPE_NO,BOARD_DEPT,BOARD_TITLE,BOARD_COUNT,EMP_NO,CREATE_DATE,MODIFIER,MODIFY_DATE,USE_YN,BOARD_CHECK) values (1138,'1001','재정관리부','2024년 세금 신고 기한 변경 안내',4,'1003',to_date('24/11/27','RR/MM/DD'),null,to_date('24/11/27','RR/MM/DD'),'Y','N,on');
Insert into TBL_BOARD (BOARD_NO,BOARD_TYPE_NO,BOARD_DEPT,BOARD_TITLE,BOARD_COUNT,EMP_NO,CREATE_DATE,MODIFIER,MODIFY_DATE,USE_YN,BOARD_CHECK) values (1139,'1001','인사부','2024년 상반기 영업 전략 회의 일정',23,'1003',to_date('24/11/27','RR/MM/DD'),null,to_date('24/11/27','RR/MM/DD'),'Y','N,on');
Insert into TBL_BOARD (BOARD_NO,BOARD_TYPE_NO,BOARD_DEPT,BOARD_TITLE,BOARD_COUNT,EMP_NO,CREATE_DATE,MODIFIER,MODIFY_DATE,USE_YN,BOARD_CHECK) values (1140,'1001','인사부','2024년 직원 교육 프로그램 일정',23,'1003',to_date('24/11/27','RR/MM/DD'),null,to_date('24/11/27','RR/MM/DD'),'Y','N,on');
Insert into TBL_BOARD (BOARD_NO,BOARD_TYPE_NO,BOARD_DEPT,BOARD_TITLE,BOARD_COUNT,EMP_NO,CREATE_DATE,MODIFIER,MODIFY_DATE,USE_YN,BOARD_CHECK) values (1143,'1001','재정관리부','2024년 예산안 회의 일정',2,'1003',to_date('24/11/27','RR/MM/DD'),null,to_date('24/11/27','RR/MM/DD'),'Y','N');
Insert into TBL_BOARD (BOARD_NO,BOARD_TYPE_NO,BOARD_DEPT,BOARD_TITLE,BOARD_COUNT,EMP_NO,CREATE_DATE,MODIFIER,MODIFY_DATE,USE_YN,BOARD_CHECK) values (1142,'1001','인사부','2024년 연말 파티 준비사항 안내',1,'1003',to_date('24/11/27','RR/MM/DD'),null,to_date('24/11/27','RR/MM/DD'),'Y','N');
Insert into TBL_BOARD (BOARD_NO,BOARD_TYPE_NO,BOARD_DEPT,BOARD_TITLE,BOARD_COUNT,EMP_NO,CREATE_DATE,MODIFIER,MODIFY_DATE,USE_YN,BOARD_CHECK) values (1141,'1001','영업부','2024년 신제품 출시 예정 안내',2,'1003',to_date('24/11/27','RR/MM/DD'),null,to_date('24/11/27','RR/MM/DD'),'Y','N');
Insert into TBL_BOARD (BOARD_NO,BOARD_TYPE_NO,BOARD_DEPT,BOARD_TITLE,BOARD_COUNT,EMP_NO,CREATE_DATE,MODIFIER,MODIFY_DATE,USE_YN,BOARD_CHECK) values (1176,'1001','인사부','124',3,'1003',to_date('24/12/03','RR/MM/DD'),null,to_date('24/12/03','RR/MM/DD'),'N','N');
Insert into TBL_BOARD (BOARD_NO,BOARD_TYPE_NO,BOARD_DEPT,BOARD_TITLE,BOARD_COUNT,EMP_NO,CREATE_DATE,MODIFIER,MODIFY_DATE,USE_YN,BOARD_CHECK) values (1175,'1001','인사부','asdfasdf',1,'1003',to_date('24/12/03','RR/MM/DD'),null,to_date('24/12/03','RR/MM/DD'),'N','N');
REM INSERTING into TBL_BOARDFILE
SET DEFINE OFF;
Insert into TBL_BOARDFILE (BOARDFILE_NO,FILE_PATH,FILESYSTEM_NAME,ORIGINAL_NAME,UPLOAD_DATE,REF_TYPE,REF_NO,CREATER,CREATE_DATE,MODIFIER,MODIFY_DATE,USE_YN) values (1001,'/upload/board/20241126','9e710dd4d0d84b91a05cb0d333254b00.csv','department_change_history (16).csv',to_date('24/11/26','RR/MM/DD'),'A',1049,null,to_date('24/11/26','RR/MM/DD'),null,null,'Y');
Insert into TBL_BOARDFILE (BOARDFILE_NO,FILE_PATH,FILESYSTEM_NAME,ORIGINAL_NAME,UPLOAD_DATE,REF_TYPE,REF_NO,CREATER,CREATE_DATE,MODIFIER,MODIFY_DATE,USE_YN) values (1002,'/upload/board/20241126','4ff4bea2af8d48a1aee8cded0197fc52.csv','department_change_history (15).csv',to_date('24/11/26','RR/MM/DD'),'A',1050,null,to_date('24/11/26','RR/MM/DD'),null,null,'Y');
Insert into TBL_BOARDFILE (BOARDFILE_NO,FILE_PATH,FILESYSTEM_NAME,ORIGINAL_NAME,UPLOAD_DATE,REF_TYPE,REF_NO,CREATER,CREATE_DATE,MODIFIER,MODIFY_DATE,USE_YN) values (1003,'/upload/board/20241126','52afca2f44eb4ce0bfcad2428ba7fbc2.csv','department_change_history (13).csv',to_date('24/11/26','RR/MM/DD'),'A',1050,null,to_date('24/11/26','RR/MM/DD'),null,null,'Y');
Insert into TBL_BOARDFILE (BOARDFILE_NO,FILE_PATH,FILESYSTEM_NAME,ORIGINAL_NAME,UPLOAD_DATE,REF_TYPE,REF_NO,CREATER,CREATE_DATE,MODIFIER,MODIFY_DATE,USE_YN) values (1004,'/upload/board/20241126','6204e31e95b9407fbb46cb4860f277b2.csv','department_change_history (8).csv',to_date('24/11/26','RR/MM/DD'),'A',1051,null,to_date('24/11/26','RR/MM/DD'),null,null,'Y');
Insert into TBL_BOARDFILE (BOARDFILE_NO,FILE_PATH,FILESYSTEM_NAME,ORIGINAL_NAME,UPLOAD_DATE,REF_TYPE,REF_NO,CREATER,CREATE_DATE,MODIFIER,MODIFY_DATE,USE_YN) values (1005,'/upload/board/20241126','68039de090624eac883852a848716a35.csv','department_change_history (7).csv',to_date('24/11/26','RR/MM/DD'),'A',1051,null,to_date('24/11/26','RR/MM/DD'),null,null,'Y');
Insert into TBL_BOARDFILE (BOARDFILE_NO,FILE_PATH,FILESYSTEM_NAME,ORIGINAL_NAME,UPLOAD_DATE,REF_TYPE,REF_NO,CREATER,CREATE_DATE,MODIFIER,MODIFY_DATE,USE_YN) values (1006,'/upload/board/20241126','a2c87763fcd94d61a4430a054beec1ea.csv','department_change_history (15).csv',to_date('24/11/26','RR/MM/DD'),'A',1061,null,to_date('24/11/26','RR/MM/DD'),null,null,'Y');
Insert into TBL_BOARDFILE (BOARDFILE_NO,FILE_PATH,FILESYSTEM_NAME,ORIGINAL_NAME,UPLOAD_DATE,REF_TYPE,REF_NO,CREATER,CREATE_DATE,MODIFIER,MODIFY_DATE,USE_YN) values (1007,'/upload/board/20241126','9adf1ac14cd341618fa25b171aa1bcbf.csv','department_change_history (14).csv',to_date('24/11/26','RR/MM/DD'),'A',1061,null,to_date('24/11/26','RR/MM/DD'),null,null,'Y');
Insert into TBL_BOARDFILE (BOARDFILE_NO,FILE_PATH,FILESYSTEM_NAME,ORIGINAL_NAME,UPLOAD_DATE,REF_TYPE,REF_NO,CREATER,CREATE_DATE,MODIFIER,MODIFY_DATE,USE_YN) values (1008,'/upload/board/20241126','d1d802c9d67e4fbeb7c081a79b30ce49.csv','department_change_history (14).csv',to_date('24/11/26','RR/MM/DD'),'A',1062,null,to_date('24/11/26','RR/MM/DD'),null,null,'Y');
Insert into TBL_BOARDFILE (BOARDFILE_NO,FILE_PATH,FILESYSTEM_NAME,ORIGINAL_NAME,UPLOAD_DATE,REF_TYPE,REF_NO,CREATER,CREATE_DATE,MODIFIER,MODIFY_DATE,USE_YN) values (1009,'/upload/board/20241126','d0ea02a2d1564fe4a1326bf597fa94dd.csv','department_change_history (13).csv',to_date('24/11/26','RR/MM/DD'),'A',1062,null,to_date('24/11/26','RR/MM/DD'),null,null,'Y');
Insert into TBL_BOARDFILE (BOARDFILE_NO,FILE_PATH,FILESYSTEM_NAME,ORIGINAL_NAME,UPLOAD_DATE,REF_TYPE,REF_NO,CREATER,CREATE_DATE,MODIFIER,MODIFY_DATE,USE_YN) values (1010,'/upload/board/20241127','b8bad042d51c495bb805e1bcddf5154c.csv','department_change_history (15).csv',to_date('24/11/27','RR/MM/DD'),'A',1065,null,to_date('24/11/27','RR/MM/DD'),null,null,'Y');
Insert into TBL_BOARDFILE (BOARDFILE_NO,FILE_PATH,FILESYSTEM_NAME,ORIGINAL_NAME,UPLOAD_DATE,REF_TYPE,REF_NO,CREATER,CREATE_DATE,MODIFIER,MODIFY_DATE,USE_YN) values (1011,'/upload/board/20241127','135009f4e8454b948cab81e876b9afd9.csv','department_change_history (14).csv',to_date('24/11/27','RR/MM/DD'),'A',1065,null,to_date('24/11/27','RR/MM/DD'),null,null,'Y');
Insert into TBL_BOARDFILE (BOARDFILE_NO,FILE_PATH,FILESYSTEM_NAME,ORIGINAL_NAME,UPLOAD_DATE,REF_TYPE,REF_NO,CREATER,CREATE_DATE,MODIFIER,MODIFY_DATE,USE_YN) values (1012,'/upload/board/20241127','4bf17a14e12f4328aed11ffac8a9deef.csv','department_change_history (16).csv',to_date('24/11/27','RR/MM/DD'),'A',1066,null,to_date('24/11/27','RR/MM/DD'),null,null,'Y');
Insert into TBL_BOARDFILE (BOARDFILE_NO,FILE_PATH,FILESYSTEM_NAME,ORIGINAL_NAME,UPLOAD_DATE,REF_TYPE,REF_NO,CREATER,CREATE_DATE,MODIFIER,MODIFY_DATE,USE_YN) values (1013,'/upload/board/20241127','f94ccc4be4e04d92897fb2c67274264a.csv','department_change_history (15).csv',to_date('24/11/27','RR/MM/DD'),'A',1066,null,to_date('24/11/27','RR/MM/DD'),null,null,'Y');
Insert into TBL_BOARDFILE (BOARDFILE_NO,FILE_PATH,FILESYSTEM_NAME,ORIGINAL_NAME,UPLOAD_DATE,REF_TYPE,REF_NO,CREATER,CREATE_DATE,MODIFIER,MODIFY_DATE,USE_YN) values (1014,'/upload/board/20241127','91bbc94f306d487089e86ccb5a1607ef.csv','department_change_history (14).csv',to_date('24/11/27','RR/MM/DD'),'A',1066,null,to_date('24/11/27','RR/MM/DD'),null,null,'Y');
Insert into TBL_BOARDFILE (BOARDFILE_NO,FILE_PATH,FILESYSTEM_NAME,ORIGINAL_NAME,UPLOAD_DATE,REF_TYPE,REF_NO,CREATER,CREATE_DATE,MODIFIER,MODIFY_DATE,USE_YN) values (1015,'/upload/board/20241127','3fcacecef768425bbaa25e6a35238562.csv','department_change_history (15).csv',to_date('24/11/27','RR/MM/DD'),'A',1148,null,to_date('24/11/27','RR/MM/DD'),null,null,'Y');
Insert into TBL_BOARDFILE (BOARDFILE_NO,FILE_PATH,FILESYSTEM_NAME,ORIGINAL_NAME,UPLOAD_DATE,REF_TYPE,REF_NO,CREATER,CREATE_DATE,MODIFIER,MODIFY_DATE,USE_YN) values (1016,'/upload/board/20241127','1cd0c32e84af4e768d2d2b06cbf1a53a.csv','department_change_history (14).csv',to_date('24/11/27','RR/MM/DD'),'A',1148,null,to_date('24/11/27','RR/MM/DD'),null,null,'Y');
Insert into TBL_BOARDFILE (BOARDFILE_NO,FILE_PATH,FILESYSTEM_NAME,ORIGINAL_NAME,UPLOAD_DATE,REF_TYPE,REF_NO,CREATER,CREATE_DATE,MODIFIER,MODIFY_DATE,USE_YN) values (1017,'/upload/board/20241127','285deb0ba7d146c2b2427f088b99efe2.csv','department_change_history (16).csv',to_date('24/11/27','RR/MM/DD'),'A',1149,null,to_date('24/11/27','RR/MM/DD'),null,null,'Y');
Insert into TBL_BOARDFILE (BOARDFILE_NO,FILE_PATH,FILESYSTEM_NAME,ORIGINAL_NAME,UPLOAD_DATE,REF_TYPE,REF_NO,CREATER,CREATE_DATE,MODIFIER,MODIFY_DATE,USE_YN) values (1018,'/upload/board/20241127','b34a2399158e465bba655667d0dd8f51.csv','department_change_history (14).csv',to_date('24/11/27','RR/MM/DD'),'A',1149,null,to_date('24/11/27','RR/MM/DD'),null,null,'Y');
Insert into TBL_BOARDFILE (BOARDFILE_NO,FILE_PATH,FILESYSTEM_NAME,ORIGINAL_NAME,UPLOAD_DATE,REF_TYPE,REF_NO,CREATER,CREATE_DATE,MODIFIER,MODIFY_DATE,USE_YN) values (1019,'/upload/board/20241127','b6172acaef174070b4a6ac21ae8a6b0a.csv','department_change_history (15).csv',to_date('24/11/27','RR/MM/DD'),'A',1150,null,to_date('24/11/27','RR/MM/DD'),null,null,'Y');
Insert into TBL_BOARDFILE (BOARDFILE_NO,FILE_PATH,FILESYSTEM_NAME,ORIGINAL_NAME,UPLOAD_DATE,REF_TYPE,REF_NO,CREATER,CREATE_DATE,MODIFIER,MODIFY_DATE,USE_YN) values (1020,'/upload/board/20241127','42694614971742bda6fb06cd680d02f8.csv','department_change_history (14) (1).csv',to_date('24/11/27','RR/MM/DD'),'A',1152,null,to_date('24/11/27','RR/MM/DD'),null,null,'Y');
Insert into TBL_BOARDFILE (BOARDFILE_NO,FILE_PATH,FILESYSTEM_NAME,ORIGINAL_NAME,UPLOAD_DATE,REF_TYPE,REF_NO,CREATER,CREATE_DATE,MODIFIER,MODIFY_DATE,USE_YN) values (1021,'/upload/board/20241127','a5501bdbf5af401f90295f6fe3f0aca4.csv','department_change_history (16).csv',to_date('24/11/27','RR/MM/DD'),'A',1152,null,to_date('24/11/27','RR/MM/DD'),null,null,'Y');
Insert into TBL_BOARDFILE (BOARDFILE_NO,FILE_PATH,FILESYSTEM_NAME,ORIGINAL_NAME,UPLOAD_DATE,REF_TYPE,REF_NO,CREATER,CREATE_DATE,MODIFIER,MODIFY_DATE,USE_YN) values (1022,'/upload/board/20241127','7fa95cbdafb8489892586ae413537e2e.csv','department_change_history (14) (1).csv',to_date('24/11/27','RR/MM/DD'),'A',1153,null,to_date('24/11/27','RR/MM/DD'),null,null,'Y');
Insert into TBL_BOARDFILE (BOARDFILE_NO,FILE_PATH,FILESYSTEM_NAME,ORIGINAL_NAME,UPLOAD_DATE,REF_TYPE,REF_NO,CREATER,CREATE_DATE,MODIFIER,MODIFY_DATE,USE_YN) values (1023,'/upload/board/20241127','b601651879ce4e06a4f1dcba0b58687e.csv','department_change_history (16).csv',to_date('24/11/27','RR/MM/DD'),'A',1153,null,to_date('24/11/27','RR/MM/DD'),null,null,'Y');
Insert into TBL_BOARDFILE (BOARDFILE_NO,FILE_PATH,FILESYSTEM_NAME,ORIGINAL_NAME,UPLOAD_DATE,REF_TYPE,REF_NO,CREATER,CREATE_DATE,MODIFIER,MODIFY_DATE,USE_YN) values (1024,'/upload/board/20241127','c864103d4cde4fb58a9a603ba36d4edb.csv','department_change_history (16).csv',to_date('24/11/27','RR/MM/DD'),'A',1154,null,to_date('24/11/27','RR/MM/DD'),null,null,'Y');
Insert into TBL_BOARDFILE (BOARDFILE_NO,FILE_PATH,FILESYSTEM_NAME,ORIGINAL_NAME,UPLOAD_DATE,REF_TYPE,REF_NO,CREATER,CREATE_DATE,MODIFIER,MODIFY_DATE,USE_YN) values (1025,'/upload/board/20241127','a1d0d134bf524ce8a37aecfc3eb158c4.csv','department_change_history (15).csv',to_date('24/11/27','RR/MM/DD'),'A',1154,null,to_date('24/11/27','RR/MM/DD'),null,null,'Y');
Insert into TBL_BOARDFILE (BOARDFILE_NO,FILE_PATH,FILESYSTEM_NAME,ORIGINAL_NAME,UPLOAD_DATE,REF_TYPE,REF_NO,CREATER,CREATE_DATE,MODIFIER,MODIFY_DATE,USE_YN) values (1026,'/upload/board/20241127','7955e5d70c4e408888886cfea788e364.csv','department_change_history (14).csv',to_date('24/11/27','RR/MM/DD'),'A',1154,null,to_date('24/11/27','RR/MM/DD'),null,null,'Y');
Insert into TBL_BOARDFILE (BOARDFILE_NO,FILE_PATH,FILESYSTEM_NAME,ORIGINAL_NAME,UPLOAD_DATE,REF_TYPE,REF_NO,CREATER,CREATE_DATE,MODIFIER,MODIFY_DATE,USE_YN) values (1027,'/upload/board/20241127','afb88fb0752f4425ba5e212e5078e7ca.csv','department_change_history (14) (1).csv',to_date('24/11/27','RR/MM/DD'),'A',1155,null,to_date('24/11/27','RR/MM/DD'),null,null,'Y');
Insert into TBL_BOARDFILE (BOARDFILE_NO,FILE_PATH,FILESYSTEM_NAME,ORIGINAL_NAME,UPLOAD_DATE,REF_TYPE,REF_NO,CREATER,CREATE_DATE,MODIFIER,MODIFY_DATE,USE_YN) values (1028,'/upload/board/20241127','abe5e37ab07e4d7c87cd4e0a11f4f56a.csv','department_change_history (16).csv',to_date('24/11/27','RR/MM/DD'),'A',1155,null,to_date('24/11/27','RR/MM/DD'),null,null,'Y');
Insert into TBL_BOARDFILE (BOARDFILE_NO,FILE_PATH,FILESYSTEM_NAME,ORIGINAL_NAME,UPLOAD_DATE,REF_TYPE,REF_NO,CREATER,CREATE_DATE,MODIFIER,MODIFY_DATE,USE_YN) values (1029,'/upload/board/20241127','1ce0749e9d0a48eeb5bc987602d97265.csv','department_change_history (15).csv',to_date('24/11/27','RR/MM/DD'),'A',1156,null,to_date('24/11/27','RR/MM/DD'),null,null,'Y');
Insert into TBL_BOARDFILE (BOARDFILE_NO,FILE_PATH,FILESYSTEM_NAME,ORIGINAL_NAME,UPLOAD_DATE,REF_TYPE,REF_NO,CREATER,CREATE_DATE,MODIFIER,MODIFY_DATE,USE_YN) values (1030,'/upload/board/20241127','2e6a712e97764b0fa789c579957e5bbf.csv','department_change_history (14).csv',to_date('24/11/27','RR/MM/DD'),'A',1156,null,to_date('24/11/27','RR/MM/DD'),null,null,'Y');
Insert into TBL_BOARDFILE (BOARDFILE_NO,FILE_PATH,FILESYSTEM_NAME,ORIGINAL_NAME,UPLOAD_DATE,REF_TYPE,REF_NO,CREATER,CREATE_DATE,MODIFIER,MODIFY_DATE,USE_YN) values (1031,'/upload/board/20241127','0e89bce9f3d94fa799b983e9e496d462.csv','department_change_history (15).csv',to_date('24/11/27','RR/MM/DD'),'A',1157,null,to_date('24/11/27','RR/MM/DD'),null,null,'Y');
Insert into TBL_BOARDFILE (BOARDFILE_NO,FILE_PATH,FILESYSTEM_NAME,ORIGINAL_NAME,UPLOAD_DATE,REF_TYPE,REF_NO,CREATER,CREATE_DATE,MODIFIER,MODIFY_DATE,USE_YN) values (1032,'/upload/board/20241127','77f879718623405d98b1b9ba4e2e0637.csv','department_change_history (14).csv',to_date('24/11/27','RR/MM/DD'),'A',1157,null,to_date('24/11/27','RR/MM/DD'),null,null,'Y');
Insert into TBL_BOARDFILE (BOARDFILE_NO,FILE_PATH,FILESYSTEM_NAME,ORIGINAL_NAME,UPLOAD_DATE,REF_TYPE,REF_NO,CREATER,CREATE_DATE,MODIFIER,MODIFY_DATE,USE_YN) values (1033,'/upload/board/20241128','88be0909dc384d9ea8c08d4c9b33ba25.csv','department_change_history (15) (1).csv',to_date('24/11/28','RR/MM/DD'),'A',1164,null,to_date('24/11/28','RR/MM/DD'),null,null,'Y');
Insert into TBL_BOARDFILE (BOARDFILE_NO,FILE_PATH,FILESYSTEM_NAME,ORIGINAL_NAME,UPLOAD_DATE,REF_TYPE,REF_NO,CREATER,CREATE_DATE,MODIFIER,MODIFY_DATE,USE_YN) values (1034,'/upload/board/20241128','1c78d6d4aebc43059738a5c5c89a704d.csv','department_change_history (14) (2).csv',to_date('24/11/28','RR/MM/DD'),'A',1164,null,to_date('24/11/28','RR/MM/DD'),null,null,'Y');
Insert into TBL_BOARDFILE (BOARDFILE_NO,FILE_PATH,FILESYSTEM_NAME,ORIGINAL_NAME,UPLOAD_DATE,REF_TYPE,REF_NO,CREATER,CREATE_DATE,MODIFIER,MODIFY_DATE,USE_YN) values (1043,'/upload/board/20241202','edaf60d71c614f7a865de175d046c020.csv','department_change_history (14) (2).csv',to_date('24/12/02','RR/MM/DD'),'A',1170,null,to_date('24/12/02','RR/MM/DD'),null,null,'Y');
Insert into TBL_BOARDFILE (BOARDFILE_NO,FILE_PATH,FILESYSTEM_NAME,ORIGINAL_NAME,UPLOAD_DATE,REF_TYPE,REF_NO,CREATER,CREATE_DATE,MODIFIER,MODIFY_DATE,USE_YN) values (1036,'/upload/board/20241128','4f0fb328062944c1a562f9ffac9989b5.csv','department_change_history (16).csv',to_date('24/11/28','RR/MM/DD'),'A',1165,null,to_date('24/11/28','RR/MM/DD'),null,null,'Y');
Insert into TBL_BOARDFILE (BOARDFILE_NO,FILE_PATH,FILESYSTEM_NAME,ORIGINAL_NAME,UPLOAD_DATE,REF_TYPE,REF_NO,CREATER,CREATE_DATE,MODIFIER,MODIFY_DATE,USE_YN) values (1037,'/upload/board/20241128','557ca07ff1be4dfb8c0bf8033e80cf1f.csv','department_change_history (15) (1).csv',to_date('24/11/28','RR/MM/DD'),'A',1165,null,to_date('24/11/28','RR/MM/DD'),null,null,'Y');
Insert into TBL_BOARDFILE (BOARDFILE_NO,FILE_PATH,FILESYSTEM_NAME,ORIGINAL_NAME,UPLOAD_DATE,REF_TYPE,REF_NO,CREATER,CREATE_DATE,MODIFIER,MODIFY_DATE,USE_YN) values (1038,'/upload/board/20241128','12b22d04e7b44cc5b40674313793fdc9.csv','department_change_history (14) (2).csv',to_date('24/11/28','RR/MM/DD'),'A',1165,null,to_date('24/11/28','RR/MM/DD'),null,null,'Y');
Insert into TBL_BOARDFILE (BOARDFILE_NO,FILE_PATH,FILESYSTEM_NAME,ORIGINAL_NAME,UPLOAD_DATE,REF_TYPE,REF_NO,CREATER,CREATE_DATE,MODIFIER,MODIFY_DATE,USE_YN) values (1044,'/upload/board/20241202','91d15259034240e4823807e33001f6bf.csv','department_change_history (14) (1).csv',to_date('24/12/02','RR/MM/DD'),'A',1170,null,to_date('24/12/02','RR/MM/DD'),null,null,'Y');
Insert into TBL_BOARDFILE (BOARDFILE_NO,FILE_PATH,FILESYSTEM_NAME,ORIGINAL_NAME,UPLOAD_DATE,REF_TYPE,REF_NO,CREATER,CREATE_DATE,MODIFIER,MODIFY_DATE,USE_YN) values (1045,'/upload/board/20241202','aff9b7660fa445b9bf0754f82d60703e.csv','department_change_history (15) (1).csv',to_date('24/12/02','RR/MM/DD'),'A',1171,null,to_date('24/12/02','RR/MM/DD'),null,null,'Y');
Insert into TBL_BOARDFILE (BOARDFILE_NO,FILE_PATH,FILESYSTEM_NAME,ORIGINAL_NAME,UPLOAD_DATE,REF_TYPE,REF_NO,CREATER,CREATE_DATE,MODIFIER,MODIFY_DATE,USE_YN) values (1042,'/upload/board/20241202','537af60868f44f7fa846513961c65b08.csv','department_change_history (15) (1).csv',to_date('24/12/02','RR/MM/DD'),'A',1170,null,to_date('24/12/02','RR/MM/DD'),null,null,'Y');
Insert into TBL_BOARDFILE (BOARDFILE_NO,FILE_PATH,FILESYSTEM_NAME,ORIGINAL_NAME,UPLOAD_DATE,REF_TYPE,REF_NO,CREATER,CREATE_DATE,MODIFIER,MODIFY_DATE,USE_YN) values (1046,'/upload/board/20241202','7fbe045dc87e4a88a608d0b0cf61b9f3.csv','department_change_history (14) (2).csv',to_date('24/12/02','RR/MM/DD'),'A',1171,null,to_date('24/12/02','RR/MM/DD'),null,null,'Y');
Insert into TBL_BOARDFILE (BOARDFILE_NO,FILE_PATH,FILESYSTEM_NAME,ORIGINAL_NAME,UPLOAD_DATE,REF_TYPE,REF_NO,CREATER,CREATE_DATE,MODIFIER,MODIFY_DATE,USE_YN) values (1050,'/upload/board/20241202','d49e7dcafb934e0698c948fd1f78c20d.xlsx','요구사항 정의서_샘플(★편집 금지. 반드시 다운받아 사용★).xlsx',to_date('24/12/02','RR/MM/DD'),'A',1173,null,to_date('24/12/02','RR/MM/DD'),null,null,'Y');
Insert into TBL_BOARDFILE (BOARDFILE_NO,FILE_PATH,FILESYSTEM_NAME,ORIGINAL_NAME,UPLOAD_DATE,REF_TYPE,REF_NO,CREATER,CREATE_DATE,MODIFIER,MODIFY_DATE,USE_YN) values (1048,'/upload/board/20241202','a4e08f5c4a454aa4bdee558710b3a20a.csv','department_change_history (1).csv',to_date('24/12/02','RR/MM/DD'),'A',1173,null,to_date('24/12/02','RR/MM/DD'),null,null,'Y');
Insert into TBL_BOARDFILE (BOARDFILE_NO,FILE_PATH,FILESYSTEM_NAME,ORIGINAL_NAME,UPLOAD_DATE,REF_TYPE,REF_NO,CREATER,CREATE_DATE,MODIFIER,MODIFY_DATE,USE_YN) values (1049,'/upload/board/20241202','9c73df2672474d968edaa21a228af163.csv','department_change_history.csv',to_date('24/12/02','RR/MM/DD'),'A',1173,null,to_date('24/12/02','RR/MM/DD'),null,null,'Y');
Insert into TBL_BOARDFILE (BOARDFILE_NO,FILE_PATH,FILESYSTEM_NAME,ORIGINAL_NAME,UPLOAD_DATE,REF_TYPE,REF_NO,CREATER,CREATE_DATE,MODIFIER,MODIFY_DATE,USE_YN) values (1055,'/upload/board/20241202','21f2adefa5664c8094596f9dce75e207.csv','department_change_history (1).csv',to_date('24/12/02','RR/MM/DD'),'A',1140,null,to_date('24/12/02','RR/MM/DD'),null,null,'Y');
Insert into TBL_BOARDFILE (BOARDFILE_NO,FILE_PATH,FILESYSTEM_NAME,ORIGINAL_NAME,UPLOAD_DATE,REF_TYPE,REF_NO,CREATER,CREATE_DATE,MODIFIER,MODIFY_DATE,USE_YN) values (1056,'/upload/board/20241202','d3d40af849b74d87b522325a4275848d.csv','department_change_history (2).csv',to_date('24/12/02','RR/MM/DD'),'A',1136,null,to_date('24/12/02','RR/MM/DD'),null,null,'Y');
Insert into TBL_BOARDFILE (BOARDFILE_NO,FILE_PATH,FILESYSTEM_NAME,ORIGINAL_NAME,UPLOAD_DATE,REF_TYPE,REF_NO,CREATER,CREATE_DATE,MODIFIER,MODIFY_DATE,USE_YN) values (1053,'/upload/board/20241202','d82a12ea8fe44fdfa1a0955cde9add7d.csv','department_change_history.csv',to_date('24/12/02','RR/MM/DD'),'A',1174,null,to_date('24/12/02','RR/MM/DD'),null,null,'Y');
Insert into TBL_BOARDFILE (BOARDFILE_NO,FILE_PATH,FILESYSTEM_NAME,ORIGINAL_NAME,UPLOAD_DATE,REF_TYPE,REF_NO,CREATER,CREATE_DATE,MODIFIER,MODIFY_DATE,USE_YN) values (1054,'/upload/board/20241202','b0c9bda246c84c0e941cbc8c7f172222.csv','department_change_history (2).csv',to_date('24/12/02','RR/MM/DD'),'A',1140,null,to_date('24/12/02','RR/MM/DD'),null,null,'Y');
Insert into TBL_BOARDFILE (BOARDFILE_NO,FILE_PATH,FILESYSTEM_NAME,ORIGINAL_NAME,UPLOAD_DATE,REF_TYPE,REF_NO,CREATER,CREATE_DATE,MODIFIER,MODIFY_DATE,USE_YN) values (1057,'/upload/board/20241202','6987732d00b642a9a20bf1b5f660da6d.csv','department_change_history (1).csv',to_date('24/12/02','RR/MM/DD'),'A',1136,null,to_date('24/12/02','RR/MM/DD'),null,null,'Y');
Insert into TBL_BOARDFILE (BOARDFILE_NO,FILE_PATH,FILESYSTEM_NAME,ORIGINAL_NAME,UPLOAD_DATE,REF_TYPE,REF_NO,CREATER,CREATE_DATE,MODIFIER,MODIFY_DATE,USE_YN) values (1058,'/upload/board/20241202','a506cd4a4d474a7eab3578f24010b425.csv','department_change_history (1).csv',to_date('24/12/02','RR/MM/DD'),'A',1135,null,to_date('24/12/02','RR/MM/DD'),null,null,'Y');
Insert into TBL_BOARDFILE (BOARDFILE_NO,FILE_PATH,FILESYSTEM_NAME,ORIGINAL_NAME,UPLOAD_DATE,REF_TYPE,REF_NO,CREATER,CREATE_DATE,MODIFIER,MODIFY_DATE,USE_YN) values (1059,'/upload/board/20241202','6721363e18aa4eb19a43114b89835b8c.csv','department_change_history.csv',to_date('24/12/02','RR/MM/DD'),'A',1135,null,to_date('24/12/02','RR/MM/DD'),null,null,'Y');
Insert into TBL_BOARDFILE (BOARDFILE_NO,FILE_PATH,FILESYSTEM_NAME,ORIGINAL_NAME,UPLOAD_DATE,REF_TYPE,REF_NO,CREATER,CREATE_DATE,MODIFIER,MODIFY_DATE,USE_YN) values (1060,'/upload/board/20241202','4f04fab095c3423b82978c857cfabbff.csv','department_change_history (1).csv',to_date('24/12/02','RR/MM/DD'),'A',1130,null,to_date('24/12/02','RR/MM/DD'),null,null,'Y');
Insert into TBL_BOARDFILE (BOARDFILE_NO,FILE_PATH,FILESYSTEM_NAME,ORIGINAL_NAME,UPLOAD_DATE,REF_TYPE,REF_NO,CREATER,CREATE_DATE,MODIFIER,MODIFY_DATE,USE_YN) values (1061,'/upload/board/20241202','70cb5e93104b4437a26f314635d264ab.csv','department_change_history.csv',to_date('24/12/02','RR/MM/DD'),'A',1130,null,to_date('24/12/02','RR/MM/DD'),null,null,'Y');
Insert into TBL_BOARDFILE (BOARDFILE_NO,FILE_PATH,FILESYSTEM_NAME,ORIGINAL_NAME,UPLOAD_DATE,REF_TYPE,REF_NO,CREATER,CREATE_DATE,MODIFIER,MODIFY_DATE,USE_YN) values (1062,'/upload/board/20241202','1af7ae61491e4e0982205453fd00d2dd.csv','department_change_history (2).csv',to_date('24/12/02','RR/MM/DD'),'A',1133,null,to_date('24/12/02','RR/MM/DD'),null,null,'Y');
Insert into TBL_BOARDFILE (BOARDFILE_NO,FILE_PATH,FILESYSTEM_NAME,ORIGINAL_NAME,UPLOAD_DATE,REF_TYPE,REF_NO,CREATER,CREATE_DATE,MODIFIER,MODIFY_DATE,USE_YN) values (1063,'/upload/board/20241202','19f244a9a4534fc990d7589e9d96494a.csv','department_change_history (1).csv',to_date('24/12/02','RR/MM/DD'),'A',1133,null,to_date('24/12/02','RR/MM/DD'),null,null,'Y');
Insert into TBL_BOARDFILE (BOARDFILE_NO,FILE_PATH,FILESYSTEM_NAME,ORIGINAL_NAME,UPLOAD_DATE,REF_TYPE,REF_NO,CREATER,CREATE_DATE,MODIFIER,MODIFY_DATE,USE_YN) values (1064,'/upload/board/20241202','18821d6ce7db48b68f2483269ba70c06.csv','department_change_history (1).csv',to_date('24/12/02','RR/MM/DD'),'A',1124,null,to_date('24/12/02','RR/MM/DD'),null,null,'Y');
Insert into TBL_BOARDFILE (BOARDFILE_NO,FILE_PATH,FILESYSTEM_NAME,ORIGINAL_NAME,UPLOAD_DATE,REF_TYPE,REF_NO,CREATER,CREATE_DATE,MODIFIER,MODIFY_DATE,USE_YN) values (1065,'/upload/board/20241202','5887672e7b614e2bbb50014a50fde72f.csv','department_change_history.csv',to_date('24/12/02','RR/MM/DD'),'A',1124,null,to_date('24/12/02','RR/MM/DD'),null,null,'Y');
Insert into TBL_BOARDFILE (BOARDFILE_NO,FILE_PATH,FILESYSTEM_NAME,ORIGINAL_NAME,UPLOAD_DATE,REF_TYPE,REF_NO,CREATER,CREATE_DATE,MODIFIER,MODIFY_DATE,USE_YN) values (1066,'/upload/board/20241202','8d21e8c0bbdd478687d9f1877f4d9ddf.csv','department_change_history (2).csv',to_date('24/12/02','RR/MM/DD'),'A',1127,null,to_date('24/12/02','RR/MM/DD'),null,null,'Y');
Insert into TBL_BOARDFILE (BOARDFILE_NO,FILE_PATH,FILESYSTEM_NAME,ORIGINAL_NAME,UPLOAD_DATE,REF_TYPE,REF_NO,CREATER,CREATE_DATE,MODIFIER,MODIFY_DATE,USE_YN) values (1067,'/upload/board/20241202','c5610a4d695445e0830580ba829848a5.csv','department_change_history (2).csv',to_date('24/12/02','RR/MM/DD'),'A',1121,null,to_date('24/12/02','RR/MM/DD'),null,null,'Y');
Insert into TBL_BOARDFILE (BOARDFILE_NO,FILE_PATH,FILESYSTEM_NAME,ORIGINAL_NAME,UPLOAD_DATE,REF_TYPE,REF_NO,CREATER,CREATE_DATE,MODIFIER,MODIFY_DATE,USE_YN) values (1068,'/upload/board/20241202','2ac6b9feff024e7cbc5b6161ece16d9b.csv','department_change_history (1).csv',to_date('24/12/02','RR/MM/DD'),'A',1113,null,to_date('24/12/02','RR/MM/DD'),null,null,'Y');
Insert into TBL_BOARDFILE (BOARDFILE_NO,FILE_PATH,FILESYSTEM_NAME,ORIGINAL_NAME,UPLOAD_DATE,REF_TYPE,REF_NO,CREATER,CREATE_DATE,MODIFIER,MODIFY_DATE,USE_YN) values (1069,'/upload/board/20241202','a2d8f51fcddc4a69929b60b5feabf7f6.csv','department_change_history.csv',to_date('24/12/02','RR/MM/DD'),'A',1116,null,to_date('24/12/02','RR/MM/DD'),null,null,'Y');
Insert into TBL_BOARDFILE (BOARDFILE_NO,FILE_PATH,FILESYSTEM_NAME,ORIGINAL_NAME,UPLOAD_DATE,REF_TYPE,REF_NO,CREATER,CREATE_DATE,MODIFIER,MODIFY_DATE,USE_YN) values (1070,'/upload/board/20241203','2f8b7332b54043f58be83e2fcbc86f49.csv','department_change_history (15) (1).csv',to_date('24/12/03','RR/MM/DD'),'A',1103,null,to_date('24/12/03','RR/MM/DD'),null,null,'Y');
Insert into TBL_BOARDFILE (BOARDFILE_NO,FILE_PATH,FILESYSTEM_NAME,ORIGINAL_NAME,UPLOAD_DATE,REF_TYPE,REF_NO,CREATER,CREATE_DATE,MODIFIER,MODIFY_DATE,USE_YN) values (1071,'/upload/board/20241203','89e670a5dd7b4a0aad092d46082abebb.csv','department_change_history (14) (2) (1).csv',to_date('24/12/03','RR/MM/DD'),'A',1143,null,to_date('24/12/03','RR/MM/DD'),null,null,'Y');
Insert into TBL_BOARDFILE (BOARDFILE_NO,FILE_PATH,FILESYSTEM_NAME,ORIGINAL_NAME,UPLOAD_DATE,REF_TYPE,REF_NO,CREATER,CREATE_DATE,MODIFIER,MODIFY_DATE,USE_YN) values (1072,'/upload/board/20241203','583b44fea3374b33ab31f90908f1e11a.csv','department_change_history (15) (1).csv',to_date('24/12/03','RR/MM/DD'),'A',1143,null,to_date('24/12/03','RR/MM/DD'),null,null,'Y');
Insert into TBL_BOARDFILE (BOARDFILE_NO,FILE_PATH,FILESYSTEM_NAME,ORIGINAL_NAME,UPLOAD_DATE,REF_TYPE,REF_NO,CREATER,CREATE_DATE,MODIFIER,MODIFY_DATE,USE_YN) values (1073,'/upload/board/20241203','a59214b9e5a84b73855e770faec550c6.png','직원등록시 (1).png',to_date('24/12/03','RR/MM/DD'),'A',1176,null,to_date('24/12/03','RR/MM/DD'),null,null,'Y');
Insert into TBL_BOARDFILE (BOARDFILE_NO,FILE_PATH,FILESYSTEM_NAME,ORIGINAL_NAME,UPLOAD_DATE,REF_TYPE,REF_NO,CREATER,CREATE_DATE,MODIFIER,MODIFY_DATE,USE_YN) values (1074,'/upload/board/20241203','6970093adad44f16b5ad475dbc3a9a46.png','직원등록시 (1).png',to_date('24/12/03','RR/MM/DD'),'A',1176,null,to_date('24/12/03','RR/MM/DD'),null,null,'Y');
Insert into TBL_BOARDFILE (BOARDFILE_NO,FILE_PATH,FILESYSTEM_NAME,ORIGINAL_NAME,UPLOAD_DATE,REF_TYPE,REF_NO,CREATER,CREATE_DATE,MODIFIER,MODIFY_DATE,USE_YN) values (1075,'/upload/board/20241203','3ea67862456047c188d673d8e31a0208.png','직원수정시.png',to_date('24/12/03','RR/MM/DD'),'A',1176,null,to_date('24/12/03','RR/MM/DD'),null,null,'Y');
REM INSERTING into TBL_BOARDTYPE
SET DEFINE OFF;
Insert into TBL_BOARDTYPE (BOARD_TYPE_NO,BOARDT_NAME,BOARDT_TYPE,BOARDT_READ,BOARDT_WRITE,BOARDT_CONTENT,BOARDT_USE,OFFICE_USE,EMP_NO,CREATE_DATE,MODIFIER,MODIFY_DATE,USE_YN,DEPT_CODE) values (1001,'공지사항','N','2','5','4','N',null,1001,to_date('24/11/14','RR/MM/DD'),1001,to_date('24/11/14','RR/MM/DD'),'Y',null);
Insert into TBL_BOARDTYPE (BOARD_TYPE_NO,BOARDT_NAME,BOARDT_TYPE,BOARDT_READ,BOARDT_WRITE,BOARDT_CONTENT,BOARDT_USE,OFFICE_USE,EMP_NO,CREATE_DATE,MODIFIER,MODIFY_DATE,USE_YN,DEPT_CODE) values (1075,'일반게시판','S','5','5','5','N',null,null,to_date('24/12/02','RR/MM/DD'),null,to_date('24/12/02','RR/MM/DD'),'N',null);
Insert into TBL_BOARDTYPE (BOARD_TYPE_NO,BOARDT_NAME,BOARDT_TYPE,BOARDT_READ,BOARDT_WRITE,BOARDT_CONTENT,BOARDT_USE,OFFICE_USE,EMP_NO,CREATE_DATE,MODIFIER,MODIFY_DATE,USE_YN,DEPT_CODE) values (1073,'일반게시판2','N',null,null,null,'N',null,null,to_date('24/11/27','RR/MM/DD'),null,to_date('24/11/27','RR/MM/DD'),'N',null);
Insert into TBL_BOARDTYPE (BOARD_TYPE_NO,BOARDT_NAME,BOARDT_TYPE,BOARDT_READ,BOARDT_WRITE,BOARDT_CONTENT,BOARDT_USE,OFFICE_USE,EMP_NO,CREATE_DATE,MODIFIER,MODIFY_DATE,USE_YN,DEPT_CODE) values (1076,'일반게시판','S','5','5','5','N',null,null,to_date('24/12/02','RR/MM/DD'),null,to_date('24/12/02','RR/MM/DD'),'N',null);
Insert into TBL_BOARDTYPE (BOARD_TYPE_NO,BOARDT_NAME,BOARDT_TYPE,BOARDT_READ,BOARDT_WRITE,BOARDT_CONTENT,BOARDT_USE,OFFICE_USE,EMP_NO,CREATE_DATE,MODIFIER,MODIFY_DATE,USE_YN,DEPT_CODE) values (1057,'자유게시판','S','5','5','5','N',null,null,to_date('24/11/21','RR/MM/DD'),null,to_date('24/11/21','RR/MM/DD'),'N',null);
Insert into TBL_BOARDTYPE (BOARD_TYPE_NO,BOARDT_NAME,BOARDT_TYPE,BOARDT_READ,BOARDT_WRITE,BOARDT_CONTENT,BOARDT_USE,OFFICE_USE,EMP_NO,CREATE_DATE,MODIFIER,MODIFY_DATE,USE_YN,DEPT_CODE) values (1077,'우리집똥개','S',null,null,null,'N',null,null,to_date('24/12/02','RR/MM/DD'),null,to_date('24/12/02','RR/MM/DD'),'N',null);
Insert into TBL_BOARDTYPE (BOARD_TYPE_NO,BOARDT_NAME,BOARDT_TYPE,BOARDT_READ,BOARDT_WRITE,BOARDT_CONTENT,BOARDT_USE,OFFICE_USE,EMP_NO,CREATE_DATE,MODIFIER,MODIFY_DATE,USE_YN,DEPT_CODE) values (1078,'자유게시판','N',null,null,null,'N',null,null,to_date('24/12/02','RR/MM/DD'),null,to_date('24/12/02','RR/MM/DD'),'N',null);
Insert into TBL_BOARDTYPE (BOARD_TYPE_NO,BOARDT_NAME,BOARDT_TYPE,BOARDT_READ,BOARDT_WRITE,BOARDT_CONTENT,BOARDT_USE,OFFICE_USE,EMP_NO,CREATE_DATE,MODIFIER,MODIFY_DATE,USE_YN,DEPT_CODE) values (1079,'익명게시판','S',null,null,null,'N',null,null,to_date('24/12/02','RR/MM/DD'),null,to_date('24/12/02','RR/MM/DD'),'N',null);
Insert into TBL_BOARDTYPE (BOARD_TYPE_NO,BOARDT_NAME,BOARDT_TYPE,BOARDT_READ,BOARDT_WRITE,BOARDT_CONTENT,BOARDT_USE,OFFICE_USE,EMP_NO,CREATE_DATE,MODIFIER,MODIFY_DATE,USE_YN,DEPT_CODE) values (1080,'일반게시판','S',null,null,null,'Y',null,null,to_date('24/12/02','RR/MM/DD'),null,to_date('24/12/02','RR/MM/DD'),'N',null);
Insert into TBL_BOARDTYPE (BOARD_TYPE_NO,BOARDT_NAME,BOARDT_TYPE,BOARDT_READ,BOARDT_WRITE,BOARDT_CONTENT,BOARDT_USE,OFFICE_USE,EMP_NO,CREATE_DATE,MODIFIER,MODIFY_DATE,USE_YN,DEPT_CODE) values (1081,'일반게시판','S',null,null,null,'Y',null,null,to_date('24/12/03','RR/MM/DD'),null,to_date('24/12/03','RR/MM/DD'),'N',null);
Insert into TBL_BOARDTYPE (BOARD_TYPE_NO,BOARDT_NAME,BOARDT_TYPE,BOARDT_READ,BOARDT_WRITE,BOARDT_CONTENT,BOARDT_USE,OFFICE_USE,EMP_NO,CREATE_DATE,MODIFIER,MODIFY_DATE,USE_YN,DEPT_CODE) values (1082,'자유게시판','G',null,null,null,'Y',null,null,to_date('24/12/03','RR/MM/DD'),null,to_date('24/12/03','RR/MM/DD'),'N',null);
Insert into TBL_BOARDTYPE (BOARD_TYPE_NO,BOARDT_NAME,BOARDT_TYPE,BOARDT_READ,BOARDT_WRITE,BOARDT_CONTENT,BOARDT_USE,OFFICE_USE,EMP_NO,CREATE_DATE,MODIFIER,MODIFY_DATE,USE_YN,DEPT_CODE) values (1083,'일반게시판2','S',null,null,null,'N',null,null,to_date('24/12/03','RR/MM/DD'),null,to_date('24/12/03','RR/MM/DD'),'N',null);
Insert into TBL_BOARDTYPE (BOARD_TYPE_NO,BOARDT_NAME,BOARDT_TYPE,BOARDT_READ,BOARDT_WRITE,BOARDT_CONTENT,BOARDT_USE,OFFICE_USE,EMP_NO,CREATE_DATE,MODIFIER,MODIFY_DATE,USE_YN,DEPT_CODE) values (1084,'자유게시판','S',null,null,null,'Y',null,null,to_date('24/12/03','RR/MM/DD'),null,to_date('24/12/03','RR/MM/DD'),'N',null);
Insert into TBL_BOARDTYPE (BOARD_TYPE_NO,BOARDT_NAME,BOARDT_TYPE,BOARDT_READ,BOARDT_WRITE,BOARDT_CONTENT,BOARDT_USE,OFFICE_USE,EMP_NO,CREATE_DATE,MODIFIER,MODIFY_DATE,USE_YN,DEPT_CODE) values (1049,'테스트용 게시판','N',null,null,null,'N',null,null,to_date('24/11/20','RR/MM/DD'),null,to_date('24/11/20','RR/MM/DD'),'N',null);
Insert into TBL_BOARDTYPE (BOARD_TYPE_NO,BOARDT_NAME,BOARDT_TYPE,BOARDT_READ,BOARDT_WRITE,BOARDT_CONTENT,BOARDT_USE,OFFICE_USE,EMP_NO,CREATE_DATE,MODIFIER,MODIFY_DATE,USE_YN,DEPT_CODE) values (1070,'모임게시판','G',null,null,null,'N',null,null,to_date('24/11/26','RR/MM/DD'),null,to_date('24/11/26','RR/MM/DD'),'N',null);
REM INSERTING into TBL_CALENDAR
SET DEFINE OFF;
Insert into TBL_CALENDAR (CAL_NO,EMP_NO,CAL_START_DATE,CAL_END_DATE,CAL_SUBJECT,CAL_CONTENT,CAL_COLOR,CAL_STATUS,CREATE_DATE,MODIFIER,MODIFY_DATE,DEPT_CODE) values (999999,1,to_date('24/11/20','RR/MM/DD'),to_date('24/11/20','RR/MM/DD'),'제목입니다.','내용입니다.','전사일정','Y',to_date('24/11/20','RR/MM/DD'),1,to_date('24/11/20','RR/MM/DD'),null);
Insert into TBL_CALENDAR (CAL_NO,EMP_NO,CAL_START_DATE,CAL_END_DATE,CAL_SUBJECT,CAL_CONTENT,CAL_COLOR,CAL_STATUS,CREATE_DATE,MODIFIER,MODIFY_DATE,DEPT_CODE) values (1073,1001,to_date('24/11/29','RR/MM/DD'),to_date('24/11/29','RR/MM/DD'),'회식',null,'B',null,to_date('24/11/27','RR/MM/DD'),null,to_date('24/11/27','RR/MM/DD'),null);
Insert into TBL_CALENDAR (CAL_NO,EMP_NO,CAL_START_DATE,CAL_END_DATE,CAL_SUBJECT,CAL_CONTENT,CAL_COLOR,CAL_STATUS,CREATE_DATE,MODIFIER,MODIFY_DATE,DEPT_CODE) values (1074,1001,to_date('24/11/06','RR/MM/DD'),to_date('24/11/06','RR/MM/DD'),'프로젝트 마무리',null,'B',null,to_date('24/11/27','RR/MM/DD'),null,to_date('24/11/27','RR/MM/DD'),null);
Insert into TBL_CALENDAR (CAL_NO,EMP_NO,CAL_START_DATE,CAL_END_DATE,CAL_SUBJECT,CAL_CONTENT,CAL_COLOR,CAL_STATUS,CREATE_DATE,MODIFIER,MODIFY_DATE,DEPT_CODE) values (1075,1001,to_date('24/11/18','RR/MM/DD'),to_date('24/11/19','RR/MM/DD'),'연차',null,'B',null,to_date('24/11/27','RR/MM/DD'),null,to_date('24/11/27','RR/MM/DD'),null);
Insert into TBL_CALENDAR (CAL_NO,EMP_NO,CAL_START_DATE,CAL_END_DATE,CAL_SUBJECT,CAL_CONTENT,CAL_COLOR,CAL_STATUS,CREATE_DATE,MODIFIER,MODIFY_DATE,DEPT_CODE) values (1076,1001,to_date('24/12/25','RR/MM/DD'),to_date('24/12/25','RR/MM/DD'),'크리스마스',null,'B',null,to_date('24/11/27','RR/MM/DD'),null,to_date('24/11/27','RR/MM/DD'),null);
Insert into TBL_CALENDAR (CAL_NO,EMP_NO,CAL_START_DATE,CAL_END_DATE,CAL_SUBJECT,CAL_CONTENT,CAL_COLOR,CAL_STATUS,CREATE_DATE,MODIFIER,MODIFY_DATE,DEPT_CODE) values (1081,1001,to_date('24/12/27','RR/MM/DD'),to_date('24/12/27','RR/MM/DD'),'망년회',null,'B',null,to_date('24/11/27','RR/MM/DD'),null,to_date('24/11/27','RR/MM/DD'),null);
Insert into TBL_CALENDAR (CAL_NO,EMP_NO,CAL_START_DATE,CAL_END_DATE,CAL_SUBJECT,CAL_CONTENT,CAL_COLOR,CAL_STATUS,CREATE_DATE,MODIFIER,MODIFY_DATE,DEPT_CODE) values (1104,1005,to_date('24/11/11','RR/MM/DD'),to_date('24/11/11','RR/MM/DD'),'신규 입사자 OT',null,'R',null,to_date('24/11/27','RR/MM/DD'),null,to_date('24/11/27','RR/MM/DD'),null);
Insert into TBL_CALENDAR (CAL_NO,EMP_NO,CAL_START_DATE,CAL_END_DATE,CAL_SUBJECT,CAL_CONTENT,CAL_COLOR,CAL_STATUS,CREATE_DATE,MODIFIER,MODIFY_DATE,DEPT_CODE) values (1105,1005,to_date('24/11/22','RR/MM/DD'),to_date('24/11/22','RR/MM/DD'),'전사 리더십 워크숍',null,'R',null,to_date('24/11/27','RR/MM/DD'),null,to_date('24/11/27','RR/MM/DD'),null);
Insert into TBL_CALENDAR (CAL_NO,EMP_NO,CAL_START_DATE,CAL_END_DATE,CAL_SUBJECT,CAL_CONTENT,CAL_COLOR,CAL_STATUS,CREATE_DATE,MODIFIER,MODIFY_DATE,DEPT_CODE) values (1098,1005,to_date('24/12/11','RR/MM/DD'),to_date('24/12/11','RR/MM/DD'),'회계 연도 보고',null,'R',null,to_date('24/11/27','RR/MM/DD'),null,to_date('24/11/27','RR/MM/DD'),null);
Insert into TBL_CALENDAR (CAL_NO,EMP_NO,CAL_START_DATE,CAL_END_DATE,CAL_SUBJECT,CAL_CONTENT,CAL_COLOR,CAL_STATUS,CREATE_DATE,MODIFIER,MODIFY_DATE,DEPT_CODE) values (1097,1005,to_date('25/01/06','RR/MM/DD'),to_date('25/01/06','RR/MM/DD'),'전사 교육',null,'R',null,to_date('24/11/27','RR/MM/DD'),null,to_date('24/11/27','RR/MM/DD'),null);
Insert into TBL_CALENDAR (CAL_NO,EMP_NO,CAL_START_DATE,CAL_END_DATE,CAL_SUBJECT,CAL_CONTENT,CAL_COLOR,CAL_STATUS,CREATE_DATE,MODIFIER,MODIFY_DATE,DEPT_CODE) values (1106,1005,to_date('24/11/06','RR/MM/DD'),to_date('24/11/06','RR/MM/DD'),'안전 교육 및 훈련',null,'R',null,to_date('24/11/27','RR/MM/DD'),null,to_date('24/11/27','RR/MM/DD'),null);
Insert into TBL_CALENDAR (CAL_NO,EMP_NO,CAL_START_DATE,CAL_END_DATE,CAL_SUBJECT,CAL_CONTENT,CAL_COLOR,CAL_STATUS,CREATE_DATE,MODIFIER,MODIFY_DATE,DEPT_CODE) values (1114,1005,to_date('25/01/01','RR/MM/DD'),to_date('25/01/01','RR/MM/DD'),'새해',null,'R',null,to_date('24/12/01','RR/MM/DD'),null,to_date('24/12/01','RR/MM/DD'),null);
Insert into TBL_CALENDAR (CAL_NO,EMP_NO,CAL_START_DATE,CAL_END_DATE,CAL_SUBJECT,CAL_CONTENT,CAL_COLOR,CAL_STATUS,CREATE_DATE,MODIFIER,MODIFY_DATE,DEPT_CODE) values (1115,1005,to_date('25/01/28','RR/MM/DD'),to_date('25/01/28','RR/MM/DD'),'설날연휴',null,'R',null,to_date('24/12/01','RR/MM/DD'),null,to_date('24/12/01','RR/MM/DD'),null);
Insert into TBL_CALENDAR (CAL_NO,EMP_NO,CAL_START_DATE,CAL_END_DATE,CAL_SUBJECT,CAL_CONTENT,CAL_COLOR,CAL_STATUS,CREATE_DATE,MODIFIER,MODIFY_DATE,DEPT_CODE) values (1085,1003,to_date('24/12/06','RR/MM/DD'),to_date('24/12/06','RR/MM/DD'),'팀회식',null,'B',null,to_date('24/11/27','RR/MM/DD'),null,to_date('24/11/27','RR/MM/DD'),null);
Insert into TBL_CALENDAR (CAL_NO,EMP_NO,CAL_START_DATE,CAL_END_DATE,CAL_SUBJECT,CAL_CONTENT,CAL_COLOR,CAL_STATUS,CREATE_DATE,MODIFIER,MODIFY_DATE,DEPT_CODE) values (1116,1005,to_date('25/01/29','RR/MM/DD'),to_date('25/01/29','RR/MM/DD'),'설날',null,'R',null,to_date('24/12/01','RR/MM/DD'),null,to_date('24/12/01','RR/MM/DD'),null);
Insert into TBL_CALENDAR (CAL_NO,EMP_NO,CAL_START_DATE,CAL_END_DATE,CAL_SUBJECT,CAL_CONTENT,CAL_COLOR,CAL_STATUS,CREATE_DATE,MODIFIER,MODIFY_DATE,DEPT_CODE) values (1082,1001,to_date('24/12/06','RR/MM/DD'),null,'팀 회식',null,'B',null,to_date('24/11/27','RR/MM/DD'),null,to_date('24/11/27','RR/MM/DD'),null);
Insert into TBL_CALENDAR (CAL_NO,EMP_NO,CAL_START_DATE,CAL_END_DATE,CAL_SUBJECT,CAL_CONTENT,CAL_COLOR,CAL_STATUS,CREATE_DATE,MODIFIER,MODIFY_DATE,DEPT_CODE) values (1117,1005,to_date('25/01/30','RR/MM/DD'),to_date('25/01/30','RR/MM/DD'),'설날연휴',null,'R',null,to_date('24/12/01','RR/MM/DD'),null,to_date('24/12/01','RR/MM/DD'),null);
Insert into TBL_CALENDAR (CAL_NO,EMP_NO,CAL_START_DATE,CAL_END_DATE,CAL_SUBJECT,CAL_CONTENT,CAL_COLOR,CAL_STATUS,CREATE_DATE,MODIFIER,MODIFY_DATE,DEPT_CODE) values (1080,1001,to_date('24/12/17','RR/MM/DD'),null,'생일',null,'B',null,to_date('24/11/27','RR/MM/DD'),null,to_date('24/11/27','RR/MM/DD'),null);
Insert into TBL_CALENDAR (CAL_NO,EMP_NO,CAL_START_DATE,CAL_END_DATE,CAL_SUBJECT,CAL_CONTENT,CAL_COLOR,CAL_STATUS,CREATE_DATE,MODIFIER,MODIFY_DATE,DEPT_CODE) values (1086,1003,to_date('24/12/25','RR/MM/DD'),to_date('24/12/25','RR/MM/DD'),'크리스마스',null,'B',null,to_date('24/11/27','RR/MM/DD'),null,to_date('24/11/27','RR/MM/DD'),null);
Insert into TBL_CALENDAR (CAL_NO,EMP_NO,CAL_START_DATE,CAL_END_DATE,CAL_SUBJECT,CAL_CONTENT,CAL_COLOR,CAL_STATUS,CREATE_DATE,MODIFIER,MODIFY_DATE,DEPT_CODE) values (1084,1003,to_date('24/12/27','RR/MM/DD'),to_date('24/12/27','RR/MM/DD'),'망년회',null,'B',null,to_date('24/11/27','RR/MM/DD'),null,to_date('24/11/27','RR/MM/DD'),null);
Insert into TBL_CALENDAR (CAL_NO,EMP_NO,CAL_START_DATE,CAL_END_DATE,CAL_SUBJECT,CAL_CONTENT,CAL_COLOR,CAL_STATUS,CREATE_DATE,MODIFIER,MODIFY_DATE,DEPT_CODE) values (1120,1003,to_date('25/01/27','RR/MM/DD'),to_date('25/01/27','RR/MM/DD'),'연차',null,'B',null,to_date('24/12/01','RR/MM/DD'),null,to_date('24/12/01','RR/MM/DD'),null);
Insert into TBL_CALENDAR (CAL_NO,EMP_NO,CAL_START_DATE,CAL_END_DATE,CAL_SUBJECT,CAL_CONTENT,CAL_COLOR,CAL_STATUS,CREATE_DATE,MODIFIER,MODIFY_DATE,DEPT_CODE) values (1087,1003,to_date('24/12/26','RR/MM/DD'),to_date('24/12/26','RR/MM/DD'),'연차',null,'B',null,to_date('24/11/27','RR/MM/DD'),null,to_date('24/11/27','RR/MM/DD'),null);
Insert into TBL_CALENDAR (CAL_NO,EMP_NO,CAL_START_DATE,CAL_END_DATE,CAL_SUBJECT,CAL_CONTENT,CAL_COLOR,CAL_STATUS,CREATE_DATE,MODIFIER,MODIFY_DATE,DEPT_CODE) values (1121,1003,to_date('25/01/31','RR/MM/DD'),to_date('25/01/31','RR/MM/DD'),'연차',null,'B',null,to_date('24/12/01','RR/MM/DD'),null,to_date('24/12/01','RR/MM/DD'),null);
Insert into TBL_CALENDAR (CAL_NO,EMP_NO,CAL_START_DATE,CAL_END_DATE,CAL_SUBJECT,CAL_CONTENT,CAL_COLOR,CAL_STATUS,CREATE_DATE,MODIFIER,MODIFY_DATE,DEPT_CODE) values (1088,1003,to_date('24/12/03','RR/MM/DD'),to_date('24/12/03','RR/MM/DD'),'팀프로젝트 발표',null,'B',null,to_date('24/11/27','RR/MM/DD'),null,to_date('24/11/27','RR/MM/DD'),null);
Insert into TBL_CALENDAR (CAL_NO,EMP_NO,CAL_START_DATE,CAL_END_DATE,CAL_SUBJECT,CAL_CONTENT,CAL_COLOR,CAL_STATUS,CREATE_DATE,MODIFIER,MODIFY_DATE,DEPT_CODE) values (1107,1005,to_date('24/12/03','RR/MM/DD'),to_date('24/12/03','RR/MM/DD'),'회사 창립 기념일',null,'R',null,to_date('24/11/27','RR/MM/DD'),null,to_date('24/11/27','RR/MM/DD'),null);
Insert into TBL_CALENDAR (CAL_NO,EMP_NO,CAL_START_DATE,CAL_END_DATE,CAL_SUBJECT,CAL_CONTENT,CAL_COLOR,CAL_STATUS,CREATE_DATE,MODIFIER,MODIFY_DATE,DEPT_CODE) values (1100,1005,to_date('24/12/27','RR/MM/DD'),to_date('24/12/27','RR/MM/DD'),'워크숍',null,'R',null,to_date('24/11/27','RR/MM/DD'),null,to_date('24/11/27','RR/MM/DD'),null);
Insert into TBL_CALENDAR (CAL_NO,EMP_NO,CAL_START_DATE,CAL_END_DATE,CAL_SUBJECT,CAL_CONTENT,CAL_COLOR,CAL_STATUS,CREATE_DATE,MODIFIER,MODIFY_DATE,DEPT_CODE) values (1099,1005,to_date('24/12/20','RR/MM/DD'),to_date('24/12/20','RR/MM/DD'),'분기별 실적 발표',null,'R',null,to_date('24/11/27','RR/MM/DD'),null,to_date('24/11/27','RR/MM/DD'),null);
Insert into TBL_CALENDAR (CAL_NO,EMP_NO,CAL_START_DATE,CAL_END_DATE,CAL_SUBJECT,CAL_CONTENT,CAL_COLOR,CAL_STATUS,CREATE_DATE,MODIFIER,MODIFY_DATE,DEPT_CODE) values (1101,1005,to_date('24/12/26','RR/MM/DD'),to_date('24/12/26','RR/MM/DD'),'성과 평가 및 보상',null,'R',null,to_date('24/11/27','RR/MM/DD'),null,to_date('24/11/27','RR/MM/DD'),null);
REM INSERTING into TBL_COMMON_CODE
SET DEFINE OFF;
Insert into TBL_COMMON_CODE (CD,NM,CREATER,"MODIFY",CREATE_DATE,MODIFY_DATE) values ('PS001','서버관리자',1001,1001,to_date('24/11/14','RR/MM/DD'),to_date('24/11/14','RR/MM/DD'));
Insert into TBL_COMMON_CODE (CD,NM,CREATER,"MODIFY",CREATE_DATE,MODIFY_DATE) values ('PS002','대표',1001,1001,to_date('24/11/14','RR/MM/DD'),to_date('24/11/14','RR/MM/DD'));
Insert into TBL_COMMON_CODE (CD,NM,CREATER,"MODIFY",CREATE_DATE,MODIFY_DATE) values ('PS003','이사',1001,1001,to_date('24/11/14','RR/MM/DD'),to_date('24/11/14','RR/MM/DD'));
Insert into TBL_COMMON_CODE (CD,NM,CREATER,"MODIFY",CREATE_DATE,MODIFY_DATE) values ('PS004','사원',1001,1001,to_date('24/11/14','RR/MM/DD'),to_date('24/11/14','RR/MM/DD'));
Insert into TBL_COMMON_CODE (CD,NM,CREATER,"MODIFY",CREATE_DATE,MODIFY_DATE) values ('PS005','지점장',1001,1001,to_date('24/11/14','RR/MM/DD'),to_date('24/11/14','RR/MM/DD'));
Insert into TBL_COMMON_CODE (CD,NM,CREATER,"MODIFY",CREATE_DATE,MODIFY_DATE) values ('RK001','서버관리자',1001,1001,to_date('24/11/14','RR/MM/DD'),to_date('24/11/14','RR/MM/DD'));
Insert into TBL_COMMON_CODE (CD,NM,CREATER,"MODIFY",CREATE_DATE,MODIFY_DATE) values ('RK002','대표',1001,1001,to_date('24/11/14','RR/MM/DD'),to_date('24/11/14','RR/MM/DD'));
Insert into TBL_COMMON_CODE (CD,NM,CREATER,"MODIFY",CREATE_DATE,MODIFY_DATE) values ('RK003','임원 (이사)',1001,1001,to_date('24/11/14','RR/MM/DD'),to_date('24/11/14','RR/MM/DD'));
Insert into TBL_COMMON_CODE (CD,NM,CREATER,"MODIFY",CREATE_DATE,MODIFY_DATE) values ('RK004','사원',1001,1001,to_date('24/11/14','RR/MM/DD'),to_date('24/11/14','RR/MM/DD'));
Insert into TBL_COMMON_CODE (CD,NM,CREATER,"MODIFY",CREATE_DATE,MODIFY_DATE) values ('RK005','과장',1001,1001,to_date('24/11/14','RR/MM/DD'),to_date('24/11/14','RR/MM/DD'));
Insert into TBL_COMMON_CODE (CD,NM,CREATER,"MODIFY",CREATE_DATE,MODIFY_DATE) values ('RK006','대리',1001,1001,to_date('24/11/14','RR/MM/DD'),to_date('24/11/14','RR/MM/DD'));
Insert into TBL_COMMON_CODE (CD,NM,CREATER,"MODIFY",CREATE_DATE,MODIFY_DATE) values ('RK007','주임',1001,1001,to_date('24/11/14','RR/MM/DD'),to_date('24/11/14','RR/MM/DD'));
Insert into TBL_COMMON_CODE (CD,NM,CREATER,"MODIFY",CREATE_DATE,MODIFY_DATE) values ('PC001','간편식',1001,null,to_date('24/11/14','RR/MM/DD'),to_date('24/11/14','RR/MM/DD'));
Insert into TBL_COMMON_CODE (CD,NM,CREATER,"MODIFY",CREATE_DATE,MODIFY_DATE) values ('PC002','음료',1001,null,to_date('24/11/14','RR/MM/DD'),to_date('24/11/14','RR/MM/DD'));
Insert into TBL_COMMON_CODE (CD,NM,CREATER,"MODIFY",CREATE_DATE,MODIFY_DATE) values ('PC003','주류',1001,null,to_date('24/11/14','RR/MM/DD'),to_date('24/11/14','RR/MM/DD'));
Insert into TBL_COMMON_CODE (CD,NM,CREATER,"MODIFY",CREATE_DATE,MODIFY_DATE) values ('PC004','스낵',1001,null,to_date('24/11/14','RR/MM/DD'),to_date('24/11/14','RR/MM/DD'));
Insert into TBL_COMMON_CODE (CD,NM,CREATER,"MODIFY",CREATE_DATE,MODIFY_DATE) values ('PC005','디저트',1001,null,to_date('24/11/14','RR/MM/DD'),to_date('24/11/14','RR/MM/DD'));
REM INSERTING into TBL_DEPARTMENT
SET DEFINE OFF;
Insert into TBL_DEPARTMENT (DEPT_CODE,DEPT_UPSTAIR,DEPT_NAME,EMP_NO,CREATE_DATE,MODIFIER,MODIFY_DATE,USE_YN) values ('D001',null,'본사',1002,to_date('24/11/14','RR/MM/DD'),null,null,'Y');
Insert into TBL_DEPARTMENT (DEPT_CODE,DEPT_UPSTAIR,DEPT_NAME,EMP_NO,CREATE_DATE,MODIFIER,MODIFY_DATE,USE_YN) values ('D002','D001','인사부',1002,to_date('24/11/14','RR/MM/DD'),null,null,'Y');
Insert into TBL_DEPARTMENT (DEPT_CODE,DEPT_UPSTAIR,DEPT_NAME,EMP_NO,CREATE_DATE,MODIFIER,MODIFY_DATE,USE_YN) values ('D003','D001','재정관리부',1002,to_date('24/11/14','RR/MM/DD'),null,null,'Y');
Insert into TBL_DEPARTMENT (DEPT_CODE,DEPT_UPSTAIR,DEPT_NAME,EMP_NO,CREATE_DATE,MODIFIER,MODIFY_DATE,USE_YN) values ('D004','D001','영업부',1002,to_date('24/11/14','RR/MM/DD'),null,null,'Y');
Insert into TBL_DEPARTMENT (DEPT_CODE,DEPT_UPSTAIR,DEPT_NAME,EMP_NO,CREATE_DATE,MODIFIER,MODIFY_DATE,USE_YN) values ('D005','D001','IT부',1002,to_date('24/11/14','RR/MM/DD'),null,null,'Y');
Insert into TBL_DEPARTMENT (DEPT_CODE,DEPT_UPSTAIR,DEPT_NAME,EMP_NO,CREATE_DATE,MODIFIER,MODIFY_DATE,USE_YN) values ('D006','D001','지점',1002,to_date('24/11/14','RR/MM/DD'),null,null,'Y');
Insert into TBL_DEPARTMENT (DEPT_CODE,DEPT_UPSTAIR,DEPT_NAME,EMP_NO,CREATE_DATE,MODIFIER,MODIFY_DATE,USE_YN) values ('D007','D002','경영지원실',1002,to_date('24/11/14','RR/MM/DD'),null,null,'Y');
Insert into TBL_DEPARTMENT (DEPT_CODE,DEPT_UPSTAIR,DEPT_NAME,EMP_NO,CREATE_DATE,MODIFIER,MODIFY_DATE,USE_YN) values ('D008','D002','HR실',1002,to_date('24/11/14','RR/MM/DD'),null,null,'Y');
Insert into TBL_DEPARTMENT (DEPT_CODE,DEPT_UPSTAIR,DEPT_NAME,EMP_NO,CREATE_DATE,MODIFIER,MODIFY_DATE,USE_YN) values ('D009','D003','회계팀',1002,to_date('24/11/14','RR/MM/DD'),null,null,'Y');
Insert into TBL_DEPARTMENT (DEPT_CODE,DEPT_UPSTAIR,DEPT_NAME,EMP_NO,CREATE_DATE,MODIFIER,MODIFY_DATE,USE_YN) values ('D010','D003','재무팀',1002,to_date('24/11/14','RR/MM/DD'),null,null,'Y');
Insert into TBL_DEPARTMENT (DEPT_CODE,DEPT_UPSTAIR,DEPT_NAME,EMP_NO,CREATE_DATE,MODIFIER,MODIFY_DATE,USE_YN) values ('D011','D004','영업지원1팀',1002,to_date('24/11/14','RR/MM/DD'),null,null,'Y');
Insert into TBL_DEPARTMENT (DEPT_CODE,DEPT_UPSTAIR,DEPT_NAME,EMP_NO,CREATE_DATE,MODIFIER,MODIFY_DATE,USE_YN) values ('D012','D004','영업지원2팀',1002,to_date('24/11/14','RR/MM/DD'),null,null,'Y');
Insert into TBL_DEPARTMENT (DEPT_CODE,DEPT_UPSTAIR,DEPT_NAME,EMP_NO,CREATE_DATE,MODIFIER,MODIFY_DATE,USE_YN) values ('D013','D004','온라인 마케팅팀',1002,to_date('24/11/14','RR/MM/DD'),null,null,'Y');
Insert into TBL_DEPARTMENT (DEPT_CODE,DEPT_UPSTAIR,DEPT_NAME,EMP_NO,CREATE_DATE,MODIFIER,MODIFY_DATE,USE_YN) values ('D014','D005','개발팀',1002,to_date('24/11/14','RR/MM/DD'),null,null,'Y');
Insert into TBL_DEPARTMENT (DEPT_CODE,DEPT_UPSTAIR,DEPT_NAME,EMP_NO,CREATE_DATE,MODIFIER,MODIFY_DATE,USE_YN) values ('D015','D005','정보보안팀',1002,to_date('24/11/14','RR/MM/DD'),null,null,'Y');
Insert into TBL_DEPARTMENT (DEPT_CODE,DEPT_UPSTAIR,DEPT_NAME,EMP_NO,CREATE_DATE,MODIFIER,MODIFY_DATE,USE_YN) values ('D016','D006','서울지점',1002,to_date('24/11/14','RR/MM/DD'),null,null,'Y');
Insert into TBL_DEPARTMENT (DEPT_CODE,DEPT_UPSTAIR,DEPT_NAME,EMP_NO,CREATE_DATE,MODIFIER,MODIFY_DATE,USE_YN) values ('D017','D006','경기지점',1002,to_date('24/11/14','RR/MM/DD'),null,null,'Y');
Insert into TBL_DEPARTMENT (DEPT_CODE,DEPT_UPSTAIR,DEPT_NAME,EMP_NO,CREATE_DATE,MODIFIER,MODIFY_DATE,USE_YN) values ('D018','D006','인천지점',1002,to_date('24/11/14','RR/MM/DD'),null,null,'Y');
REM INSERTING into TBL_DEP_TRANSFER
SET DEFINE OFF;
Insert into TBL_DEP_TRANSFER (TRANSFER_CODE,TRANSFER_BEFORE,TRANSFER_AFTER,TRANSFER_DATE,EMP_NO,CREATE_DATE,MODIFIER,MODIFY_DATE,USE_YN) values ('1001','경영지원실','회계팀',to_date('24/11/14','RR/MM/DD'),1006,to_date('24/11/14','RR/MM/DD'),1003,to_date('24/11/14','RR/MM/DD'),'Y');
Insert into TBL_DEP_TRANSFER (TRANSFER_CODE,TRANSFER_BEFORE,TRANSFER_AFTER,TRANSFER_DATE,EMP_NO,CREATE_DATE,MODIFIER,MODIFY_DATE,USE_YN) values ('1002','HR실','회계팀',to_date('24/11/14','RR/MM/DD'),1006,to_date('24/11/14','RR/MM/DD'),1003,to_date('24/11/14','RR/MM/DD'),'Y');
Insert into TBL_DEP_TRANSFER (TRANSFER_CODE,TRANSFER_BEFORE,TRANSFER_AFTER,TRANSFER_DATE,EMP_NO,CREATE_DATE,MODIFIER,MODIFY_DATE,USE_YN) values ('1003','회계팀','회계팀',to_date('24/11/14','RR/MM/DD'),1006,to_date('24/11/14','RR/MM/DD'),1003,to_date('24/11/14','RR/MM/DD'),'Y');
Insert into TBL_DEP_TRANSFER (TRANSFER_CODE,TRANSFER_BEFORE,TRANSFER_AFTER,TRANSFER_DATE,EMP_NO,CREATE_DATE,MODIFIER,MODIFY_DATE,USE_YN) values ('1004','재무팀','회계팀',to_date('24/11/14','RR/MM/DD'),1006,to_date('24/11/14','RR/MM/DD'),1003,to_date('24/11/14','RR/MM/DD'),'Y');
Insert into TBL_DEP_TRANSFER (TRANSFER_CODE,TRANSFER_BEFORE,TRANSFER_AFTER,TRANSFER_DATE,EMP_NO,CREATE_DATE,MODIFIER,MODIFY_DATE,USE_YN) values ('1005','영업지원1팀','회계팀',to_date('24/11/14','RR/MM/DD'),1006,to_date('24/11/14','RR/MM/DD'),1003,to_date('24/11/14','RR/MM/DD'),'Y');
Insert into TBL_DEP_TRANSFER (TRANSFER_CODE,TRANSFER_BEFORE,TRANSFER_AFTER,TRANSFER_DATE,EMP_NO,CREATE_DATE,MODIFIER,MODIFY_DATE,USE_YN) values ('1006','영업지원2팀','회계팀',to_date('24/11/14','RR/MM/DD'),1006,to_date('24/11/14','RR/MM/DD'),1003,to_date('24/11/14','RR/MM/DD'),'Y');
Insert into TBL_DEP_TRANSFER (TRANSFER_CODE,TRANSFER_BEFORE,TRANSFER_AFTER,TRANSFER_DATE,EMP_NO,CREATE_DATE,MODIFIER,MODIFY_DATE,USE_YN) values ('1007','온라인 마케팅팀','회계팀',to_date('24/11/14','RR/MM/DD'),1006,to_date('24/11/14','RR/MM/DD'),1003,to_date('24/11/14','RR/MM/DD'),'Y');
Insert into TBL_DEP_TRANSFER (TRANSFER_CODE,TRANSFER_BEFORE,TRANSFER_AFTER,TRANSFER_DATE,EMP_NO,CREATE_DATE,MODIFIER,MODIFY_DATE,USE_YN) values ('1008','개발팀','회계팀',to_date('24/11/14','RR/MM/DD'),1006,to_date('24/11/14','RR/MM/DD'),1003,to_date('24/11/14','RR/MM/DD'),'Y');
Insert into TBL_DEP_TRANSFER (TRANSFER_CODE,TRANSFER_BEFORE,TRANSFER_AFTER,TRANSFER_DATE,EMP_NO,CREATE_DATE,MODIFIER,MODIFY_DATE,USE_YN) values ('1009','정보보안팀','회계팀',to_date('24/11/14','RR/MM/DD'),1006,to_date('24/11/14','RR/MM/DD'),1003,to_date('24/11/14','RR/MM/DD'),'Y');
Insert into TBL_DEP_TRANSFER (TRANSFER_CODE,TRANSFER_BEFORE,TRANSFER_AFTER,TRANSFER_DATE,EMP_NO,CREATE_DATE,MODIFIER,MODIFY_DATE,USE_YN) values ('1010','영업지원1팀','회계팀',to_date('24/11/14','RR/MM/DD'),1006,to_date('24/11/14','RR/MM/DD'),1003,to_date('24/11/14','RR/MM/DD'),'Y');
Insert into TBL_DEP_TRANSFER (TRANSFER_CODE,TRANSFER_BEFORE,TRANSFER_AFTER,TRANSFER_DATE,EMP_NO,CREATE_DATE,MODIFIER,MODIFY_DATE,USE_YN) values ('1011','영업지원2팀','회계팀',to_date('24/11/14','RR/MM/DD'),1006,to_date('24/11/14','RR/MM/DD'),1003,to_date('24/11/14','RR/MM/DD'),'Y');
Insert into TBL_DEP_TRANSFER (TRANSFER_CODE,TRANSFER_BEFORE,TRANSFER_AFTER,TRANSFER_DATE,EMP_NO,CREATE_DATE,MODIFIER,MODIFY_DATE,USE_YN) values ('1012','영업지원1팀','회계팀',to_date('24/11/14','RR/MM/DD'),1006,to_date('24/11/14','RR/MM/DD'),1003,to_date('24/11/14','RR/MM/DD'),'Y');
Insert into TBL_DEP_TRANSFER (TRANSFER_CODE,TRANSFER_BEFORE,TRANSFER_AFTER,TRANSFER_DATE,EMP_NO,CREATE_DATE,MODIFIER,MODIFY_DATE,USE_YN) values ('1013','영업지원2팀','회계팀',to_date('24/11/14','RR/MM/DD'),1006,to_date('24/11/14','RR/MM/DD'),1003,to_date('24/11/14','RR/MM/DD'),'Y');
Insert into TBL_DEP_TRANSFER (TRANSFER_CODE,TRANSFER_BEFORE,TRANSFER_AFTER,TRANSFER_DATE,EMP_NO,CREATE_DATE,MODIFIER,MODIFY_DATE,USE_YN) values ('1014','개발팀','회계팀',to_date('24/11/14','RR/MM/DD'),1006,to_date('24/11/14','RR/MM/DD'),1003,to_date('24/11/14','RR/MM/DD'),'Y');
Insert into TBL_DEP_TRANSFER (TRANSFER_CODE,TRANSFER_BEFORE,TRANSFER_AFTER,TRANSFER_DATE,EMP_NO,CREATE_DATE,MODIFIER,MODIFY_DATE,USE_YN) values ('1031','인천지점','재무팀',to_date('24/12/02','RR/MM/DD'),1030,to_date('24/12/02','RR/MM/DD'),1003,to_date('24/12/02','RR/MM/DD'),'Y');
Insert into TBL_DEP_TRANSFER (TRANSFER_CODE,TRANSFER_BEFORE,TRANSFER_AFTER,TRANSFER_DATE,EMP_NO,CREATE_DATE,MODIFIER,MODIFY_DATE,USE_YN) values ('1019','회계팀','회계팀',to_date('24/12/02','RR/MM/DD'),1025,to_date('24/12/02','RR/MM/DD'),1003,to_date('24/12/02','RR/MM/DD'),'Y');
Insert into TBL_DEP_TRANSFER (TRANSFER_CODE,TRANSFER_BEFORE,TRANSFER_AFTER,TRANSFER_DATE,EMP_NO,CREATE_DATE,MODIFIER,MODIFY_DATE,USE_YN) values ('1020','재무팀','회계팀',to_date('24/12/02','RR/MM/DD'),1025,to_date('24/12/02','RR/MM/DD'),1003,to_date('24/12/02','RR/MM/DD'),'Y');
Insert into TBL_DEP_TRANSFER (TRANSFER_CODE,TRANSFER_BEFORE,TRANSFER_AFTER,TRANSFER_DATE,EMP_NO,CREATE_DATE,MODIFIER,MODIFY_DATE,USE_YN) values ('1032','재무팀','개발팀',to_date('24/12/02','RR/MM/DD'),1026,to_date('24/12/02','RR/MM/DD'),1003,to_date('24/12/02','RR/MM/DD'),'Y');
Insert into TBL_DEP_TRANSFER (TRANSFER_CODE,TRANSFER_BEFORE,TRANSFER_AFTER,TRANSFER_DATE,EMP_NO,CREATE_DATE,MODIFIER,MODIFY_DATE,USE_YN) values ('1022','회계팀','회계팀',to_date('24/12/02','RR/MM/DD'),1025,to_date('24/12/02','RR/MM/DD'),1003,to_date('24/12/02','RR/MM/DD'),'Y');
Insert into TBL_DEP_TRANSFER (TRANSFER_CODE,TRANSFER_BEFORE,TRANSFER_AFTER,TRANSFER_DATE,EMP_NO,CREATE_DATE,MODIFIER,MODIFY_DATE,USE_YN) values ('1023','재무팀','회계팀',to_date('24/12/02','RR/MM/DD'),1006,to_date('24/12/02','RR/MM/DD'),1003,to_date('24/12/02','RR/MM/DD'),'Y');
Insert into TBL_DEP_TRANSFER (TRANSFER_CODE,TRANSFER_BEFORE,TRANSFER_AFTER,TRANSFER_DATE,EMP_NO,CREATE_DATE,MODIFIER,MODIFY_DATE,USE_YN) values ('1024','회계팀','재무팀',to_date('24/12/02','RR/MM/DD'),1016,to_date('24/12/02','RR/MM/DD'),1003,to_date('24/12/02','RR/MM/DD'),'Y');
Insert into TBL_DEP_TRANSFER (TRANSFER_CODE,TRANSFER_BEFORE,TRANSFER_AFTER,TRANSFER_DATE,EMP_NO,CREATE_DATE,MODIFIER,MODIFY_DATE,USE_YN) values ('1025','경영지원실',null,to_date('24/12/02','RR/MM/DD'),1004,to_date('24/12/02','RR/MM/DD'),1003,to_date('24/12/02','RR/MM/DD'),'Y');
Insert into TBL_DEP_TRANSFER (TRANSFER_CODE,TRANSFER_BEFORE,TRANSFER_AFTER,TRANSFER_DATE,EMP_NO,CREATE_DATE,MODIFIER,MODIFY_DATE,USE_YN) values ('1026','재무팀','회계팀',to_date('24/12/02','RR/MM/DD'),1025,to_date('24/12/02','RR/MM/DD'),1003,to_date('24/12/02','RR/MM/DD'),'Y');
Insert into TBL_DEP_TRANSFER (TRANSFER_CODE,TRANSFER_BEFORE,TRANSFER_AFTER,TRANSFER_DATE,EMP_NO,CREATE_DATE,MODIFIER,MODIFY_DATE,USE_YN) values ('1027','경영지원실','회계팀',to_date('24/12/02','RR/MM/DD'),1025,to_date('24/12/02','RR/MM/DD'),1003,to_date('24/12/02','RR/MM/DD'),'Y');
Insert into TBL_DEP_TRANSFER (TRANSFER_CODE,TRANSFER_BEFORE,TRANSFER_AFTER,TRANSFER_DATE,EMP_NO,CREATE_DATE,MODIFIER,MODIFY_DATE,USE_YN) values ('1028','회계팀','회계팀',to_date('24/12/02','RR/MM/DD'),1025,to_date('24/12/02','RR/MM/DD'),1003,to_date('24/12/02','RR/MM/DD'),'Y');
Insert into TBL_DEP_TRANSFER (TRANSFER_CODE,TRANSFER_BEFORE,TRANSFER_AFTER,TRANSFER_DATE,EMP_NO,CREATE_DATE,MODIFIER,MODIFY_DATE,USE_YN) values ('1029','재무팀','회계팀',to_date('24/12/02','RR/MM/DD'),1025,to_date('24/12/02','RR/MM/DD'),1003,to_date('24/12/02','RR/MM/DD'),'Y');
Insert into TBL_DEP_TRANSFER (TRANSFER_CODE,TRANSFER_BEFORE,TRANSFER_AFTER,TRANSFER_DATE,EMP_NO,CREATE_DATE,MODIFIER,MODIFY_DATE,USE_YN) values ('1030','경영지원실','인천지점',to_date('24/12/02','RR/MM/DD'),1023,to_date('24/12/02','RR/MM/DD'),1003,to_date('24/12/02','RR/MM/DD'),'Y');
Insert into TBL_DEP_TRANSFER (TRANSFER_CODE,TRANSFER_BEFORE,TRANSFER_AFTER,TRANSFER_DATE,EMP_NO,CREATE_DATE,MODIFIER,MODIFY_DATE,USE_YN) values ('1033','개발팀','개발팀',to_date('24/12/02','RR/MM/DD'),1021,to_date('24/12/02','RR/MM/DD'),1003,to_date('24/12/02','RR/MM/DD'),'Y');
Insert into TBL_DEP_TRANSFER (TRANSFER_CODE,TRANSFER_BEFORE,TRANSFER_AFTER,TRANSFER_DATE,EMP_NO,CREATE_DATE,MODIFIER,MODIFY_DATE,USE_YN) values ('1034','회계팀','회계팀',to_date('24/12/02','RR/MM/DD'),1006,to_date('24/12/02','RR/MM/DD'),1003,to_date('24/12/02','RR/MM/DD'),'Y');
Insert into TBL_DEP_TRANSFER (TRANSFER_CODE,TRANSFER_BEFORE,TRANSFER_AFTER,TRANSFER_DATE,EMP_NO,CREATE_DATE,MODIFIER,MODIFY_DATE,USE_YN) values ('1035','재무팀','회계팀',to_date('24/12/02','RR/MM/DD'),1006,to_date('24/12/02','RR/MM/DD'),1003,to_date('24/12/02','RR/MM/DD'),'Y');
Insert into TBL_DEP_TRANSFER (TRANSFER_CODE,TRANSFER_BEFORE,TRANSFER_AFTER,TRANSFER_DATE,EMP_NO,CREATE_DATE,MODIFIER,MODIFY_DATE,USE_YN) values ('1036','회계팀','회계팀',to_date('24/12/02','RR/MM/DD'),1006,to_date('24/12/02','RR/MM/DD'),1003,to_date('24/12/02','RR/MM/DD'),'Y');
Insert into TBL_DEP_TRANSFER (TRANSFER_CODE,TRANSFER_BEFORE,TRANSFER_AFTER,TRANSFER_DATE,EMP_NO,CREATE_DATE,MODIFIER,MODIFY_DATE,USE_YN) values ('1037','영업지원1팀','개발팀',to_date('24/12/02','RR/MM/DD'),1021,to_date('24/12/02','RR/MM/DD'),1003,to_date('24/12/02','RR/MM/DD'),'Y');
Insert into TBL_DEP_TRANSFER (TRANSFER_CODE,TRANSFER_BEFORE,TRANSFER_AFTER,TRANSFER_DATE,EMP_NO,CREATE_DATE,MODIFIER,MODIFY_DATE,USE_YN) values ('1038','본사','회계팀',to_date('24/12/03','RR/MM/DD'),1051,to_date('24/12/03','RR/MM/DD'),1003,to_date('24/12/03','RR/MM/DD'),'Y');
Insert into TBL_DEP_TRANSFER (TRANSFER_CODE,TRANSFER_BEFORE,TRANSFER_AFTER,TRANSFER_DATE,EMP_NO,CREATE_DATE,MODIFIER,MODIFY_DATE,USE_YN) values ('1039','재무팀','회계팀',to_date('24/12/03','RR/MM/DD'),1006,to_date('24/12/03','RR/MM/DD'),1003,to_date('24/12/03','RR/MM/DD'),'Y');
Insert into TBL_DEP_TRANSFER (TRANSFER_CODE,TRANSFER_BEFORE,TRANSFER_AFTER,TRANSFER_DATE,EMP_NO,CREATE_DATE,MODIFIER,MODIFY_DATE,USE_YN) values ('1040','재정관리부','재무팀',to_date('24/12/03','RR/MM/DD'),1052,to_date('24/12/03','RR/MM/DD'),1003,to_date('24/12/03','RR/MM/DD'),'Y');
Insert into TBL_DEP_TRANSFER (TRANSFER_CODE,TRANSFER_BEFORE,TRANSFER_AFTER,TRANSFER_DATE,EMP_NO,CREATE_DATE,MODIFIER,MODIFY_DATE,USE_YN) values ('1041','회계팀','회계팀',to_date('24/12/03','RR/MM/DD'),1006,to_date('24/12/03','RR/MM/DD'),1003,to_date('24/12/03','RR/MM/DD'),'Y');
Insert into TBL_DEP_TRANSFER (TRANSFER_CODE,TRANSFER_BEFORE,TRANSFER_AFTER,TRANSFER_DATE,EMP_NO,CREATE_DATE,MODIFIER,MODIFY_DATE,USE_YN) values ('1042','재무팀','회계팀',to_date('24/12/03','RR/MM/DD'),1006,to_date('24/12/03','RR/MM/DD'),1003,to_date('24/12/03','RR/MM/DD'),'Y');
REM INSERTING into TBL_DISPATCH
SET DEFINE OFF;
Insert into TBL_DISPATCH (DISPATCH_NO,VEHICLE_TYPE,LICENSE_PLATE,OPERATOR,EMP_NO,MODIFIER,CREATE_DATE,MODIFY_DATE,USE_YN) values (1001,'냉동윙','12가 3456','홍길동',1003,1003,to_date('24/11/14','RR/MM/DD'),to_date('24/11/14','RR/MM/DD'),'Y');
Insert into TBL_DISPATCH (DISPATCH_NO,VEHICLE_TYPE,LICENSE_PLATE,OPERATOR,EMP_NO,MODIFIER,CREATE_DATE,MODIFY_DATE,USE_YN) values (1002,'냉동탑','34나 7890','김철수',1003,1003,to_date('24/11/14','RR/MM/DD'),to_date('24/11/14','RR/MM/DD'),'Y');
Insert into TBL_DISPATCH (DISPATCH_NO,VEHICLE_TYPE,LICENSE_PLATE,OPERATOR,EMP_NO,MODIFIER,CREATE_DATE,MODIFY_DATE,USE_YN) values (1003,'냉장윙','56다 1234','이영희',1003,1003,to_date('24/11/14','RR/MM/DD'),to_date('24/11/14','RR/MM/DD'),'Y');
Insert into TBL_DISPATCH (DISPATCH_NO,VEHICLE_TYPE,LICENSE_PLATE,OPERATOR,EMP_NO,MODIFIER,CREATE_DATE,MODIFY_DATE,USE_YN) values (1004,'냉장탑','78마 5678','박민수',1003,1003,to_date('24/11/14','RR/MM/DD'),to_date('24/11/14','RR/MM/DD'),'Y');
Insert into TBL_DISPATCH (DISPATCH_NO,VEHICLE_TYPE,LICENSE_PLATE,OPERATOR,EMP_NO,MODIFIER,CREATE_DATE,MODIFY_DATE,USE_YN) values (1005,'탑','90바 4321','정수정',1003,1003,to_date('24/11/14','RR/MM/DD'),to_date('24/11/14','RR/MM/DD'),'Y');
Insert into TBL_DISPATCH (DISPATCH_NO,VEHICLE_TYPE,LICENSE_PLATE,OPERATOR,EMP_NO,MODIFIER,CREATE_DATE,MODIFY_DATE,USE_YN) values (1006,'냉동윙','12가 6789','최영준',1003,1003,to_date('24/11/14','RR/MM/DD'),to_date('24/11/14','RR/MM/DD'),'Y');
Insert into TBL_DISPATCH (DISPATCH_NO,VEHICLE_TYPE,LICENSE_PLATE,OPERATOR,EMP_NO,MODIFIER,CREATE_DATE,MODIFY_DATE,USE_YN) values (1007,'냉동탑','34나 9876','김미영',1003,1003,to_date('24/11/14','RR/MM/DD'),to_date('24/11/14','RR/MM/DD'),'Y');
Insert into TBL_DISPATCH (DISPATCH_NO,VEHICLE_TYPE,LICENSE_PLATE,OPERATOR,EMP_NO,MODIFIER,CREATE_DATE,MODIFY_DATE,USE_YN) values (1008,'냉장윙','56다 3456','한지훈',1003,1003,to_date('24/11/14','RR/MM/DD'),to_date('24/11/14','RR/MM/DD'),'Y');
Insert into TBL_DISPATCH (DISPATCH_NO,VEHICLE_TYPE,LICENSE_PLATE,OPERATOR,EMP_NO,MODIFIER,CREATE_DATE,MODIFY_DATE,USE_YN) values (1009,'냉장탑','78마 7654','임지민',1003,1003,to_date('24/11/14','RR/MM/DD'),to_date('24/11/14','RR/MM/DD'),'Y');
Insert into TBL_DISPATCH (DISPATCH_NO,VEHICLE_TYPE,LICENSE_PLATE,OPERATOR,EMP_NO,MODIFIER,CREATE_DATE,MODIFY_DATE,USE_YN) values (1010,'탑','90바 8765','오승현',1003,1003,to_date('24/11/14','RR/MM/DD'),to_date('24/11/14','RR/MM/DD'),'Y');
REM INSERTING into TBL_EDOC
SET DEFINE OFF;
Insert into TBL_EDOC (EDOC_NO,SAMPLE_NO,EDOC_TITLE,EDOC_STARTDATE,EDOC_ENDDATE,FINAL_DATE,EDOC_STATUS,EMP_NO,MODIFIER,MODIFY_DATE,USE_YN) values (1036,1119,'기안서 작성 제목입니다3.',to_date('24/12/01','RR/MM/DD'),to_date('24/12/15','RR/MM/DD'),to_date('24/12/01','RR/MM/DD'),'S',1018,null,to_date('24/12/01','RR/MM/DD'),'Y');
Insert into TBL_EDOC (EDOC_NO,SAMPLE_NO,EDOC_TITLE,EDOC_STARTDATE,EDOC_ENDDATE,FINAL_DATE,EDOC_STATUS,EMP_NO,MODIFIER,MODIFY_DATE,USE_YN) values (1037,1120,'기안서 작성 제목입니다4.',to_date('24/12/01','RR/MM/DD'),to_date('24/12/15','RR/MM/DD'),to_date('24/12/01','RR/MM/DD'),'S',1018,null,to_date('24/12/01','RR/MM/DD'),'Y');
Insert into TBL_EDOC (EDOC_NO,SAMPLE_NO,EDOC_TITLE,EDOC_STARTDATE,EDOC_ENDDATE,FINAL_DATE,EDOC_STATUS,EMP_NO,MODIFIER,MODIFY_DATE,USE_YN) values (1038,1122,'기안서 작성 제목입니다5.',to_date('24/12/01','RR/MM/DD'),to_date('24/12/15','RR/MM/DD'),to_date('24/12/01','RR/MM/DD'),'S',1018,null,to_date('24/12/01','RR/MM/DD'),'Y');
Insert into TBL_EDOC (EDOC_NO,SAMPLE_NO,EDOC_TITLE,EDOC_STARTDATE,EDOC_ENDDATE,FINAL_DATE,EDOC_STATUS,EMP_NO,MODIFIER,MODIFY_DATE,USE_YN) values (1034,1118,'기안서 작성 제목입니다1.',to_date('24/12/01','RR/MM/DD'),to_date('24/12/15','RR/MM/DD'),to_date('24/12/01','RR/MM/DD'),'S',1018,null,to_date('24/12/01','RR/MM/DD'),'Y');
Insert into TBL_EDOC (EDOC_NO,SAMPLE_NO,EDOC_TITLE,EDOC_STARTDATE,EDOC_ENDDATE,FINAL_DATE,EDOC_STATUS,EMP_NO,MODIFIER,MODIFY_DATE,USE_YN) values (1035,1118,'기안서 작성 제목입니다2.',to_date('24/12/01','RR/MM/DD'),to_date('24/12/15','RR/MM/DD'),to_date('24/12/01','RR/MM/DD'),'S',1018,null,to_date('24/12/01','RR/MM/DD'),'Y');
Insert into TBL_EDOC (EDOC_NO,SAMPLE_NO,EDOC_TITLE,EDOC_STARTDATE,EDOC_ENDDATE,FINAL_DATE,EDOC_STATUS,EMP_NO,MODIFIER,MODIFY_DATE,USE_YN) values (1039,1123,'기안서 작성 제목입니다6.',to_date('24/12/01','RR/MM/DD'),to_date('24/12/15','RR/MM/DD'),to_date('24/12/01','RR/MM/DD'),'R',1018,null,to_date('24/12/01','RR/MM/DD'),'Y');
Insert into TBL_EDOC (EDOC_NO,SAMPLE_NO,EDOC_TITLE,EDOC_STARTDATE,EDOC_ENDDATE,FINAL_DATE,EDOC_STATUS,EMP_NO,MODIFIER,MODIFY_DATE,USE_YN) values (1040,1118,'기안서 회수문서 제목입니다1.',to_date('24/12/01','RR/MM/DD'),to_date('24/12/15','RR/MM/DD'),to_date('24/12/01','RR/MM/DD'),'T',1018,null,to_date('24/12/01','RR/MM/DD'),'Y');
Insert into TBL_EDOC (EDOC_NO,SAMPLE_NO,EDOC_TITLE,EDOC_STARTDATE,EDOC_ENDDATE,FINAL_DATE,EDOC_STATUS,EMP_NO,MODIFIER,MODIFY_DATE,USE_YN) values (1041,1124,'기안서 회수문서 제목입니다2.',to_date('24/12/02','RR/MM/DD'),to_date('24/12/16','RR/MM/DD'),to_date('24/12/02','RR/MM/DD'),'T',1018,null,to_date('24/12/02','RR/MM/DD'),'Y');
Insert into TBL_EDOC (EDOC_NO,SAMPLE_NO,EDOC_TITLE,EDOC_STARTDATE,EDOC_ENDDATE,FINAL_DATE,EDOC_STATUS,EMP_NO,MODIFIER,MODIFY_DATE,USE_YN) values (1042,1124,'기안서 회수문서 제목입니다3.',to_date('24/12/02','RR/MM/DD'),to_date('24/12/16','RR/MM/DD'),to_date('24/12/02','RR/MM/DD'),'T',1018,null,to_date('24/12/02','RR/MM/DD'),'Y');
Insert into TBL_EDOC (EDOC_NO,SAMPLE_NO,EDOC_TITLE,EDOC_STARTDATE,EDOC_ENDDATE,FINAL_DATE,EDOC_STATUS,EMP_NO,MODIFIER,MODIFY_DATE,USE_YN) values (1043,1121,'기안서 회수문서 제목입니다4.',to_date('24/12/02','RR/MM/DD'),to_date('24/12/16','RR/MM/DD'),to_date('24/12/02','RR/MM/DD'),'T',1018,null,to_date('24/12/02','RR/MM/DD'),'Y');
Insert into TBL_EDOC (EDOC_NO,SAMPLE_NO,EDOC_TITLE,EDOC_STARTDATE,EDOC_ENDDATE,FINAL_DATE,EDOC_STATUS,EMP_NO,MODIFIER,MODIFY_DATE,USE_YN) values (1044,1122,'기안서 회수문서 제목입니다5.',to_date('24/12/02','RR/MM/DD'),to_date('24/12/16','RR/MM/DD'),to_date('24/12/02','RR/MM/DD'),'T',1018,null,to_date('24/12/02','RR/MM/DD'),'Y');
Insert into TBL_EDOC (EDOC_NO,SAMPLE_NO,EDOC_TITLE,EDOC_STARTDATE,EDOC_ENDDATE,FINAL_DATE,EDOC_STATUS,EMP_NO,MODIFIER,MODIFY_DATE,USE_YN) values (1045,1124,'기안서 회수문서 제목입니다6.',to_date('24/12/02','RR/MM/DD'),to_date('24/12/16','RR/MM/DD'),to_date('24/12/02','RR/MM/DD'),'T',1018,null,to_date('24/12/02','RR/MM/DD'),'N');
Insert into TBL_EDOC (EDOC_NO,SAMPLE_NO,EDOC_TITLE,EDOC_STARTDATE,EDOC_ENDDATE,FINAL_DATE,EDOC_STATUS,EMP_NO,MODIFIER,MODIFY_DATE,USE_YN) values (1046,1127,'기안서 회수문서 제목입니다7.',to_date('24/12/02','RR/MM/DD'),to_date('24/12/16','RR/MM/DD'),to_date('24/12/02','RR/MM/DD'),'T',1018,null,to_date('24/12/02','RR/MM/DD'),'Y');
Insert into TBL_EDOC (EDOC_NO,SAMPLE_NO,EDOC_TITLE,EDOC_STARTDATE,EDOC_ENDDATE,FINAL_DATE,EDOC_STATUS,EMP_NO,MODIFIER,MODIFY_DATE,USE_YN) values (1047,1125,'기안서 회수문서 제목입니다8.',to_date('24/12/02','RR/MM/DD'),to_date('24/12/16','RR/MM/DD'),to_date('24/12/02','RR/MM/DD'),'T',1018,null,to_date('24/12/02','RR/MM/DD'),'Y');
Insert into TBL_EDOC (EDOC_NO,SAMPLE_NO,EDOC_TITLE,EDOC_STARTDATE,EDOC_ENDDATE,FINAL_DATE,EDOC_STATUS,EMP_NO,MODIFIER,MODIFY_DATE,USE_YN) values (1048,1125,'기안서 회수문서 제목입니다9.',to_date('24/12/02','RR/MM/DD'),to_date('24/12/16','RR/MM/DD'),to_date('24/12/02','RR/MM/DD'),'T',1018,null,to_date('24/12/02','RR/MM/DD'),'Y');
Insert into TBL_EDOC (EDOC_NO,SAMPLE_NO,EDOC_TITLE,EDOC_STARTDATE,EDOC_ENDDATE,FINAL_DATE,EDOC_STATUS,EMP_NO,MODIFIER,MODIFY_DATE,USE_YN) values (1049,1127,'기안서 회수문서 제목입니다10.',to_date('24/12/02','RR/MM/DD'),to_date('24/12/16','RR/MM/DD'),to_date('24/12/02','RR/MM/DD'),'T',1018,null,to_date('24/12/02','RR/MM/DD'),'Y');
Insert into TBL_EDOC (EDOC_NO,SAMPLE_NO,EDOC_TITLE,EDOC_STARTDATE,EDOC_ENDDATE,FINAL_DATE,EDOC_STATUS,EMP_NO,MODIFIER,MODIFY_DATE,USE_YN) values (1050,1126,'기안서 작성 제목입니다7.',to_date('24/12/02','RR/MM/DD'),to_date('24/12/16','RR/MM/DD'),to_date('24/12/02','RR/MM/DD'),'S',1018,null,to_date('24/12/02','RR/MM/DD'),'Y');
Insert into TBL_EDOC (EDOC_NO,SAMPLE_NO,EDOC_TITLE,EDOC_STARTDATE,EDOC_ENDDATE,FINAL_DATE,EDOC_STATUS,EMP_NO,MODIFIER,MODIFY_DATE,USE_YN) values (1051,1122,'기안서 작성 제목입니다8.',to_date('24/12/02','RR/MM/DD'),to_date('24/12/16','RR/MM/DD'),to_date('24/12/02','RR/MM/DD'),'O',1018,null,to_date('24/12/02','RR/MM/DD'),'Y');
Insert into TBL_EDOC (EDOC_NO,SAMPLE_NO,EDOC_TITLE,EDOC_STARTDATE,EDOC_ENDDATE,FINAL_DATE,EDOC_STATUS,EMP_NO,MODIFIER,MODIFY_DATE,USE_YN) values (1052,1124,'기안서 작성 제목입니다9.',to_date('24/12/02','RR/MM/DD'),to_date('24/12/16','RR/MM/DD'),to_date('24/12/02','RR/MM/DD'),'R',1018,null,to_date('24/12/02','RR/MM/DD'),'Y');
Insert into TBL_EDOC (EDOC_NO,SAMPLE_NO,EDOC_TITLE,EDOC_STARTDATE,EDOC_ENDDATE,FINAL_DATE,EDOC_STATUS,EMP_NO,MODIFIER,MODIFY_DATE,USE_YN) values (1053,1127,'기안서 작성 제목입니다10.',to_date('24/12/02','RR/MM/DD'),to_date('24/12/16','RR/MM/DD'),to_date('24/12/02','RR/MM/DD'),'O',1018,null,to_date('24/12/02','RR/MM/DD'),'Y');
Insert into TBL_EDOC (EDOC_NO,SAMPLE_NO,EDOC_TITLE,EDOC_STARTDATE,EDOC_ENDDATE,FINAL_DATE,EDOC_STATUS,EMP_NO,MODIFIER,MODIFY_DATE,USE_YN) values (1054,1124,'기안서 작성 제목입니다11.',to_date('24/12/02','RR/MM/DD'),to_date('24/12/16','RR/MM/DD'),to_date('24/12/02','RR/MM/DD'),'O',1018,null,to_date('24/12/02','RR/MM/DD'),'Y');
Insert into TBL_EDOC (EDOC_NO,SAMPLE_NO,EDOC_TITLE,EDOC_STARTDATE,EDOC_ENDDATE,FINAL_DATE,EDOC_STATUS,EMP_NO,MODIFIER,MODIFY_DATE,USE_YN) values (1055,1124,'기안서 작성 제목입니다12.',to_date('24/12/02','RR/MM/DD'),to_date('24/12/16','RR/MM/DD'),to_date('24/12/02','RR/MM/DD'),'O',1018,null,to_date('24/12/02','RR/MM/DD'),'Y');
Insert into TBL_EDOC (EDOC_NO,SAMPLE_NO,EDOC_TITLE,EDOC_STARTDATE,EDOC_ENDDATE,FINAL_DATE,EDOC_STATUS,EMP_NO,MODIFIER,MODIFY_DATE,USE_YN) values (1056,1128,'기안서 작성 제목입니다13.',to_date('24/12/02','RR/MM/DD'),to_date('24/12/16','RR/MM/DD'),to_date('24/12/02','RR/MM/DD'),'O',1018,null,to_date('24/12/02','RR/MM/DD'),'Y');
Insert into TBL_EDOC (EDOC_NO,SAMPLE_NO,EDOC_TITLE,EDOC_STARTDATE,EDOC_ENDDATE,FINAL_DATE,EDOC_STATUS,EMP_NO,MODIFIER,MODIFY_DATE,USE_YN) values (1057,1125,'기안서 작성 제목입니다14.',to_date('24/12/02','RR/MM/DD'),to_date('24/12/16','RR/MM/DD'),to_date('24/12/02','RR/MM/DD'),'O',1018,null,to_date('24/12/02','RR/MM/DD'),'Y');
Insert into TBL_EDOC (EDOC_NO,SAMPLE_NO,EDOC_TITLE,EDOC_STARTDATE,EDOC_ENDDATE,FINAL_DATE,EDOC_STATUS,EMP_NO,MODIFIER,MODIFY_DATE,USE_YN) values (1058,1129,'기안서 작성 제목입니다15.',to_date('24/12/02','RR/MM/DD'),to_date('24/12/16','RR/MM/DD'),to_date('24/12/02','RR/MM/DD'),'O',1018,null,to_date('24/12/02','RR/MM/DD'),'Y');
Insert into TBL_EDOC (EDOC_NO,SAMPLE_NO,EDOC_TITLE,EDOC_STARTDATE,EDOC_ENDDATE,FINAL_DATE,EDOC_STATUS,EMP_NO,MODIFIER,MODIFY_DATE,USE_YN) values (1059,1124,'기안서 작성 제목입니다16.',to_date('24/12/02','RR/MM/DD'),to_date('24/12/16','RR/MM/DD'),to_date('24/12/02','RR/MM/DD'),'O',1018,null,to_date('24/12/02','RR/MM/DD'),'Y');
Insert into TBL_EDOC (EDOC_NO,SAMPLE_NO,EDOC_TITLE,EDOC_STARTDATE,EDOC_ENDDATE,FINAL_DATE,EDOC_STATUS,EMP_NO,MODIFIER,MODIFY_DATE,USE_YN) values (1060,1125,'기안서 작성 제목입니다17.',to_date('24/12/02','RR/MM/DD'),to_date('24/12/16','RR/MM/DD'),to_date('24/12/02','RR/MM/DD'),'O',1018,null,to_date('24/12/02','RR/MM/DD'),'Y');
Insert into TBL_EDOC (EDOC_NO,SAMPLE_NO,EDOC_TITLE,EDOC_STARTDATE,EDOC_ENDDATE,FINAL_DATE,EDOC_STATUS,EMP_NO,MODIFIER,MODIFY_DATE,USE_YN) values (1061,1125,'기안서 작성 제목입니다18.',to_date('24/12/02','RR/MM/DD'),to_date('24/12/16','RR/MM/DD'),to_date('24/12/02','RR/MM/DD'),'O',1018,null,to_date('24/12/02','RR/MM/DD'),'Y');
Insert into TBL_EDOC (EDOC_NO,SAMPLE_NO,EDOC_TITLE,EDOC_STARTDATE,EDOC_ENDDATE,FINAL_DATE,EDOC_STATUS,EMP_NO,MODIFIER,MODIFY_DATE,USE_YN) values (1062,1124,'기안서 작성 제목입니다19.',to_date('24/12/02','RR/MM/DD'),to_date('24/12/16','RR/MM/DD'),to_date('24/12/02','RR/MM/DD'),'O',1018,null,to_date('24/12/02','RR/MM/DD'),'Y');
Insert into TBL_EDOC (EDOC_NO,SAMPLE_NO,EDOC_TITLE,EDOC_STARTDATE,EDOC_ENDDATE,FINAL_DATE,EDOC_STATUS,EMP_NO,MODIFIER,MODIFY_DATE,USE_YN) values (1063,1119,'기안서 작성 제목입니다20.',to_date('24/12/02','RR/MM/DD'),to_date('24/12/16','RR/MM/DD'),to_date('24/12/02','RR/MM/DD'),'R',1018,null,to_date('24/12/02','RR/MM/DD'),'Y');
Insert into TBL_EDOC (EDOC_NO,SAMPLE_NO,EDOC_TITLE,EDOC_STARTDATE,EDOC_ENDDATE,FINAL_DATE,EDOC_STATUS,EMP_NO,MODIFIER,MODIFY_DATE,USE_YN) values (1064,1124,'기안서 작성 제목입니다21.',to_date('24/12/02','RR/MM/DD'),to_date('24/12/16','RR/MM/DD'),to_date('24/12/02','RR/MM/DD'),'R',1018,null,to_date('24/12/02','RR/MM/DD'),'Y');
Insert into TBL_EDOC (EDOC_NO,SAMPLE_NO,EDOC_TITLE,EDOC_STARTDATE,EDOC_ENDDATE,FINAL_DATE,EDOC_STATUS,EMP_NO,MODIFIER,MODIFY_DATE,USE_YN) values (1065,1124,'기안서 작성 제목입니다22.',to_date('24/12/02','RR/MM/DD'),to_date('24/12/16','RR/MM/DD'),to_date('24/12/02','RR/MM/DD'),'R',1018,null,to_date('24/12/02','RR/MM/DD'),'Y');
Insert into TBL_EDOC (EDOC_NO,SAMPLE_NO,EDOC_TITLE,EDOC_STARTDATE,EDOC_ENDDATE,FINAL_DATE,EDOC_STATUS,EMP_NO,MODIFIER,MODIFY_DATE,USE_YN) values (1066,1122,'기안서 작성 제목입니다23.',to_date('24/12/02','RR/MM/DD'),to_date('24/12/16','RR/MM/DD'),to_date('24/12/02','RR/MM/DD'),'R',1018,null,to_date('24/12/02','RR/MM/DD'),'Y');
Insert into TBL_EDOC (EDOC_NO,SAMPLE_NO,EDOC_TITLE,EDOC_STARTDATE,EDOC_ENDDATE,FINAL_DATE,EDOC_STATUS,EMP_NO,MODIFIER,MODIFY_DATE,USE_YN) values (1067,1127,'기안서 작성 제목입니다24.',to_date('24/12/02','RR/MM/DD'),to_date('24/12/16','RR/MM/DD'),to_date('24/12/02','RR/MM/DD'),'R',1018,null,to_date('24/12/02','RR/MM/DD'),'Y');
Insert into TBL_EDOC (EDOC_NO,SAMPLE_NO,EDOC_TITLE,EDOC_STARTDATE,EDOC_ENDDATE,FINAL_DATE,EDOC_STATUS,EMP_NO,MODIFIER,MODIFY_DATE,USE_YN) values (1068,1126,'기안서 작성 제목입니다25.',to_date('24/12/02','RR/MM/DD'),to_date('24/12/16','RR/MM/DD'),to_date('24/12/02','RR/MM/DD'),'R',1018,null,to_date('24/12/02','RR/MM/DD'),'Y');
Insert into TBL_EDOC (EDOC_NO,SAMPLE_NO,EDOC_TITLE,EDOC_STARTDATE,EDOC_ENDDATE,FINAL_DATE,EDOC_STATUS,EMP_NO,MODIFIER,MODIFY_DATE,USE_YN) values (1069,1125,'기안서 작성 제목입니다26.',to_date('24/12/02','RR/MM/DD'),to_date('24/12/16','RR/MM/DD'),to_date('24/12/02','RR/MM/DD'),'R',1018,null,to_date('24/12/02','RR/MM/DD'),'Y');
Insert into TBL_EDOC (EDOC_NO,SAMPLE_NO,EDOC_TITLE,EDOC_STARTDATE,EDOC_ENDDATE,FINAL_DATE,EDOC_STATUS,EMP_NO,MODIFIER,MODIFY_DATE,USE_YN) values (1070,1126,'기안서 작성 제목입니다27.',to_date('24/12/02','RR/MM/DD'),to_date('24/12/16','RR/MM/DD'),to_date('24/12/02','RR/MM/DD'),'R',1018,null,to_date('24/12/02','RR/MM/DD'),'Y');
Insert into TBL_EDOC (EDOC_NO,SAMPLE_NO,EDOC_TITLE,EDOC_STARTDATE,EDOC_ENDDATE,FINAL_DATE,EDOC_STATUS,EMP_NO,MODIFIER,MODIFY_DATE,USE_YN) values (1071,1128,'기안서 작성 제목입니다28.',to_date('24/12/02','RR/MM/DD'),to_date('24/12/16','RR/MM/DD'),to_date('24/12/02','RR/MM/DD'),'F',1018,null,to_date('24/12/02','RR/MM/DD'),'Y');
Insert into TBL_EDOC (EDOC_NO,SAMPLE_NO,EDOC_TITLE,EDOC_STARTDATE,EDOC_ENDDATE,FINAL_DATE,EDOC_STATUS,EMP_NO,MODIFIER,MODIFY_DATE,USE_YN) values (1072,1128,'기안서 작성 제목입니다29.',to_date('24/12/02','RR/MM/DD'),to_date('24/12/16','RR/MM/DD'),to_date('24/12/02','RR/MM/DD'),'F',1018,null,to_date('24/12/02','RR/MM/DD'),'Y');
Insert into TBL_EDOC (EDOC_NO,SAMPLE_NO,EDOC_TITLE,EDOC_STARTDATE,EDOC_ENDDATE,FINAL_DATE,EDOC_STATUS,EMP_NO,MODIFIER,MODIFY_DATE,USE_YN) values (1073,1128,'기안서 작성 제목입니다30.',to_date('24/12/02','RR/MM/DD'),to_date('24/12/16','RR/MM/DD'),to_date('24/12/02','RR/MM/DD'),'R',1018,null,to_date('24/12/02','RR/MM/DD'),'Y');
Insert into TBL_EDOC (EDOC_NO,SAMPLE_NO,EDOC_TITLE,EDOC_STARTDATE,EDOC_ENDDATE,FINAL_DATE,EDOC_STATUS,EMP_NO,MODIFIER,MODIFY_DATE,USE_YN) values (1074,1122,'기안서 작성 제목입니다31.',to_date('24/12/02','RR/MM/DD'),to_date('24/12/16','RR/MM/DD'),to_date('24/12/02','RR/MM/DD'),'R',1018,null,to_date('24/12/02','RR/MM/DD'),'Y');
Insert into TBL_EDOC (EDOC_NO,SAMPLE_NO,EDOC_TITLE,EDOC_STARTDATE,EDOC_ENDDATE,FINAL_DATE,EDOC_STATUS,EMP_NO,MODIFIER,MODIFY_DATE,USE_YN) values (1075,1128,'기안서 작성 제목입니다32.',to_date('24/12/02','RR/MM/DD'),to_date('24/12/16','RR/MM/DD'),to_date('24/12/02','RR/MM/DD'),'R',1018,null,to_date('24/12/02','RR/MM/DD'),'Y');
Insert into TBL_EDOC (EDOC_NO,SAMPLE_NO,EDOC_TITLE,EDOC_STARTDATE,EDOC_ENDDATE,FINAL_DATE,EDOC_STATUS,EMP_NO,MODIFIER,MODIFY_DATE,USE_YN) values (1076,1124,'기안서 작성 제목입니다33.',to_date('24/12/02','RR/MM/DD'),to_date('24/12/16','RR/MM/DD'),to_date('24/12/02','RR/MM/DD'),'R',1018,null,to_date('24/12/02','RR/MM/DD'),'Y');
Insert into TBL_EDOC (EDOC_NO,SAMPLE_NO,EDOC_TITLE,EDOC_STARTDATE,EDOC_ENDDATE,FINAL_DATE,EDOC_STATUS,EMP_NO,MODIFIER,MODIFY_DATE,USE_YN) values (1077,1126,'기안서 작성 제목입니다34.',to_date('24/12/02','RR/MM/DD'),to_date('24/12/16','RR/MM/DD'),to_date('24/12/02','RR/MM/DD'),'F',1018,null,to_date('24/12/02','RR/MM/DD'),'Y');
Insert into TBL_EDOC (EDOC_NO,SAMPLE_NO,EDOC_TITLE,EDOC_STARTDATE,EDOC_ENDDATE,FINAL_DATE,EDOC_STATUS,EMP_NO,MODIFIER,MODIFY_DATE,USE_YN) values (1078,1126,'기안서 작성 제목입니다35.',to_date('24/12/02','RR/MM/DD'),to_date('24/12/16','RR/MM/DD'),to_date('24/12/02','RR/MM/DD'),'F',1018,null,to_date('24/12/02','RR/MM/DD'),'Y');
Insert into TBL_EDOC (EDOC_NO,SAMPLE_NO,EDOC_TITLE,EDOC_STARTDATE,EDOC_ENDDATE,FINAL_DATE,EDOC_STATUS,EMP_NO,MODIFIER,MODIFY_DATE,USE_YN) values (1079,1123,'기안서 작성 제목입니다36.',to_date('24/12/02','RR/MM/DD'),to_date('24/12/16','RR/MM/DD'),to_date('24/12/02','RR/MM/DD'),'F',1018,null,to_date('24/12/02','RR/MM/DD'),'Y');
Insert into TBL_EDOC (EDOC_NO,SAMPLE_NO,EDOC_TITLE,EDOC_STARTDATE,EDOC_ENDDATE,FINAL_DATE,EDOC_STATUS,EMP_NO,MODIFIER,MODIFY_DATE,USE_YN) values (1080,1126,'기안서 작성 제목입니다37.',to_date('24/12/02','RR/MM/DD'),to_date('24/12/16','RR/MM/DD'),to_date('24/12/02','RR/MM/DD'),'F',1018,null,to_date('24/12/02','RR/MM/DD'),'Y');
Insert into TBL_EDOC (EDOC_NO,SAMPLE_NO,EDOC_TITLE,EDOC_STARTDATE,EDOC_ENDDATE,FINAL_DATE,EDOC_STATUS,EMP_NO,MODIFIER,MODIFY_DATE,USE_YN) values (1081,1125,'기안서 작성 제목입니다38.',to_date('24/12/02','RR/MM/DD'),to_date('24/12/16','RR/MM/DD'),to_date('24/12/02','RR/MM/DD'),'F',1018,null,to_date('24/12/02','RR/MM/DD'),'Y');
Insert into TBL_EDOC (EDOC_NO,SAMPLE_NO,EDOC_TITLE,EDOC_STARTDATE,EDOC_ENDDATE,FINAL_DATE,EDOC_STATUS,EMP_NO,MODIFIER,MODIFY_DATE,USE_YN) values (1082,1126,'기안서 작성 제목입니다39.',to_date('24/12/02','RR/MM/DD'),to_date('24/12/16','RR/MM/DD'),to_date('24/12/02','RR/MM/DD'),'F',1018,null,to_date('24/12/02','RR/MM/DD'),'Y');
Insert into TBL_EDOC (EDOC_NO,SAMPLE_NO,EDOC_TITLE,EDOC_STARTDATE,EDOC_ENDDATE,FINAL_DATE,EDOC_STATUS,EMP_NO,MODIFIER,MODIFY_DATE,USE_YN) values (1083,1122,'기안서 작성 제목입니다40.',to_date('24/12/02','RR/MM/DD'),to_date('24/12/16','RR/MM/DD'),to_date('24/12/02','RR/MM/DD'),'F',1018,null,to_date('24/12/02','RR/MM/DD'),'Y');
Insert into TBL_EDOC (EDOC_NO,SAMPLE_NO,EDOC_TITLE,EDOC_STARTDATE,EDOC_ENDDATE,FINAL_DATE,EDOC_STATUS,EMP_NO,MODIFIER,MODIFY_DATE,USE_YN) values (1084,1130,'ㅁㄴㅇㄻㄴㅇㄻㄴㅇㄹㄴㅁㅇㄻㄴㅇㄹ',to_date('24/12/02','RR/MM/DD'),to_date('24/12/16','RR/MM/DD'),to_date('24/12/02','RR/MM/DD'),'S',1002,null,to_date('24/12/02','RR/MM/DD'),'Y');
Insert into TBL_EDOC (EDOC_NO,SAMPLE_NO,EDOC_TITLE,EDOC_STARTDATE,EDOC_ENDDATE,FINAL_DATE,EDOC_STATUS,EMP_NO,MODIFIER,MODIFY_DATE,USE_YN) values (1085,1130,'재목',to_date('24/12/02','RR/MM/DD'),to_date('24/12/16','RR/MM/DD'),to_date('24/12/02','RR/MM/DD'),'T',1018,null,to_date('24/12/02','RR/MM/DD'),'N');
Insert into TBL_EDOC (EDOC_NO,SAMPLE_NO,EDOC_TITLE,EDOC_STARTDATE,EDOC_ENDDATE,FINAL_DATE,EDOC_STATUS,EMP_NO,MODIFIER,MODIFY_DATE,USE_YN) values (1086,1130,'ㅁㄴㅇㄴㅁㅇㄴㅁ',to_date('24/12/02','RR/MM/DD'),to_date('24/12/16','RR/MM/DD'),to_date('24/12/02','RR/MM/DD'),'T',1018,null,to_date('24/12/02','RR/MM/DD'),'N');
Insert into TBL_EDOC (EDOC_NO,SAMPLE_NO,EDOC_TITLE,EDOC_STARTDATE,EDOC_ENDDATE,FINAL_DATE,EDOC_STATUS,EMP_NO,MODIFIER,MODIFY_DATE,USE_YN) values (1087,1130,'test',to_date('24/12/02','RR/MM/DD'),to_date('24/12/16','RR/MM/DD'),to_date('24/12/02','RR/MM/DD'),'T',1018,null,to_date('24/12/02','RR/MM/DD'),'N');
Insert into TBL_EDOC (EDOC_NO,SAMPLE_NO,EDOC_TITLE,EDOC_STARTDATE,EDOC_ENDDATE,FINAL_DATE,EDOC_STATUS,EMP_NO,MODIFIER,MODIFY_DATE,USE_YN) values (1088,1130,'test',to_date('24/12/02','RR/MM/DD'),to_date('24/12/16','RR/MM/DD'),to_date('24/12/02','RR/MM/DD'),'T',1018,null,to_date('24/12/02','RR/MM/DD'),'N');
Insert into TBL_EDOC (EDOC_NO,SAMPLE_NO,EDOC_TITLE,EDOC_STARTDATE,EDOC_ENDDATE,FINAL_DATE,EDOC_STATUS,EMP_NO,MODIFIER,MODIFY_DATE,USE_YN) values (1089,1130,'test1',to_date('24/12/02','RR/MM/DD'),to_date('24/12/16','RR/MM/DD'),to_date('24/12/02','RR/MM/DD'),'S',1018,null,to_date('24/12/02','RR/MM/DD'),'Y');
Insert into TBL_EDOC (EDOC_NO,SAMPLE_NO,EDOC_TITLE,EDOC_STARTDATE,EDOC_ENDDATE,FINAL_DATE,EDOC_STATUS,EMP_NO,MODIFIER,MODIFY_DATE,USE_YN) values (1090,1130,'test2',to_date('24/12/02','RR/MM/DD'),to_date('24/12/16','RR/MM/DD'),to_date('24/12/02','RR/MM/DD'),'S',1018,null,to_date('24/12/02','RR/MM/DD'),'Y');
Insert into TBL_EDOC (EDOC_NO,SAMPLE_NO,EDOC_TITLE,EDOC_STARTDATE,EDOC_ENDDATE,FINAL_DATE,EDOC_STATUS,EMP_NO,MODIFIER,MODIFY_DATE,USE_YN) values (1091,1130,'test3',to_date('24/12/02','RR/MM/DD'),to_date('24/12/16','RR/MM/DD'),to_date('24/12/02','RR/MM/DD'),'S',1018,null,to_date('24/12/02','RR/MM/DD'),'Y');
Insert into TBL_EDOC (EDOC_NO,SAMPLE_NO,EDOC_TITLE,EDOC_STARTDATE,EDOC_ENDDATE,FINAL_DATE,EDOC_STATUS,EMP_NO,MODIFIER,MODIFY_DATE,USE_YN) values (1092,1130,'test',to_date('24/12/02','RR/MM/DD'),to_date('24/12/16','RR/MM/DD'),to_date('24/12/02','RR/MM/DD'),'T',1018,null,to_date('24/12/02','RR/MM/DD'),'N');
Insert into TBL_EDOC (EDOC_NO,SAMPLE_NO,EDOC_TITLE,EDOC_STARTDATE,EDOC_ENDDATE,FINAL_DATE,EDOC_STATUS,EMP_NO,MODIFIER,MODIFY_DATE,USE_YN) values (1093,1130,'test4',to_date('24/12/02','RR/MM/DD'),to_date('24/12/16','RR/MM/DD'),to_date('24/12/02','RR/MM/DD'),'R',1018,null,to_date('24/12/02','RR/MM/DD'),'Y');
Insert into TBL_EDOC (EDOC_NO,SAMPLE_NO,EDOC_TITLE,EDOC_STARTDATE,EDOC_ENDDATE,FINAL_DATE,EDOC_STATUS,EMP_NO,MODIFIER,MODIFY_DATE,USE_YN) values (1094,1130,'test',to_date('24/12/03','RR/MM/DD'),to_date('24/12/17','RR/MM/DD'),to_date('24/12/03','RR/MM/DD'),'T',1018,null,to_date('24/12/03','RR/MM/DD'),'N');
Insert into TBL_EDOC (EDOC_NO,SAMPLE_NO,EDOC_TITLE,EDOC_STARTDATE,EDOC_ENDDATE,FINAL_DATE,EDOC_STATUS,EMP_NO,MODIFIER,MODIFY_DATE,USE_YN) values (1095,1130,'test',to_date('24/12/03','RR/MM/DD'),to_date('24/12/17','RR/MM/DD'),to_date('24/12/03','RR/MM/DD'),'T',1018,null,to_date('24/12/03','RR/MM/DD'),'N');
Insert into TBL_EDOC (EDOC_NO,SAMPLE_NO,EDOC_TITLE,EDOC_STARTDATE,EDOC_ENDDATE,FINAL_DATE,EDOC_STATUS,EMP_NO,MODIFIER,MODIFY_DATE,USE_YN) values (1096,1130,'test',to_date('24/12/03','RR/MM/DD'),to_date('24/12/17','RR/MM/DD'),to_date('24/12/03','RR/MM/DD'),'T',1018,null,to_date('24/12/03','RR/MM/DD'),'N');
Insert into TBL_EDOC (EDOC_NO,SAMPLE_NO,EDOC_TITLE,EDOC_STARTDATE,EDOC_ENDDATE,FINAL_DATE,EDOC_STATUS,EMP_NO,MODIFIER,MODIFY_DATE,USE_YN) values (1097,1130,'tset',to_date('24/12/03','RR/MM/DD'),to_date('24/12/17','RR/MM/DD'),to_date('24/12/03','RR/MM/DD'),'T',1018,null,to_date('24/12/03','RR/MM/DD'),'N');
Insert into TBL_EDOC (EDOC_NO,SAMPLE_NO,EDOC_TITLE,EDOC_STARTDATE,EDOC_ENDDATE,FINAL_DATE,EDOC_STATUS,EMP_NO,MODIFIER,MODIFY_DATE,USE_YN) values (1098,1130,'test5',to_date('24/12/03','RR/MM/DD'),to_date('24/12/17','RR/MM/DD'),to_date('24/12/03','RR/MM/DD'),'F',1018,null,to_date('24/12/03','RR/MM/DD'),'Y');
Insert into TBL_EDOC (EDOC_NO,SAMPLE_NO,EDOC_TITLE,EDOC_STARTDATE,EDOC_ENDDATE,FINAL_DATE,EDOC_STATUS,EMP_NO,MODIFIER,MODIFY_DATE,USE_YN) values (1099,1130,'tset',to_date('24/12/03','RR/MM/DD'),to_date('24/12/17','RR/MM/DD'),to_date('24/12/03','RR/MM/DD'),'T',1018,null,to_date('24/12/03','RR/MM/DD'),'N');
Insert into TBL_EDOC (EDOC_NO,SAMPLE_NO,EDOC_TITLE,EDOC_STARTDATE,EDOC_ENDDATE,FINAL_DATE,EDOC_STATUS,EMP_NO,MODIFIER,MODIFY_DATE,USE_YN) values (1100,1130,'test',to_date('24/12/03','RR/MM/DD'),to_date('24/12/17','RR/MM/DD'),to_date('24/12/03','RR/MM/DD'),'R',1018,null,to_date('24/12/03','RR/MM/DD'),'Y');
Insert into TBL_EDOC (EDOC_NO,SAMPLE_NO,EDOC_TITLE,EDOC_STARTDATE,EDOC_ENDDATE,FINAL_DATE,EDOC_STATUS,EMP_NO,MODIFIER,MODIFY_DATE,USE_YN) values (1101,1138,'tset',to_date('24/12/03','RR/MM/DD'),to_date('24/12/17','RR/MM/DD'),to_date('24/12/03','RR/MM/DD'),'F',1018,null,to_date('24/12/03','RR/MM/DD'),'Y');
Insert into TBL_EDOC (EDOC_NO,SAMPLE_NO,EDOC_TITLE,EDOC_STARTDATE,EDOC_ENDDATE,FINAL_DATE,EDOC_STATUS,EMP_NO,MODIFIER,MODIFY_DATE,USE_YN) values (1102,1130,'teset',to_date('24/12/03','RR/MM/DD'),to_date('24/12/17','RR/MM/DD'),to_date('24/12/03','RR/MM/DD'),'T',1018,null,to_date('24/12/03','RR/MM/DD'),'N');
REM INSERTING into TBL_EDOC_APPROVAL
SET DEFINE OFF;
Insert into TBL_EDOC_APPROVAL (APRVL_NO,APRVL_EDOC_NO,APRVL_RANK,APRVL_STATUS,APRVL_COMMENT,APRVL_DATE,EMP_NO) values (1057,1035,'1','N',null,to_date('24/12/01','RR/MM/DD'),1008);
Insert into TBL_EDOC_APPROVAL (APRVL_NO,APRVL_EDOC_NO,APRVL_RANK,APRVL_STATUS,APRVL_COMMENT,APRVL_DATE,EMP_NO) values (1058,1035,'2','W',null,to_date('24/12/01','RR/MM/DD'),1001);
Insert into TBL_EDOC_APPROVAL (APRVL_NO,APRVL_EDOC_NO,APRVL_RANK,APRVL_STATUS,APRVL_COMMENT,APRVL_DATE,EMP_NO) values (1059,1036,'1','N',null,to_date('24/12/01','RR/MM/DD'),1008);
Insert into TBL_EDOC_APPROVAL (APRVL_NO,APRVL_EDOC_NO,APRVL_RANK,APRVL_STATUS,APRVL_COMMENT,APRVL_DATE,EMP_NO) values (1060,1036,'2','W',null,to_date('24/12/01','RR/MM/DD'),1001);
Insert into TBL_EDOC_APPROVAL (APRVL_NO,APRVL_EDOC_NO,APRVL_RANK,APRVL_STATUS,APRVL_COMMENT,APRVL_DATE,EMP_NO) values (1061,1037,'1','N',null,to_date('24/12/01','RR/MM/DD'),1008);
Insert into TBL_EDOC_APPROVAL (APRVL_NO,APRVL_EDOC_NO,APRVL_RANK,APRVL_STATUS,APRVL_COMMENT,APRVL_DATE,EMP_NO) values (1062,1037,'2','W',null,to_date('24/12/01','RR/MM/DD'),1001);
Insert into TBL_EDOC_APPROVAL (APRVL_NO,APRVL_EDOC_NO,APRVL_RANK,APRVL_STATUS,APRVL_COMMENT,APRVL_DATE,EMP_NO) values (1063,1038,'1','N',null,to_date('24/12/01','RR/MM/DD'),1008);
Insert into TBL_EDOC_APPROVAL (APRVL_NO,APRVL_EDOC_NO,APRVL_RANK,APRVL_STATUS,APRVL_COMMENT,APRVL_DATE,EMP_NO) values (1064,1038,'2','W',null,to_date('24/12/01','RR/MM/DD'),1001);
Insert into TBL_EDOC_APPROVAL (APRVL_NO,APRVL_EDOC_NO,APRVL_RANK,APRVL_STATUS,APRVL_COMMENT,APRVL_DATE,EMP_NO) values (1065,1039,'1','R','ㅁㄴㅇㅁㄴㅇ',to_date('24/12/01','RR/MM/DD'),1008);
Insert into TBL_EDOC_APPROVAL (APRVL_NO,APRVL_EDOC_NO,APRVL_RANK,APRVL_STATUS,APRVL_COMMENT,APRVL_DATE,EMP_NO) values (1055,1034,'1','N',null,to_date('24/12/01','RR/MM/DD'),1008);
Insert into TBL_EDOC_APPROVAL (APRVL_NO,APRVL_EDOC_NO,APRVL_RANK,APRVL_STATUS,APRVL_COMMENT,APRVL_DATE,EMP_NO) values (1056,1034,'2','W',null,to_date('24/12/01','RR/MM/DD'),1001);
Insert into TBL_EDOC_APPROVAL (APRVL_NO,APRVL_EDOC_NO,APRVL_RANK,APRVL_STATUS,APRVL_COMMENT,APRVL_DATE,EMP_NO) values (1066,1039,'2',null,null,to_date('24/12/01','RR/MM/DD'),1001);
Insert into TBL_EDOC_APPROVAL (APRVL_NO,APRVL_EDOC_NO,APRVL_RANK,APRVL_STATUS,APRVL_COMMENT,APRVL_DATE,EMP_NO) values (1067,1040,'1',null,null,to_date('24/12/01','RR/MM/DD'),1008);
Insert into TBL_EDOC_APPROVAL (APRVL_NO,APRVL_EDOC_NO,APRVL_RANK,APRVL_STATUS,APRVL_COMMENT,APRVL_DATE,EMP_NO) values (1068,1040,'2',null,null,to_date('24/12/01','RR/MM/DD'),1001);
Insert into TBL_EDOC_APPROVAL (APRVL_NO,APRVL_EDOC_NO,APRVL_RANK,APRVL_STATUS,APRVL_COMMENT,APRVL_DATE,EMP_NO) values (1069,1041,'1',null,null,to_date('24/12/02','RR/MM/DD'),1027);
Insert into TBL_EDOC_APPROVAL (APRVL_NO,APRVL_EDOC_NO,APRVL_RANK,APRVL_STATUS,APRVL_COMMENT,APRVL_DATE,EMP_NO) values (1070,1041,'2',null,null,to_date('24/12/02','RR/MM/DD'),1008);
Insert into TBL_EDOC_APPROVAL (APRVL_NO,APRVL_EDOC_NO,APRVL_RANK,APRVL_STATUS,APRVL_COMMENT,APRVL_DATE,EMP_NO) values (1071,1042,'1',null,null,to_date('24/12/02','RR/MM/DD'),1008);
Insert into TBL_EDOC_APPROVAL (APRVL_NO,APRVL_EDOC_NO,APRVL_RANK,APRVL_STATUS,APRVL_COMMENT,APRVL_DATE,EMP_NO) values (1072,1042,'2',null,null,to_date('24/12/02','RR/MM/DD'),1001);
Insert into TBL_EDOC_APPROVAL (APRVL_NO,APRVL_EDOC_NO,APRVL_RANK,APRVL_STATUS,APRVL_COMMENT,APRVL_DATE,EMP_NO) values (1073,1043,'1',null,null,to_date('24/12/02','RR/MM/DD'),1008);
Insert into TBL_EDOC_APPROVAL (APRVL_NO,APRVL_EDOC_NO,APRVL_RANK,APRVL_STATUS,APRVL_COMMENT,APRVL_DATE,EMP_NO) values (1074,1043,'2',null,null,to_date('24/12/02','RR/MM/DD'),1001);
Insert into TBL_EDOC_APPROVAL (APRVL_NO,APRVL_EDOC_NO,APRVL_RANK,APRVL_STATUS,APRVL_COMMENT,APRVL_DATE,EMP_NO) values (1075,1044,'1',null,null,to_date('24/12/02','RR/MM/DD'),1008);
Insert into TBL_EDOC_APPROVAL (APRVL_NO,APRVL_EDOC_NO,APRVL_RANK,APRVL_STATUS,APRVL_COMMENT,APRVL_DATE,EMP_NO) values (1076,1044,'2',null,null,to_date('24/12/02','RR/MM/DD'),1001);
Insert into TBL_EDOC_APPROVAL (APRVL_NO,APRVL_EDOC_NO,APRVL_RANK,APRVL_STATUS,APRVL_COMMENT,APRVL_DATE,EMP_NO) values (1077,1045,'1',null,null,to_date('24/12/02','RR/MM/DD'),1008);
Insert into TBL_EDOC_APPROVAL (APRVL_NO,APRVL_EDOC_NO,APRVL_RANK,APRVL_STATUS,APRVL_COMMENT,APRVL_DATE,EMP_NO) values (1078,1045,'2',null,null,to_date('24/12/02','RR/MM/DD'),1001);
Insert into TBL_EDOC_APPROVAL (APRVL_NO,APRVL_EDOC_NO,APRVL_RANK,APRVL_STATUS,APRVL_COMMENT,APRVL_DATE,EMP_NO) values (1079,1046,'1',null,null,to_date('24/12/02','RR/MM/DD'),1008);
Insert into TBL_EDOC_APPROVAL (APRVL_NO,APRVL_EDOC_NO,APRVL_RANK,APRVL_STATUS,APRVL_COMMENT,APRVL_DATE,EMP_NO) values (1080,1046,'2',null,null,to_date('24/12/02','RR/MM/DD'),1001);
Insert into TBL_EDOC_APPROVAL (APRVL_NO,APRVL_EDOC_NO,APRVL_RANK,APRVL_STATUS,APRVL_COMMENT,APRVL_DATE,EMP_NO) values (1081,1047,'1',null,null,to_date('24/12/02','RR/MM/DD'),1008);
Insert into TBL_EDOC_APPROVAL (APRVL_NO,APRVL_EDOC_NO,APRVL_RANK,APRVL_STATUS,APRVL_COMMENT,APRVL_DATE,EMP_NO) values (1082,1047,'2',null,null,to_date('24/12/02','RR/MM/DD'),1001);
Insert into TBL_EDOC_APPROVAL (APRVL_NO,APRVL_EDOC_NO,APRVL_RANK,APRVL_STATUS,APRVL_COMMENT,APRVL_DATE,EMP_NO) values (1083,1048,'1',null,null,to_date('24/12/02','RR/MM/DD'),1008);
Insert into TBL_EDOC_APPROVAL (APRVL_NO,APRVL_EDOC_NO,APRVL_RANK,APRVL_STATUS,APRVL_COMMENT,APRVL_DATE,EMP_NO) values (1084,1048,'2',null,null,to_date('24/12/02','RR/MM/DD'),1001);
Insert into TBL_EDOC_APPROVAL (APRVL_NO,APRVL_EDOC_NO,APRVL_RANK,APRVL_STATUS,APRVL_COMMENT,APRVL_DATE,EMP_NO) values (1085,1049,'1',null,null,to_date('24/12/02','RR/MM/DD'),1008);
Insert into TBL_EDOC_APPROVAL (APRVL_NO,APRVL_EDOC_NO,APRVL_RANK,APRVL_STATUS,APRVL_COMMENT,APRVL_DATE,EMP_NO) values (1086,1049,'2',null,null,to_date('24/12/02','RR/MM/DD'),1001);
Insert into TBL_EDOC_APPROVAL (APRVL_NO,APRVL_EDOC_NO,APRVL_RANK,APRVL_STATUS,APRVL_COMMENT,APRVL_DATE,EMP_NO) values (1087,1050,'1','N',null,to_date('24/12/02','RR/MM/DD'),1008);
Insert into TBL_EDOC_APPROVAL (APRVL_NO,APRVL_EDOC_NO,APRVL_RANK,APRVL_STATUS,APRVL_COMMENT,APRVL_DATE,EMP_NO) values (1088,1050,'2','W',null,to_date('24/12/02','RR/MM/DD'),1001);
Insert into TBL_EDOC_APPROVAL (APRVL_NO,APRVL_EDOC_NO,APRVL_RANK,APRVL_STATUS,APRVL_COMMENT,APRVL_DATE,EMP_NO) values (1089,1051,'1','Y',null,to_date('24/12/02','RR/MM/DD'),1008);
Insert into TBL_EDOC_APPROVAL (APRVL_NO,APRVL_EDOC_NO,APRVL_RANK,APRVL_STATUS,APRVL_COMMENT,APRVL_DATE,EMP_NO) values (1090,1051,'2','N',null,to_date('24/12/02','RR/MM/DD'),1001);
Insert into TBL_EDOC_APPROVAL (APRVL_NO,APRVL_EDOC_NO,APRVL_RANK,APRVL_STATUS,APRVL_COMMENT,APRVL_DATE,EMP_NO) values (1091,1052,'1','R','qksdu====반려사유',to_date('24/12/02','RR/MM/DD'),1008);
Insert into TBL_EDOC_APPROVAL (APRVL_NO,APRVL_EDOC_NO,APRVL_RANK,APRVL_STATUS,APRVL_COMMENT,APRVL_DATE,EMP_NO) values (1092,1052,'2',null,null,to_date('24/12/02','RR/MM/DD'),1001);
Insert into TBL_EDOC_APPROVAL (APRVL_NO,APRVL_EDOC_NO,APRVL_RANK,APRVL_STATUS,APRVL_COMMENT,APRVL_DATE,EMP_NO) values (1093,1053,'1','Y',null,to_date('24/12/02','RR/MM/DD'),1008);
Insert into TBL_EDOC_APPROVAL (APRVL_NO,APRVL_EDOC_NO,APRVL_RANK,APRVL_STATUS,APRVL_COMMENT,APRVL_DATE,EMP_NO) values (1094,1053,'2','N',null,to_date('24/12/02','RR/MM/DD'),1001);
Insert into TBL_EDOC_APPROVAL (APRVL_NO,APRVL_EDOC_NO,APRVL_RANK,APRVL_STATUS,APRVL_COMMENT,APRVL_DATE,EMP_NO) values (1095,1054,'1','Y',null,to_date('24/12/02','RR/MM/DD'),1008);
Insert into TBL_EDOC_APPROVAL (APRVL_NO,APRVL_EDOC_NO,APRVL_RANK,APRVL_STATUS,APRVL_COMMENT,APRVL_DATE,EMP_NO) values (1096,1054,'2','N',null,to_date('24/12/02','RR/MM/DD'),1001);
Insert into TBL_EDOC_APPROVAL (APRVL_NO,APRVL_EDOC_NO,APRVL_RANK,APRVL_STATUS,APRVL_COMMENT,APRVL_DATE,EMP_NO) values (1097,1055,'1','Y',null,to_date('24/12/02','RR/MM/DD'),1008);
Insert into TBL_EDOC_APPROVAL (APRVL_NO,APRVL_EDOC_NO,APRVL_RANK,APRVL_STATUS,APRVL_COMMENT,APRVL_DATE,EMP_NO) values (1098,1055,'2','N',null,to_date('24/12/02','RR/MM/DD'),1001);
Insert into TBL_EDOC_APPROVAL (APRVL_NO,APRVL_EDOC_NO,APRVL_RANK,APRVL_STATUS,APRVL_COMMENT,APRVL_DATE,EMP_NO) values (1099,1056,'1','Y',null,to_date('24/12/02','RR/MM/DD'),1008);
Insert into TBL_EDOC_APPROVAL (APRVL_NO,APRVL_EDOC_NO,APRVL_RANK,APRVL_STATUS,APRVL_COMMENT,APRVL_DATE,EMP_NO) values (1100,1056,'2','N',null,to_date('24/12/02','RR/MM/DD'),1001);
Insert into TBL_EDOC_APPROVAL (APRVL_NO,APRVL_EDOC_NO,APRVL_RANK,APRVL_STATUS,APRVL_COMMENT,APRVL_DATE,EMP_NO) values (1101,1057,'1','Y',null,to_date('24/12/02','RR/MM/DD'),1008);
Insert into TBL_EDOC_APPROVAL (APRVL_NO,APRVL_EDOC_NO,APRVL_RANK,APRVL_STATUS,APRVL_COMMENT,APRVL_DATE,EMP_NO) values (1102,1057,'2','N',null,to_date('24/12/02','RR/MM/DD'),1001);
Insert into TBL_EDOC_APPROVAL (APRVL_NO,APRVL_EDOC_NO,APRVL_RANK,APRVL_STATUS,APRVL_COMMENT,APRVL_DATE,EMP_NO) values (1103,1058,'1','Y',null,to_date('24/12/02','RR/MM/DD'),1008);
Insert into TBL_EDOC_APPROVAL (APRVL_NO,APRVL_EDOC_NO,APRVL_RANK,APRVL_STATUS,APRVL_COMMENT,APRVL_DATE,EMP_NO) values (1104,1058,'2','N',null,to_date('24/12/02','RR/MM/DD'),1001);
Insert into TBL_EDOC_APPROVAL (APRVL_NO,APRVL_EDOC_NO,APRVL_RANK,APRVL_STATUS,APRVL_COMMENT,APRVL_DATE,EMP_NO) values (1105,1059,'1','Y',null,to_date('24/12/02','RR/MM/DD'),1008);
Insert into TBL_EDOC_APPROVAL (APRVL_NO,APRVL_EDOC_NO,APRVL_RANK,APRVL_STATUS,APRVL_COMMENT,APRVL_DATE,EMP_NO) values (1106,1059,'2','N',null,to_date('24/12/02','RR/MM/DD'),1001);
Insert into TBL_EDOC_APPROVAL (APRVL_NO,APRVL_EDOC_NO,APRVL_RANK,APRVL_STATUS,APRVL_COMMENT,APRVL_DATE,EMP_NO) values (1107,1060,'1','Y',null,to_date('24/12/02','RR/MM/DD'),1008);
Insert into TBL_EDOC_APPROVAL (APRVL_NO,APRVL_EDOC_NO,APRVL_RANK,APRVL_STATUS,APRVL_COMMENT,APRVL_DATE,EMP_NO) values (1108,1060,'2','N',null,to_date('24/12/02','RR/MM/DD'),1001);
Insert into TBL_EDOC_APPROVAL (APRVL_NO,APRVL_EDOC_NO,APRVL_RANK,APRVL_STATUS,APRVL_COMMENT,APRVL_DATE,EMP_NO) values (1109,1061,'1','Y',null,to_date('24/12/02','RR/MM/DD'),1008);
Insert into TBL_EDOC_APPROVAL (APRVL_NO,APRVL_EDOC_NO,APRVL_RANK,APRVL_STATUS,APRVL_COMMENT,APRVL_DATE,EMP_NO) values (1110,1061,'2','N',null,to_date('24/12/02','RR/MM/DD'),1001);
Insert into TBL_EDOC_APPROVAL (APRVL_NO,APRVL_EDOC_NO,APRVL_RANK,APRVL_STATUS,APRVL_COMMENT,APRVL_DATE,EMP_NO) values (1111,1062,'1','Y',null,to_date('24/12/02','RR/MM/DD'),1008);
Insert into TBL_EDOC_APPROVAL (APRVL_NO,APRVL_EDOC_NO,APRVL_RANK,APRVL_STATUS,APRVL_COMMENT,APRVL_DATE,EMP_NO) values (1112,1062,'2','N',null,to_date('24/12/02','RR/MM/DD'),1001);
Insert into TBL_EDOC_APPROVAL (APRVL_NO,APRVL_EDOC_NO,APRVL_RANK,APRVL_STATUS,APRVL_COMMENT,APRVL_DATE,EMP_NO) values (1113,1063,'1','R','반려입니다.',to_date('24/12/02','RR/MM/DD'),1008);
Insert into TBL_EDOC_APPROVAL (APRVL_NO,APRVL_EDOC_NO,APRVL_RANK,APRVL_STATUS,APRVL_COMMENT,APRVL_DATE,EMP_NO) values (1114,1063,'2',null,null,to_date('24/12/02','RR/MM/DD'),1001);
Insert into TBL_EDOC_APPROVAL (APRVL_NO,APRVL_EDOC_NO,APRVL_RANK,APRVL_STATUS,APRVL_COMMENT,APRVL_DATE,EMP_NO) values (1115,1064,'1','R','반려입니다.',to_date('24/12/02','RR/MM/DD'),1008);
Insert into TBL_EDOC_APPROVAL (APRVL_NO,APRVL_EDOC_NO,APRVL_RANK,APRVL_STATUS,APRVL_COMMENT,APRVL_DATE,EMP_NO) values (1116,1064,'2',null,null,to_date('24/12/02','RR/MM/DD'),1001);
Insert into TBL_EDOC_APPROVAL (APRVL_NO,APRVL_EDOC_NO,APRVL_RANK,APRVL_STATUS,APRVL_COMMENT,APRVL_DATE,EMP_NO) values (1117,1065,'1','R','반려입니다.',to_date('24/12/02','RR/MM/DD'),1008);
Insert into TBL_EDOC_APPROVAL (APRVL_NO,APRVL_EDOC_NO,APRVL_RANK,APRVL_STATUS,APRVL_COMMENT,APRVL_DATE,EMP_NO) values (1118,1065,'2',null,null,to_date('24/12/02','RR/MM/DD'),1001);
Insert into TBL_EDOC_APPROVAL (APRVL_NO,APRVL_EDOC_NO,APRVL_RANK,APRVL_STATUS,APRVL_COMMENT,APRVL_DATE,EMP_NO) values (1119,1066,'1','R','반려입니다.',to_date('24/12/02','RR/MM/DD'),1008);
Insert into TBL_EDOC_APPROVAL (APRVL_NO,APRVL_EDOC_NO,APRVL_RANK,APRVL_STATUS,APRVL_COMMENT,APRVL_DATE,EMP_NO) values (1120,1066,'2',null,null,to_date('24/12/02','RR/MM/DD'),1001);
Insert into TBL_EDOC_APPROVAL (APRVL_NO,APRVL_EDOC_NO,APRVL_RANK,APRVL_STATUS,APRVL_COMMENT,APRVL_DATE,EMP_NO) values (1121,1067,'1','R','반려입니다.',to_date('24/12/02','RR/MM/DD'),1008);
Insert into TBL_EDOC_APPROVAL (APRVL_NO,APRVL_EDOC_NO,APRVL_RANK,APRVL_STATUS,APRVL_COMMENT,APRVL_DATE,EMP_NO) values (1122,1067,'2',null,null,to_date('24/12/02','RR/MM/DD'),1001);
Insert into TBL_EDOC_APPROVAL (APRVL_NO,APRVL_EDOC_NO,APRVL_RANK,APRVL_STATUS,APRVL_COMMENT,APRVL_DATE,EMP_NO) values (1123,1068,'1','R','반려입니다.',to_date('24/12/02','RR/MM/DD'),1008);
Insert into TBL_EDOC_APPROVAL (APRVL_NO,APRVL_EDOC_NO,APRVL_RANK,APRVL_STATUS,APRVL_COMMENT,APRVL_DATE,EMP_NO) values (1124,1068,'2',null,null,to_date('24/12/02','RR/MM/DD'),1001);
Insert into TBL_EDOC_APPROVAL (APRVL_NO,APRVL_EDOC_NO,APRVL_RANK,APRVL_STATUS,APRVL_COMMENT,APRVL_DATE,EMP_NO) values (1125,1069,'1','R','반려입니다.',to_date('24/12/02','RR/MM/DD'),1008);
Insert into TBL_EDOC_APPROVAL (APRVL_NO,APRVL_EDOC_NO,APRVL_RANK,APRVL_STATUS,APRVL_COMMENT,APRVL_DATE,EMP_NO) values (1126,1069,'2',null,null,to_date('24/12/02','RR/MM/DD'),1001);
Insert into TBL_EDOC_APPROVAL (APRVL_NO,APRVL_EDOC_NO,APRVL_RANK,APRVL_STATUS,APRVL_COMMENT,APRVL_DATE,EMP_NO) values (1127,1070,'1','R','반려입니다.',to_date('24/12/02','RR/MM/DD'),1008);
Insert into TBL_EDOC_APPROVAL (APRVL_NO,APRVL_EDOC_NO,APRVL_RANK,APRVL_STATUS,APRVL_COMMENT,APRVL_DATE,EMP_NO) values (1128,1070,'2',null,null,to_date('24/12/02','RR/MM/DD'),1001);
Insert into TBL_EDOC_APPROVAL (APRVL_NO,APRVL_EDOC_NO,APRVL_RANK,APRVL_STATUS,APRVL_COMMENT,APRVL_DATE,EMP_NO) values (1129,1071,'1','Y',null,to_date('24/12/02','RR/MM/DD'),1008);
Insert into TBL_EDOC_APPROVAL (APRVL_NO,APRVL_EDOC_NO,APRVL_RANK,APRVL_STATUS,APRVL_COMMENT,APRVL_DATE,EMP_NO) values (1130,1071,'2','Y',null,to_date('24/12/02','RR/MM/DD'),1001);
Insert into TBL_EDOC_APPROVAL (APRVL_NO,APRVL_EDOC_NO,APRVL_RANK,APRVL_STATUS,APRVL_COMMENT,APRVL_DATE,EMP_NO) values (1131,1072,'1','Y',null,to_date('24/12/02','RR/MM/DD'),1008);
Insert into TBL_EDOC_APPROVAL (APRVL_NO,APRVL_EDOC_NO,APRVL_RANK,APRVL_STATUS,APRVL_COMMENT,APRVL_DATE,EMP_NO) values (1132,1072,'2','Y',null,to_date('24/12/02','RR/MM/DD'),1001);
Insert into TBL_EDOC_APPROVAL (APRVL_NO,APRVL_EDOC_NO,APRVL_RANK,APRVL_STATUS,APRVL_COMMENT,APRVL_DATE,EMP_NO) values (1133,1073,'1','Y','반려입니다.',to_date('24/12/02','RR/MM/DD'),1008);
Insert into TBL_EDOC_APPROVAL (APRVL_NO,APRVL_EDOC_NO,APRVL_RANK,APRVL_STATUS,APRVL_COMMENT,APRVL_DATE,EMP_NO) values (1134,1073,'2','R',null,to_date('24/12/02','RR/MM/DD'),1001);
Insert into TBL_EDOC_APPROVAL (APRVL_NO,APRVL_EDOC_NO,APRVL_RANK,APRVL_STATUS,APRVL_COMMENT,APRVL_DATE,EMP_NO) values (1135,1074,'1','Y','반려입니다.',to_date('24/12/02','RR/MM/DD'),1008);
Insert into TBL_EDOC_APPROVAL (APRVL_NO,APRVL_EDOC_NO,APRVL_RANK,APRVL_STATUS,APRVL_COMMENT,APRVL_DATE,EMP_NO) values (1136,1074,'2','R',null,to_date('24/12/02','RR/MM/DD'),1001);
Insert into TBL_EDOC_APPROVAL (APRVL_NO,APRVL_EDOC_NO,APRVL_RANK,APRVL_STATUS,APRVL_COMMENT,APRVL_DATE,EMP_NO) values (1137,1075,'1','Y','반려입니다.',to_date('24/12/02','RR/MM/DD'),1008);
Insert into TBL_EDOC_APPROVAL (APRVL_NO,APRVL_EDOC_NO,APRVL_RANK,APRVL_STATUS,APRVL_COMMENT,APRVL_DATE,EMP_NO) values (1138,1075,'2','R',null,to_date('24/12/02','RR/MM/DD'),1001);
Insert into TBL_EDOC_APPROVAL (APRVL_NO,APRVL_EDOC_NO,APRVL_RANK,APRVL_STATUS,APRVL_COMMENT,APRVL_DATE,EMP_NO) values (1139,1076,'1','Y','반려입니다.',to_date('24/12/02','RR/MM/DD'),1008);
Insert into TBL_EDOC_APPROVAL (APRVL_NO,APRVL_EDOC_NO,APRVL_RANK,APRVL_STATUS,APRVL_COMMENT,APRVL_DATE,EMP_NO) values (1140,1076,'2','R',null,to_date('24/12/02','RR/MM/DD'),1001);
Insert into TBL_EDOC_APPROVAL (APRVL_NO,APRVL_EDOC_NO,APRVL_RANK,APRVL_STATUS,APRVL_COMMENT,APRVL_DATE,EMP_NO) values (1141,1077,'1','Y',null,to_date('24/12/02','RR/MM/DD'),1008);
Insert into TBL_EDOC_APPROVAL (APRVL_NO,APRVL_EDOC_NO,APRVL_RANK,APRVL_STATUS,APRVL_COMMENT,APRVL_DATE,EMP_NO) values (1142,1077,'2','Y',null,to_date('24/12/02','RR/MM/DD'),1001);
Insert into TBL_EDOC_APPROVAL (APRVL_NO,APRVL_EDOC_NO,APRVL_RANK,APRVL_STATUS,APRVL_COMMENT,APRVL_DATE,EMP_NO) values (1143,1078,'1','Y',null,to_date('24/12/02','RR/MM/DD'),1008);
Insert into TBL_EDOC_APPROVAL (APRVL_NO,APRVL_EDOC_NO,APRVL_RANK,APRVL_STATUS,APRVL_COMMENT,APRVL_DATE,EMP_NO) values (1144,1078,'2','Y',null,to_date('24/12/02','RR/MM/DD'),1001);
Insert into TBL_EDOC_APPROVAL (APRVL_NO,APRVL_EDOC_NO,APRVL_RANK,APRVL_STATUS,APRVL_COMMENT,APRVL_DATE,EMP_NO) values (1145,1079,'1','Y',null,to_date('24/12/02','RR/MM/DD'),1008);
Insert into TBL_EDOC_APPROVAL (APRVL_NO,APRVL_EDOC_NO,APRVL_RANK,APRVL_STATUS,APRVL_COMMENT,APRVL_DATE,EMP_NO) values (1146,1079,'2','Y',null,to_date('24/12/02','RR/MM/DD'),1001);
Insert into TBL_EDOC_APPROVAL (APRVL_NO,APRVL_EDOC_NO,APRVL_RANK,APRVL_STATUS,APRVL_COMMENT,APRVL_DATE,EMP_NO) values (1147,1080,'1','Y',null,to_date('24/12/02','RR/MM/DD'),1008);
Insert into TBL_EDOC_APPROVAL (APRVL_NO,APRVL_EDOC_NO,APRVL_RANK,APRVL_STATUS,APRVL_COMMENT,APRVL_DATE,EMP_NO) values (1148,1080,'2','Y',null,to_date('24/12/02','RR/MM/DD'),1001);
Insert into TBL_EDOC_APPROVAL (APRVL_NO,APRVL_EDOC_NO,APRVL_RANK,APRVL_STATUS,APRVL_COMMENT,APRVL_DATE,EMP_NO) values (1149,1081,'1','Y',null,to_date('24/12/02','RR/MM/DD'),1008);
Insert into TBL_EDOC_APPROVAL (APRVL_NO,APRVL_EDOC_NO,APRVL_RANK,APRVL_STATUS,APRVL_COMMENT,APRVL_DATE,EMP_NO) values (1150,1081,'2','Y',null,to_date('24/12/02','RR/MM/DD'),1001);
Insert into TBL_EDOC_APPROVAL (APRVL_NO,APRVL_EDOC_NO,APRVL_RANK,APRVL_STATUS,APRVL_COMMENT,APRVL_DATE,EMP_NO) values (1151,1082,'1','Y',null,to_date('24/12/02','RR/MM/DD'),1008);
Insert into TBL_EDOC_APPROVAL (APRVL_NO,APRVL_EDOC_NO,APRVL_RANK,APRVL_STATUS,APRVL_COMMENT,APRVL_DATE,EMP_NO) values (1152,1082,'2','Y',null,to_date('24/12/02','RR/MM/DD'),1001);
Insert into TBL_EDOC_APPROVAL (APRVL_NO,APRVL_EDOC_NO,APRVL_RANK,APRVL_STATUS,APRVL_COMMENT,APRVL_DATE,EMP_NO) values (1153,1083,'1','Y',null,to_date('24/12/02','RR/MM/DD'),1008);
Insert into TBL_EDOC_APPROVAL (APRVL_NO,APRVL_EDOC_NO,APRVL_RANK,APRVL_STATUS,APRVL_COMMENT,APRVL_DATE,EMP_NO) values (1154,1083,'2','Y',null,to_date('24/12/02','RR/MM/DD'),1001);
Insert into TBL_EDOC_APPROVAL (APRVL_NO,APRVL_EDOC_NO,APRVL_RANK,APRVL_STATUS,APRVL_COMMENT,APRVL_DATE,EMP_NO) values (1155,1084,'1','N',null,to_date('24/12/02','RR/MM/DD'),1014);
Insert into TBL_EDOC_APPROVAL (APRVL_NO,APRVL_EDOC_NO,APRVL_RANK,APRVL_STATUS,APRVL_COMMENT,APRVL_DATE,EMP_NO) values (1156,1084,'2','W',null,to_date('24/12/02','RR/MM/DD'),1004);
Insert into TBL_EDOC_APPROVAL (APRVL_NO,APRVL_EDOC_NO,APRVL_RANK,APRVL_STATUS,APRVL_COMMENT,APRVL_DATE,EMP_NO) values (1157,1085,'1',null,null,to_date('24/12/02','RR/MM/DD'),1008);
Insert into TBL_EDOC_APPROVAL (APRVL_NO,APRVL_EDOC_NO,APRVL_RANK,APRVL_STATUS,APRVL_COMMENT,APRVL_DATE,EMP_NO) values (1158,1085,'2',null,null,to_date('24/12/02','RR/MM/DD'),1001);
Insert into TBL_EDOC_APPROVAL (APRVL_NO,APRVL_EDOC_NO,APRVL_RANK,APRVL_STATUS,APRVL_COMMENT,APRVL_DATE,EMP_NO) values (1159,1086,'1',null,null,to_date('24/12/02','RR/MM/DD'),1021);
Insert into TBL_EDOC_APPROVAL (APRVL_NO,APRVL_EDOC_NO,APRVL_RANK,APRVL_STATUS,APRVL_COMMENT,APRVL_DATE,EMP_NO) values (1160,1086,'2',null,null,to_date('24/12/02','RR/MM/DD'),1001);
Insert into TBL_EDOC_APPROVAL (APRVL_NO,APRVL_EDOC_NO,APRVL_RANK,APRVL_STATUS,APRVL_COMMENT,APRVL_DATE,EMP_NO) values (1161,1087,'1',null,null,to_date('24/12/02','RR/MM/DD'),1008);
Insert into TBL_EDOC_APPROVAL (APRVL_NO,APRVL_EDOC_NO,APRVL_RANK,APRVL_STATUS,APRVL_COMMENT,APRVL_DATE,EMP_NO) values (1162,1087,'2',null,null,to_date('24/12/02','RR/MM/DD'),1001);
Insert into TBL_EDOC_APPROVAL (APRVL_NO,APRVL_EDOC_NO,APRVL_RANK,APRVL_STATUS,APRVL_COMMENT,APRVL_DATE,EMP_NO) values (1163,1088,'1',null,null,to_date('24/12/02','RR/MM/DD'),1008);
Insert into TBL_EDOC_APPROVAL (APRVL_NO,APRVL_EDOC_NO,APRVL_RANK,APRVL_STATUS,APRVL_COMMENT,APRVL_DATE,EMP_NO) values (1164,1088,'2',null,null,to_date('24/12/02','RR/MM/DD'),1001);
Insert into TBL_EDOC_APPROVAL (APRVL_NO,APRVL_EDOC_NO,APRVL_RANK,APRVL_STATUS,APRVL_COMMENT,APRVL_DATE,EMP_NO) values (1165,1089,'1','N',null,to_date('24/12/02','RR/MM/DD'),1008);
Insert into TBL_EDOC_APPROVAL (APRVL_NO,APRVL_EDOC_NO,APRVL_RANK,APRVL_STATUS,APRVL_COMMENT,APRVL_DATE,EMP_NO) values (1166,1089,'2','W',null,to_date('24/12/02','RR/MM/DD'),1001);
Insert into TBL_EDOC_APPROVAL (APRVL_NO,APRVL_EDOC_NO,APRVL_RANK,APRVL_STATUS,APRVL_COMMENT,APRVL_DATE,EMP_NO) values (1167,1090,'1','N',null,to_date('24/12/02','RR/MM/DD'),1008);
Insert into TBL_EDOC_APPROVAL (APRVL_NO,APRVL_EDOC_NO,APRVL_RANK,APRVL_STATUS,APRVL_COMMENT,APRVL_DATE,EMP_NO) values (1168,1090,'2','W',null,to_date('24/12/02','RR/MM/DD'),1001);
Insert into TBL_EDOC_APPROVAL (APRVL_NO,APRVL_EDOC_NO,APRVL_RANK,APRVL_STATUS,APRVL_COMMENT,APRVL_DATE,EMP_NO) values (1169,1091,'1','N',null,to_date('24/12/02','RR/MM/DD'),1008);
Insert into TBL_EDOC_APPROVAL (APRVL_NO,APRVL_EDOC_NO,APRVL_RANK,APRVL_STATUS,APRVL_COMMENT,APRVL_DATE,EMP_NO) values (1170,1091,'2','W',null,to_date('24/12/02','RR/MM/DD'),1001);
Insert into TBL_EDOC_APPROVAL (APRVL_NO,APRVL_EDOC_NO,APRVL_RANK,APRVL_STATUS,APRVL_COMMENT,APRVL_DATE,EMP_NO) values (1171,1092,'1',null,null,to_date('24/12/02','RR/MM/DD'),1008);
Insert into TBL_EDOC_APPROVAL (APRVL_NO,APRVL_EDOC_NO,APRVL_RANK,APRVL_STATUS,APRVL_COMMENT,APRVL_DATE,EMP_NO) values (1172,1092,'2',null,null,to_date('24/12/02','RR/MM/DD'),1001);
Insert into TBL_EDOC_APPROVAL (APRVL_NO,APRVL_EDOC_NO,APRVL_RANK,APRVL_STATUS,APRVL_COMMENT,APRVL_DATE,EMP_NO) values (1173,1093,'1','R','eset',to_date('24/12/02','RR/MM/DD'),1008);
Insert into TBL_EDOC_APPROVAL (APRVL_NO,APRVL_EDOC_NO,APRVL_RANK,APRVL_STATUS,APRVL_COMMENT,APRVL_DATE,EMP_NO) values (1174,1093,'2',null,null,to_date('24/12/02','RR/MM/DD'),1001);
Insert into TBL_EDOC_APPROVAL (APRVL_NO,APRVL_EDOC_NO,APRVL_RANK,APRVL_STATUS,APRVL_COMMENT,APRVL_DATE,EMP_NO) values (1175,1094,'1',null,null,to_date('24/12/03','RR/MM/DD'),1008);
Insert into TBL_EDOC_APPROVAL (APRVL_NO,APRVL_EDOC_NO,APRVL_RANK,APRVL_STATUS,APRVL_COMMENT,APRVL_DATE,EMP_NO) values (1176,1094,'2',null,null,to_date('24/12/03','RR/MM/DD'),1001);
Insert into TBL_EDOC_APPROVAL (APRVL_NO,APRVL_EDOC_NO,APRVL_RANK,APRVL_STATUS,APRVL_COMMENT,APRVL_DATE,EMP_NO) values (1177,1095,'1',null,null,to_date('24/12/03','RR/MM/DD'),1008);
Insert into TBL_EDOC_APPROVAL (APRVL_NO,APRVL_EDOC_NO,APRVL_RANK,APRVL_STATUS,APRVL_COMMENT,APRVL_DATE,EMP_NO) values (1178,1095,'2',null,null,to_date('24/12/03','RR/MM/DD'),1001);
Insert into TBL_EDOC_APPROVAL (APRVL_NO,APRVL_EDOC_NO,APRVL_RANK,APRVL_STATUS,APRVL_COMMENT,APRVL_DATE,EMP_NO) values (1179,1096,'1',null,null,to_date('24/12/03','RR/MM/DD'),1008);
Insert into TBL_EDOC_APPROVAL (APRVL_NO,APRVL_EDOC_NO,APRVL_RANK,APRVL_STATUS,APRVL_COMMENT,APRVL_DATE,EMP_NO) values (1180,1096,'2',null,null,to_date('24/12/03','RR/MM/DD'),1001);
Insert into TBL_EDOC_APPROVAL (APRVL_NO,APRVL_EDOC_NO,APRVL_RANK,APRVL_STATUS,APRVL_COMMENT,APRVL_DATE,EMP_NO) values (1181,1097,'1',null,null,to_date('24/12/03','RR/MM/DD'),1008);
Insert into TBL_EDOC_APPROVAL (APRVL_NO,APRVL_EDOC_NO,APRVL_RANK,APRVL_STATUS,APRVL_COMMENT,APRVL_DATE,EMP_NO) values (1182,1097,'2',null,null,to_date('24/12/03','RR/MM/DD'),1001);
Insert into TBL_EDOC_APPROVAL (APRVL_NO,APRVL_EDOC_NO,APRVL_RANK,APRVL_STATUS,APRVL_COMMENT,APRVL_DATE,EMP_NO) values (1183,1098,'1','Y',null,to_date('24/12/03','RR/MM/DD'),1008);
Insert into TBL_EDOC_APPROVAL (APRVL_NO,APRVL_EDOC_NO,APRVL_RANK,APRVL_STATUS,APRVL_COMMENT,APRVL_DATE,EMP_NO) values (1184,1098,'2','Y',null,to_date('24/12/03','RR/MM/DD'),1001);
Insert into TBL_EDOC_APPROVAL (APRVL_NO,APRVL_EDOC_NO,APRVL_RANK,APRVL_STATUS,APRVL_COMMENT,APRVL_DATE,EMP_NO) values (1185,1099,'1',null,null,to_date('24/12/03','RR/MM/DD'),1008);
Insert into TBL_EDOC_APPROVAL (APRVL_NO,APRVL_EDOC_NO,APRVL_RANK,APRVL_STATUS,APRVL_COMMENT,APRVL_DATE,EMP_NO) values (1186,1099,'2',null,null,to_date('24/12/03','RR/MM/DD'),1001);
Insert into TBL_EDOC_APPROVAL (APRVL_NO,APRVL_EDOC_NO,APRVL_RANK,APRVL_STATUS,APRVL_COMMENT,APRVL_DATE,EMP_NO) values (1187,1100,'1','R','반려하겠습니다.',to_date('24/12/03','RR/MM/DD'),1008);
Insert into TBL_EDOC_APPROVAL (APRVL_NO,APRVL_EDOC_NO,APRVL_RANK,APRVL_STATUS,APRVL_COMMENT,APRVL_DATE,EMP_NO) values (1188,1100,'2',null,null,to_date('24/12/03','RR/MM/DD'),1001);
Insert into TBL_EDOC_APPROVAL (APRVL_NO,APRVL_EDOC_NO,APRVL_RANK,APRVL_STATUS,APRVL_COMMENT,APRVL_DATE,EMP_NO) values (1189,1101,'1','Y',null,to_date('24/12/03','RR/MM/DD'),1008);
Insert into TBL_EDOC_APPROVAL (APRVL_NO,APRVL_EDOC_NO,APRVL_RANK,APRVL_STATUS,APRVL_COMMENT,APRVL_DATE,EMP_NO) values (1190,1101,'2','Y',null,to_date('24/12/03','RR/MM/DD'),1001);
Insert into TBL_EDOC_APPROVAL (APRVL_NO,APRVL_EDOC_NO,APRVL_RANK,APRVL_STATUS,APRVL_COMMENT,APRVL_DATE,EMP_NO) values (1191,1102,'1',null,null,to_date('24/12/03','RR/MM/DD'),1008);
Insert into TBL_EDOC_APPROVAL (APRVL_NO,APRVL_EDOC_NO,APRVL_RANK,APRVL_STATUS,APRVL_COMMENT,APRVL_DATE,EMP_NO) values (1192,1102,'2',null,null,to_date('24/12/03','RR/MM/DD'),1001);
REM INSERTING into TBL_EDOC_ATTACHMENT
SET DEFINE OFF;
Insert into TBL_EDOC_ATTACHMENT (ATTACH_NO,ATTACH_EDOC_REF,ATTACH_ORIGINAL_FILENAME,ATTACH_RENAME_FILENAME,EMP_NO,CREATE_DATE,MODIFIER,MODIFY_DATE,FILE_PATH) values (1009,1086,'department_change_history (3).csv','4987bec90add48f19548115df15bf316.csv',null,to_date('24/12/02','RR/MM/DD'),null,to_date('24/12/02','RR/MM/DD'),'/upload/edoc/20241202');
Insert into TBL_EDOC_ATTACHMENT (ATTACH_NO,ATTACH_EDOC_REF,ATTACH_ORIGINAL_FILENAME,ATTACH_RENAME_FILENAME,EMP_NO,CREATE_DATE,MODIFIER,MODIFY_DATE,FILE_PATH) values (1010,1089,'1727111199229_32254.jpg','5b2a4659ead74fae8d46d990609a397b.jpg',null,to_date('24/12/02','RR/MM/DD'),null,to_date('24/12/02','RR/MM/DD'),'/upload/edoc/20241202');
Insert into TBL_EDOC_ATTACHMENT (ATTACH_NO,ATTACH_EDOC_REF,ATTACH_ORIGINAL_FILENAME,ATTACH_RENAME_FILENAME,EMP_NO,CREATE_DATE,MODIFIER,MODIFY_DATE,FILE_PATH) values (1011,1092,'1727111199229_32254.jpg','0cd3a4888e80475392fd0aea61ddeffc.jpg',null,to_date('24/12/02','RR/MM/DD'),null,to_date('24/12/02','RR/MM/DD'),'/upload/edoc/20241202');
Insert into TBL_EDOC_ATTACHMENT (ATTACH_NO,ATTACH_EDOC_REF,ATTACH_ORIGINAL_FILENAME,ATTACH_RENAME_FILENAME,EMP_NO,CREATE_DATE,MODIFIER,MODIFY_DATE,FILE_PATH) values (1012,1093,'1727111199229_32254.jpg','f92783813afa4cc79df30e1219a10e8d.jpg',null,to_date('24/12/02','RR/MM/DD'),null,to_date('24/12/02','RR/MM/DD'),'/upload/edoc/20241202');
Insert into TBL_EDOC_ATTACHMENT (ATTACH_NO,ATTACH_EDOC_REF,ATTACH_ORIGINAL_FILENAME,ATTACH_RENAME_FILENAME,EMP_NO,CREATE_DATE,MODIFIER,MODIFY_DATE,FILE_PATH) values (1013,1094,'1727111199229_32254.jpg','d0a6b803021c4664af2019520416e9bd.jpg',null,to_date('24/12/03','RR/MM/DD'),null,to_date('24/12/03','RR/MM/DD'),'/upload/edoc/20241203');
Insert into TBL_EDOC_ATTACHMENT (ATTACH_NO,ATTACH_EDOC_REF,ATTACH_ORIGINAL_FILENAME,ATTACH_RENAME_FILENAME,EMP_NO,CREATE_DATE,MODIFIER,MODIFY_DATE,FILE_PATH) values (1014,1097,'1727111199229_32254.jpg','80caf4ea5176484cbb8c6e1d077c007b.jpg',null,to_date('24/12/03','RR/MM/DD'),null,to_date('24/12/03','RR/MM/DD'),'/upload/edoc/20241203');
Insert into TBL_EDOC_ATTACHMENT (ATTACH_NO,ATTACH_EDOC_REF,ATTACH_ORIGINAL_FILENAME,ATTACH_RENAME_FILENAME,EMP_NO,CREATE_DATE,MODIFIER,MODIFY_DATE,FILE_PATH) values (1007,1084,'free-icon-mail-inbox-11782658.png','85d9335f15074ae78a1204d83cae7422.png',null,to_date('24/12/02','RR/MM/DD'),null,to_date('24/12/02','RR/MM/DD'),'/upload/edoc/20241202');
Insert into TBL_EDOC_ATTACHMENT (ATTACH_NO,ATTACH_EDOC_REF,ATTACH_ORIGINAL_FILENAME,ATTACH_RENAME_FILENAME,EMP_NO,CREATE_DATE,MODIFIER,MODIFY_DATE,FILE_PATH) values (1008,1085,'department_change_history (2).csv','07459267f91348d5be7f69687a964c5f.csv',null,to_date('24/12/02','RR/MM/DD'),null,to_date('24/12/02','RR/MM/DD'),'/upload/edoc/20241202');
Insert into TBL_EDOC_ATTACHMENT (ATTACH_NO,ATTACH_EDOC_REF,ATTACH_ORIGINAL_FILENAME,ATTACH_RENAME_FILENAME,EMP_NO,CREATE_DATE,MODIFIER,MODIFY_DATE,FILE_PATH) values (1015,1102,'직원등록시 (1).png','ce5085adc0654ac284465488600e9034.png',null,to_date('24/12/03','RR/MM/DD'),null,to_date('24/12/03','RR/MM/DD'),'/upload/edoc/20241203');
REM INSERTING into TBL_EDOC_SAMPLE
SET DEFINE OFF;
Insert into TBL_EDOC_SAMPLE (SAMPLE_NO,SAMPLE_DOT_CODE,SAMPLE_DESC,EMP_NO,CREATE_DATE,MODIFIER,MODIFT_DATE,USE_YN) values (1120,'문서양식 유형입니다3.','문서양식 설명입니다3.',1003,to_date('24/12/01','RR/MM/DD'),null,to_date('24/12/01','RR/MM/DD'),'Y');
Insert into TBL_EDOC_SAMPLE (SAMPLE_NO,SAMPLE_DOT_CODE,SAMPLE_DESC,EMP_NO,CREATE_DATE,MODIFIER,MODIFT_DATE,USE_YN) values (1118,'문서양식 유형입니다1.','문서양식 설명입니다1.',1003,to_date('24/12/01','RR/MM/DD'),1003,to_date('24/12/01','RR/MM/DD'),'Y');
Insert into TBL_EDOC_SAMPLE (SAMPLE_NO,SAMPLE_DOT_CODE,SAMPLE_DESC,EMP_NO,CREATE_DATE,MODIFIER,MODIFT_DATE,USE_YN) values (1119,'문서양식 유형입니다2.','문서양식 설명입니다2.',1003,to_date('24/12/01','RR/MM/DD'),null,to_date('24/12/01','RR/MM/DD'),'Y');
Insert into TBL_EDOC_SAMPLE (SAMPLE_NO,SAMPLE_DOT_CODE,SAMPLE_DESC,EMP_NO,CREATE_DATE,MODIFIER,MODIFT_DATE,USE_YN) values (1121,'문서양식 유형입니다4.','문서양식 설명입니다4.',1003,to_date('24/12/01','RR/MM/DD'),null,to_date('24/12/01','RR/MM/DD'),'Y');
Insert into TBL_EDOC_SAMPLE (SAMPLE_NO,SAMPLE_DOT_CODE,SAMPLE_DESC,EMP_NO,CREATE_DATE,MODIFIER,MODIFT_DATE,USE_YN) values (1122,'문서양식 유형입니다5.','문서양식 설명입니다5.',1003,to_date('24/12/01','RR/MM/DD'),null,to_date('24/12/01','RR/MM/DD'),'Y');
Insert into TBL_EDOC_SAMPLE (SAMPLE_NO,SAMPLE_DOT_CODE,SAMPLE_DESC,EMP_NO,CREATE_DATE,MODIFIER,MODIFT_DATE,USE_YN) values (1123,'문서양식 유형입니다6.','문서양식 설명입니다6.',1003,to_date('24/12/01','RR/MM/DD'),null,to_date('24/12/01','RR/MM/DD'),'Y');
Insert into TBL_EDOC_SAMPLE (SAMPLE_NO,SAMPLE_DOT_CODE,SAMPLE_DESC,EMP_NO,CREATE_DATE,MODIFIER,MODIFT_DATE,USE_YN) values (1124,'문서양식 유형입니다7.','문서양식 설명입니다7.',1003,to_date('24/12/01','RR/MM/DD'),null,to_date('24/12/01','RR/MM/DD'),'Y');
Insert into TBL_EDOC_SAMPLE (SAMPLE_NO,SAMPLE_DOT_CODE,SAMPLE_DESC,EMP_NO,CREATE_DATE,MODIFIER,MODIFT_DATE,USE_YN) values (1125,'문서양식 유형입니다8.','문서양식 설명입니다8.',1003,to_date('24/12/01','RR/MM/DD'),null,to_date('24/12/01','RR/MM/DD'),'Y');
Insert into TBL_EDOC_SAMPLE (SAMPLE_NO,SAMPLE_DOT_CODE,SAMPLE_DESC,EMP_NO,CREATE_DATE,MODIFIER,MODIFT_DATE,USE_YN) values (1126,'문서양식 유형입니다9.','문서양식 설명입니다9.',1003,to_date('24/12/01','RR/MM/DD'),null,to_date('24/12/01','RR/MM/DD'),'Y');
Insert into TBL_EDOC_SAMPLE (SAMPLE_NO,SAMPLE_DOT_CODE,SAMPLE_DESC,EMP_NO,CREATE_DATE,MODIFIER,MODIFT_DATE,USE_YN) values (1127,'문서양식 유형입니다10.','문서양식 설명입니다10.',1003,to_date('24/12/01','RR/MM/DD'),null,to_date('24/12/01','RR/MM/DD'),'Y');
Insert into TBL_EDOC_SAMPLE (SAMPLE_NO,SAMPLE_DOT_CODE,SAMPLE_DESC,EMP_NO,CREATE_DATE,MODIFIER,MODIFT_DATE,USE_YN) values (1128,'문서양식 유형입니다11.','문서양식 설명입니다11.',1003,to_date('24/12/01','RR/MM/DD'),null,to_date('24/12/01','RR/MM/DD'),'Y');
Insert into TBL_EDOC_SAMPLE (SAMPLE_NO,SAMPLE_DOT_CODE,SAMPLE_DESC,EMP_NO,CREATE_DATE,MODIFIER,MODIFT_DATE,USE_YN) values (1129,'문서양식 유형입니다12.','문서양식 설명입니다12.',1003,to_date('24/12/01','RR/MM/DD'),1003,to_date('24/12/01','RR/MM/DD'),'N');
Insert into TBL_EDOC_SAMPLE (SAMPLE_NO,SAMPLE_DOT_CODE,SAMPLE_DESC,EMP_NO,CREATE_DATE,MODIFIER,MODIFT_DATE,USE_YN) values (1130,'기안서','기안서 입니다.',1002,to_date('24/12/02','RR/MM/DD'),1002,to_date('24/12/02','RR/MM/DD'),'Y');
Insert into TBL_EDOC_SAMPLE (SAMPLE_NO,SAMPLE_DOT_CODE,SAMPLE_DESC,EMP_NO,CREATE_DATE,MODIFIER,MODIFT_DATE,USE_YN) values (1131,'testtest','testtest',1001,to_date('24/12/02','RR/MM/DD'),null,to_date('24/12/02','RR/MM/DD'),'N');
Insert into TBL_EDOC_SAMPLE (SAMPLE_NO,SAMPLE_DOT_CODE,SAMPLE_DESC,EMP_NO,CREATE_DATE,MODIFIER,MODIFT_DATE,USE_YN) values (1132,'test','test',1001,to_date('24/12/02','RR/MM/DD'),1001,to_date('24/12/02','RR/MM/DD'),'N');
Insert into TBL_EDOC_SAMPLE (SAMPLE_NO,SAMPLE_DOT_CODE,SAMPLE_DESC,EMP_NO,CREATE_DATE,MODIFIER,MODIFT_DATE,USE_YN) values (1133,'test','test',1001,to_date('24/12/02','RR/MM/DD'),1001,to_date('24/12/02','RR/MM/DD'),'N');
Insert into TBL_EDOC_SAMPLE (SAMPLE_NO,SAMPLE_DOT_CODE,SAMPLE_DESC,EMP_NO,CREATE_DATE,MODIFIER,MODIFT_DATE,USE_YN) values (1134,'test2','test2',1001,to_date('24/12/03','RR/MM/DD'),1001,to_date('24/12/03','RR/MM/DD'),'N');
Insert into TBL_EDOC_SAMPLE (SAMPLE_NO,SAMPLE_DOT_CODE,SAMPLE_DESC,EMP_NO,CREATE_DATE,MODIFIER,MODIFT_DATE,USE_YN) values (1135,' tset','test',1001,to_date('24/12/03','RR/MM/DD'),1001,to_date('24/12/03','RR/MM/DD'),'N');
Insert into TBL_EDOC_SAMPLE (SAMPLE_NO,SAMPLE_DOT_CODE,SAMPLE_DESC,EMP_NO,CREATE_DATE,MODIFIER,MODIFT_DATE,USE_YN) values (1136,'testtes','testset',1001,to_date('24/12/03','RR/MM/DD'),1001,to_date('24/12/03','RR/MM/DD'),'N');
Insert into TBL_EDOC_SAMPLE (SAMPLE_NO,SAMPLE_DOT_CODE,SAMPLE_DESC,EMP_NO,CREATE_DATE,MODIFIER,MODIFT_DATE,USE_YN) values (1137,'testtest','testtest',1001,to_date('24/12/03','RR/MM/DD'),1001,to_date('24/12/03','RR/MM/DD'),'N');
Insert into TBL_EDOC_SAMPLE (SAMPLE_NO,SAMPLE_DOT_CODE,SAMPLE_DESC,EMP_NO,CREATE_DATE,MODIFIER,MODIFT_DATE,USE_YN) values (1138,'문서양식 테스트','문서양식 테스트',1003,to_date('24/12/03','RR/MM/DD'),null,to_date('24/12/03','RR/MM/DD'),'Y');
Insert into TBL_EDOC_SAMPLE (SAMPLE_NO,SAMPLE_DOT_CODE,SAMPLE_DESC,EMP_NO,CREATE_DATE,MODIFIER,MODIFT_DATE,USE_YN) values (1139,'testtest','testtest',1001,to_date('24/12/03','RR/MM/DD'),1001,to_date('24/12/03','RR/MM/DD'),'N');
Insert into TBL_EDOC_SAMPLE (SAMPLE_NO,SAMPLE_DOT_CODE,SAMPLE_DESC,EMP_NO,CREATE_DATE,MODIFIER,MODIFT_DATE,USE_YN) values (1140,'test','test',1001,to_date('24/12/03','RR/MM/DD'),1001,to_date('24/12/03','RR/MM/DD'),'N');
Insert into TBL_EDOC_SAMPLE (SAMPLE_NO,SAMPLE_DOT_CODE,SAMPLE_DESC,EMP_NO,CREATE_DATE,MODIFIER,MODIFT_DATE,USE_YN) values (1141,null,null,1001,to_date('24/12/10','RR/MM/DD'),null,to_date('24/12/10','RR/MM/DD'),'N');
REM INSERTING into TBL_EMPLOYEE
SET DEFINE OFF;
Insert into TBL_EMPLOYEE (EMP_NO,EMP_NAME,EMP_GENDER,EMP_BIRTH,EMP_PHONE,EMP_EMAIL,EMP_ADDRESS,EMP_EMPLOYMENT,EMP_DETAILADDRESS,EMP_POSTCODE,EMP_PASSWORD,EMP_AUTH,EMP_RANK,EMP_PROFILE,DEPT_CODE,CREATE_DATE,MODIFY_DATE,CREATER,MODIFIER,USE_YN,AC_NO,AC_BANK) values (1001,'정준수','M','1998-01-11','010-5195-3423','junsuking@gmail.com','서울 강서구 강서로41길 70','Y','시그니엘 101층','07710','$2a$10$TNID./ryKT4sd.FBVQoi2eBJL2RJGqzA27hkZyqcWDcNlm770Pu62','PS002','RK001','https://i.ibb.co/ThPF95Q/EMPLOYEE-0.jpg','D001',to_date('22/07/04','RR/MM/DD'),to_date('24/11/14','RR/MM/DD'),1,1,'Y','123-156-159012','하나은행');
Insert into TBL_EMPLOYEE (EMP_NO,EMP_NAME,EMP_GENDER,EMP_BIRTH,EMP_PHONE,EMP_EMAIL,EMP_ADDRESS,EMP_EMPLOYMENT,EMP_DETAILADDRESS,EMP_POSTCODE,EMP_PASSWORD,EMP_AUTH,EMP_RANK,EMP_PROFILE,DEPT_CODE,CREATE_DATE,MODIFY_DATE,CREATER,MODIFIER,USE_YN,AC_NO,AC_BANK) values (1002,'천예찬','M','2000-11-04','010-1234-5678','yechan9981@naver.com','서울시 강남구','Y','서울특별시 강남구 테헤란로 123','06123','$2a$10$TNID./ryKT4sd.FBVQoi2eBJL2RJGqzA27hkZyqcWDcNlm770Pu62','PS001','RK001','https://i.ibb.co/6WVm1rX/employee022.jpg','D014',to_date('22/07/04','RR/MM/DD'),to_date('24/11/14','RR/MM/DD'),1003,1003,'Y','123-456-789012','하나은행');
Insert into TBL_EMPLOYEE (EMP_NO,EMP_NAME,EMP_GENDER,EMP_BIRTH,EMP_PHONE,EMP_EMAIL,EMP_ADDRESS,EMP_EMPLOYMENT,EMP_DETAILADDRESS,EMP_POSTCODE,EMP_PASSWORD,EMP_AUTH,EMP_RANK,EMP_PROFILE,DEPT_CODE,CREATE_DATE,MODIFY_DATE,CREATER,MODIFIER,USE_YN,AC_NO,AC_BANK) values (1003,'김예진','F','1990-05-20','010-2345-3333','kimyj@gmail.com','서울시 송파구','Y','서울시 송파구 가락로 456','05892','$2a$10$TNID./ryKT4sd.FBVQoi2eBJL2RJGqzA27hkZyqcWDcNlm770Pu62','PS003','RK003','https://i.ibb.co/QKnwCkL/employee1-jpg.png','D008',to_date('22/07/04','RR/MM/DD'),to_date('24/11/14','RR/MM/DD'),1001,1001,'Y','987-654-321098','국민은행');
Insert into TBL_EMPLOYEE (EMP_NO,EMP_NAME,EMP_GENDER,EMP_BIRTH,EMP_PHONE,EMP_EMAIL,EMP_ADDRESS,EMP_EMPLOYMENT,EMP_DETAILADDRESS,EMP_POSTCODE,EMP_PASSWORD,EMP_AUTH,EMP_RANK,EMP_PROFILE,DEPT_CODE,CREATE_DATE,MODIFY_DATE,CREATER,MODIFIER,USE_YN,AC_NO,AC_BANK) values (1004,'박지영','F','1988-07-15','010-3456-7890','parkjiyeong@gmail.com','서울시 강서구','Y','서울시 강서구 화곡로 789','07756','$2a$10$TNID./ryKT4sd.FBVQoi2eBJL2RJGqzA27hkZyqcWDcNlm770Pu62','PS004','RK005','https://i.ibb.co/kh5dTCt/employee3-jpg.png','D007',to_date('22/07/04','RR/MM/DD'),to_date('24/11/14','RR/MM/DD'),1003,1003,'Y','345-678-901234','우리은행');
Insert into TBL_EMPLOYEE (EMP_NO,EMP_NAME,EMP_GENDER,EMP_BIRTH,EMP_PHONE,EMP_EMAIL,EMP_ADDRESS,EMP_EMPLOYMENT,EMP_DETAILADDRESS,EMP_POSTCODE,EMP_PASSWORD,EMP_AUTH,EMP_RANK,EMP_PROFILE,DEPT_CODE,CREATE_DATE,MODIFY_DATE,CREATER,MODIFIER,USE_YN,AC_NO,AC_BANK) values (1005,'전사일정 관리','M','1992-12-05','010-4567-8901','leeminho@gmail.com','서울시 마포구','Y','서울시 마포구 월드컵로 234','04123','$2a$10$TNID./ryKT4sd.FBVQoi2eBJL2RJGqzA27hkZyqcWDcNlm770Pu62','PS003','RK007','https://i.ibb.co/q5m5FGK/employee5-jpg.png','D009',to_date('22/08/08','RR/MM/DD'),to_date('24/11/14','RR/MM/DD'),1003,1003,'Y','567-890-123456','신한은행');
Insert into TBL_EMPLOYEE (EMP_NO,EMP_NAME,EMP_GENDER,EMP_BIRTH,EMP_PHONE,EMP_EMAIL,EMP_ADDRESS,EMP_EMPLOYMENT,EMP_DETAILADDRESS,EMP_POSTCODE,EMP_PASSWORD,EMP_AUTH,EMP_RANK,EMP_PROFILE,DEPT_CODE,CREATE_DATE,MODIFY_DATE,CREATER,MODIFIER,USE_YN,AC_NO,AC_BANK) values (1006,'최지은','F','1995-02-14','010-5678-9012','choijieun@gmail.com','서울시 동대문구','Y','서울시 동대문구 회기동 123','04567','$2a$10$TNID./ryKT4sd.FBVQoi2eBJL2RJGqzA27hkZyqcWDcNlm770Pu62','PS004','RK004','https://i.ibb.co/bHY588j/employee4-jpg.png','D009',to_date('22/08/08','RR/MM/DD'),to_date('24/11/14','RR/MM/DD'),1003,1003,'Y','678-901-234567','기업은행');
Insert into TBL_EMPLOYEE (EMP_NO,EMP_NAME,EMP_GENDER,EMP_BIRTH,EMP_PHONE,EMP_EMAIL,EMP_ADDRESS,EMP_EMPLOYMENT,EMP_DETAILADDRESS,EMP_POSTCODE,EMP_PASSWORD,EMP_AUTH,EMP_RANK,EMP_PROFILE,DEPT_CODE,CREATE_DATE,MODIFY_DATE,CREATER,MODIFIER,USE_YN,AC_NO,AC_BANK) values (1007,'김수현','M','1993-08-19','010-6789-0123','kimsuhyun@gmail.com','서울시 강동구','Y','서울시 강동구 천호대로 890','05345','$2a$10$TNID./ryKT4sd.FBVQoi2eBJL2RJGqzA27hkZyqcWDcNlm770Pu62','PS004','RK006','https://i.ibb.co/gJqqfM7/employee10-jpg.png','D007',to_date('22/09/21','RR/MM/DD'),to_date('24/11/14','RR/MM/DD'),1001,1001,'Y','789-012-345678','농협은행');
Insert into TBL_EMPLOYEE (EMP_NO,EMP_NAME,EMP_GENDER,EMP_BIRTH,EMP_PHONE,EMP_EMAIL,EMP_ADDRESS,EMP_EMPLOYMENT,EMP_DETAILADDRESS,EMP_POSTCODE,EMP_PASSWORD,EMP_AUTH,EMP_RANK,EMP_PROFILE,DEPT_CODE,CREATE_DATE,MODIFY_DATE,CREATER,MODIFIER,USE_YN,AC_NO,AC_BANK) values (1008,'정유진','F','1989-11-22','010-7890-1234','jeongyujin@gmail.com','서울시 관악구','Y','서울시 관악구 신림로 345','05434','$2a$10$TNID./ryKT4sd.FBVQoi2eBJL2RJGqzA27hkZyqcWDcNlm770Pu62','PS004','RK005','https://i.ibb.co/zH54rC6/employee6-jpg.png','D011',to_date('22/09/21','RR/MM/DD'),to_date('24/11/14','RR/MM/DD'),1003,1003,'Y','890-123-456789','씨티은행');
Insert into TBL_EMPLOYEE (EMP_NO,EMP_NAME,EMP_GENDER,EMP_BIRTH,EMP_PHONE,EMP_EMAIL,EMP_ADDRESS,EMP_EMPLOYMENT,EMP_DETAILADDRESS,EMP_POSTCODE,EMP_PASSWORD,EMP_AUTH,EMP_RANK,EMP_PROFILE,DEPT_CODE,CREATE_DATE,MODIFY_DATE,CREATER,MODIFIER,USE_YN,AC_NO,AC_BANK) values (1009,'아이우','F','1994-03-28','010-8901-2345','limjeonghoon@gmail.com','서울시 서대문구','Y','서울시 서대문구 창천동 456','07012','$2a$10$TNID./ryKT4sd.FBVQoi2eBJL2RJGqzA27hkZyqcWDcNlm770Pu62','PS004','RK004','https://i.ibb.co/bHY588j/employee4-jpg.png','D012',to_date('22/09/21','RR/MM/DD'),to_date('24/11/14','RR/MM/DD'),1003,1003,'Y','901-234-567890','KEB하나은행');
Insert into TBL_EMPLOYEE (EMP_NO,EMP_NAME,EMP_GENDER,EMP_BIRTH,EMP_PHONE,EMP_EMAIL,EMP_ADDRESS,EMP_EMPLOYMENT,EMP_DETAILADDRESS,EMP_POSTCODE,EMP_PASSWORD,EMP_AUTH,EMP_RANK,EMP_PROFILE,DEPT_CODE,CREATE_DATE,MODIFY_DATE,CREATER,MODIFIER,USE_YN,AC_NO,AC_BANK) values (1010,'하지민','F','1991-06-10','010-9012-3456','hajinsu@gmail.com','서울시 노원구','Y','서울시 노원구 상계동 567','06998','$2a$10$TNID./ryKT4sd.FBVQoi2eBJL2RJGqzA27hkZyqcWDcNlm770Pu62','PS005','RK004','https://i.ibb.co/z8XgkSD/employee8-jpg.png','D016',to_date('23/01/16','RR/MM/DD'),to_date('24/11/14','RR/MM/DD'),1003,1003,'Y','012-345-678901','하나은행');
Insert into TBL_EMPLOYEE (EMP_NO,EMP_NAME,EMP_GENDER,EMP_BIRTH,EMP_PHONE,EMP_EMAIL,EMP_ADDRESS,EMP_EMPLOYMENT,EMP_DETAILADDRESS,EMP_POSTCODE,EMP_PASSWORD,EMP_AUTH,EMP_RANK,EMP_PROFILE,DEPT_CODE,CREATE_DATE,MODIFY_DATE,CREATER,MODIFIER,USE_YN,AC_NO,AC_BANK) values (1011,'윤서연','F','1996-07-25','010-0123-4567','yunseoyeon@gmail.com','서울시 영등포구','Y','서울시 영등포구 당산동 789','07321','$2a$10$TNID./ryKT4sd.FBVQoi2eBJL2RJGqzA27hkZyqcWDcNlm770Pu62','PS004','RK004','https://i.ibb.co/S5yw0zj/employee9-jpg.png','D013',to_date('23/01/16','RR/MM/DD'),to_date('24/11/14','RR/MM/DD'),1003,1003,'Y','234-567-890123','우리은행');
Insert into TBL_EMPLOYEE (EMP_NO,EMP_NAME,EMP_GENDER,EMP_BIRTH,EMP_PHONE,EMP_EMAIL,EMP_ADDRESS,EMP_EMPLOYMENT,EMP_DETAILADDRESS,EMP_POSTCODE,EMP_PASSWORD,EMP_AUTH,EMP_RANK,EMP_PROFILE,DEPT_CODE,CREATE_DATE,MODIFY_DATE,CREATER,MODIFIER,USE_YN,AC_NO,AC_BANK) values (1012,'홍길동','M','1980-04-14','010-2345-6789','honggildong@gmail.com','서울시 강남구','Y','서울시 강남구 역삼동 234','06123','$2a$10$TNID./ryKT4sd.FBVQoi2eBJL2RJGqzA27hkZyqcWDcNlm770Pu62','PS004','RK004','https://i.ibb.co/hF1Kr7N/employee11-jpg.png','D014',to_date('23/01/16','RR/MM/DD'),to_date('24/11/14','RR/MM/DD'),1003,1003,'Y','111-222-333444','국민은행');
Insert into TBL_EMPLOYEE (EMP_NO,EMP_NAME,EMP_GENDER,EMP_BIRTH,EMP_PHONE,EMP_EMAIL,EMP_ADDRESS,EMP_EMPLOYMENT,EMP_DETAILADDRESS,EMP_POSTCODE,EMP_PASSWORD,EMP_AUTH,EMP_RANK,EMP_PROFILE,DEPT_CODE,CREATE_DATE,MODIFY_DATE,CREATER,MODIFIER,USE_YN,AC_NO,AC_BANK) values (1013,'서정민','M','1986-11-10','010-4567-8901','seojeongmin@gmail.com','경기도 수원시','Y','경기도 수원시 영통구 567','04567','$2a$10$TNID./ryKT4sd.FBVQoi2eBJL2RJGqzA27hkZyqcWDcNlm770Pu62','PS004','RK005','https://i.ibb.co/9VzD9YT/employee12-jpg.png','D015',to_date('23/01/16','RR/MM/DD'),to_date('24/11/14','RR/MM/DD'),1003,1003,'Y','234-567-890123','농협은행');
Insert into TBL_EMPLOYEE (EMP_NO,EMP_NAME,EMP_GENDER,EMP_BIRTH,EMP_PHONE,EMP_EMAIL,EMP_ADDRESS,EMP_EMPLOYMENT,EMP_DETAILADDRESS,EMP_POSTCODE,EMP_PASSWORD,EMP_AUTH,EMP_RANK,EMP_PROFILE,DEPT_CODE,CREATE_DATE,MODIFY_DATE,CREATER,MODIFIER,USE_YN,AC_NO,AC_BANK) values (1014,'이윤아','F','1993-09-17','010-5678-9012','leejoonseo@gmail.com','서울시 서초구','Y','서울시 서초구 방배동 890','06234','$2a$10$TNID./ryKT4sd.FBVQoi2eBJL2RJGqzA27hkZyqcWDcNlm770Pu62','PS004','RK006','https://i.ibb.co/Fw5n5Cg/employee13-jpg.png','D007',to_date('23/01/16','RR/MM/DD'),to_date('24/11/14','RR/MM/DD'),1003,1003,'Y','345-678-901234','하나은행');
Insert into TBL_EMPLOYEE (EMP_NO,EMP_NAME,EMP_GENDER,EMP_BIRTH,EMP_PHONE,EMP_EMAIL,EMP_ADDRESS,EMP_EMPLOYMENT,EMP_DETAILADDRESS,EMP_POSTCODE,EMP_PASSWORD,EMP_AUTH,EMP_RANK,EMP_PROFILE,DEPT_CODE,CREATE_DATE,MODIFY_DATE,CREATER,MODIFIER,USE_YN,AC_NO,AC_BANK) values (1015,'김호진','M','1990-03-25','010-6789-0123','kimhojin@gmail.com','서울시 동대문구','Y','서울시 동대문구 답십리동 123','05678','$2a$10$TNID./ryKT4sd.FBVQoi2eBJL2RJGqzA27hkZyqcWDcNlm770Pu62','PS004','RK004','https://i.ibb.co/Tgy5F7g/employee14-jpg.png','D008',to_date('23/06/16','RR/MM/DD'),to_date('24/11/14','RR/MM/DD'),1003,1003,'Y','456-789-012345','씨티은행');
Insert into TBL_EMPLOYEE (EMP_NO,EMP_NAME,EMP_GENDER,EMP_BIRTH,EMP_PHONE,EMP_EMAIL,EMP_ADDRESS,EMP_EMPLOYMENT,EMP_DETAILADDRESS,EMP_POSTCODE,EMP_PASSWORD,EMP_AUTH,EMP_RANK,EMP_PROFILE,DEPT_CODE,CREATE_DATE,MODIFY_DATE,CREATER,MODIFIER,USE_YN,AC_NO,AC_BANK) values (1016,'정민지','F','1992-08-30','010-7890-1234','jeongminji@gmail.com','서울시 성북구','Y','서울시 성북구 길음동 345','06789','$2a$10$TNID./ryKT4sd.FBVQoi2eBJL2RJGqzA27hkZyqcWDcNlm770Pu62','PS005','RK004','https://i.ibb.co/rdXr3gC/employee15-jpg.png','D010',to_date('23/06/16','RR/MM/DD'),to_date('24/11/14','RR/MM/DD'),1003,1003,'Y','567-890-123456','우리은행');
Insert into TBL_EMPLOYEE (EMP_NO,EMP_NAME,EMP_GENDER,EMP_BIRTH,EMP_PHONE,EMP_EMAIL,EMP_ADDRESS,EMP_EMPLOYMENT,EMP_DETAILADDRESS,EMP_POSTCODE,EMP_PASSWORD,EMP_AUTH,EMP_RANK,EMP_PROFILE,DEPT_CODE,CREATE_DATE,MODIFY_DATE,CREATER,MODIFIER,USE_YN,AC_NO,AC_BANK) values (1017,'박지민','M','1991-05-05','010-8901-2345','parkjimin@gmail.com','서울시 영등포구','Y','서울시 영등포구 당산동 678','07543','$2a$10$TNID./ryKT4sd.FBVQoi2eBJL2RJGqzA27hkZyqcWDcNlm770Pu62','PS004','RK004','https://i.ibb.co/TgFVVxK/employee16-jpg.png','D010',to_date('23/06/16','RR/MM/DD'),to_date('24/11/14','RR/MM/DD'),1003,1003,'Y','678-901-234567','신한은행');
Insert into TBL_EMPLOYEE (EMP_NO,EMP_NAME,EMP_GENDER,EMP_BIRTH,EMP_PHONE,EMP_EMAIL,EMP_ADDRESS,EMP_EMPLOYMENT,EMP_DETAILADDRESS,EMP_POSTCODE,EMP_PASSWORD,EMP_AUTH,EMP_RANK,EMP_PROFILE,DEPT_CODE,CREATE_DATE,MODIFY_DATE,CREATER,MODIFIER,USE_YN,AC_NO,AC_BANK) values (1019,'이수연','F','1994-07-14','010-2345-6789','leesuyeon@gmail.com','서울시 용산구','Y','서울시 용산구 이태원동 890','08123','$2a$10$TNID./ryKT4sd.FBVQoi2eBJL2RJGqzA27hkZyqcWDcNlm770Pu62','PS004','RK004','https://i.ibb.co/Sv13Fym/employee18-jpg.png','D012',to_date('23/06/16','RR/MM/DD'),to_date('24/11/14','RR/MM/DD'),1003,1003,'Y','890-123-456789','기업은행');
Insert into TBL_EMPLOYEE (EMP_NO,EMP_NAME,EMP_GENDER,EMP_BIRTH,EMP_PHONE,EMP_EMAIL,EMP_ADDRESS,EMP_EMPLOYMENT,EMP_DETAILADDRESS,EMP_POSTCODE,EMP_PASSWORD,EMP_AUTH,EMP_RANK,EMP_PROFILE,DEPT_CODE,CREATE_DATE,MODIFY_DATE,CREATER,MODIFIER,USE_YN,AC_NO,AC_BANK) values (1020,'정민영','F','1993-01-30','010-5678-9012','jeongminyoung@gmail.com','서울시 구로구','Y','서울시 구로구 디지털로 123','06245','$2a$10$TNID./ryKT4sd.FBVQoi2eBJL2RJGqzA27hkZyqcWDcNlm770Pu62','PS004','RK004','https://i.ibb.co/KFqgGpB/employee19-jpg.png','D013',to_date('23/06/16','RR/MM/DD'),to_date('24/11/14','RR/MM/DD'),1003,1003,'Y','901-234-567890','KEB하나은행');
Insert into TBL_EMPLOYEE (EMP_NO,EMP_NAME,EMP_GENDER,EMP_BIRTH,EMP_PHONE,EMP_EMAIL,EMP_ADDRESS,EMP_EMPLOYMENT,EMP_DETAILADDRESS,EMP_POSTCODE,EMP_PASSWORD,EMP_AUTH,EMP_RANK,EMP_PROFILE,DEPT_CODE,CREATE_DATE,MODIFY_DATE,CREATER,MODIFIER,USE_YN,AC_NO,AC_BANK) values (1021,'오세영','M','1988-11-11','010-6789-0123','ohseyoung@gmail.com','서울시 종로구','Y','서울시 종로구 인사동 234','06783','$2a$10$TNID./ryKT4sd.FBVQoi2eBJL2RJGqzA27hkZyqcWDcNlm770Pu62','PS004','RK004','https://i.ibb.co/mFTjqpm/employee20-jpg.png','D014',to_date('23/06/16','RR/MM/DD'),to_date('24/11/14','RR/MM/DD'),1003,1003,'Y','012-345-678901','우리은행');
Insert into TBL_EMPLOYEE (EMP_NO,EMP_NAME,EMP_GENDER,EMP_BIRTH,EMP_PHONE,EMP_EMAIL,EMP_ADDRESS,EMP_EMPLOYMENT,EMP_DETAILADDRESS,EMP_POSTCODE,EMP_PASSWORD,EMP_AUTH,EMP_RANK,EMP_PROFILE,DEPT_CODE,CREATE_DATE,MODIFY_DATE,CREATER,MODIFIER,USE_YN,AC_NO,AC_BANK) values (1022,'김지은','F','1997-02-11','010-2345-6789','kimjieun@gmail.com','서울시 용산구','Y','서울시 용산구 한남동 123','04567','$2a$10$TNID./ryKT4sd.FBVQoi2eBJL2RJGqzA27hkZyqcWDcNlm770Pu62','PS004','RK004','https://i.ibb.co/5GtgbNY/employee21-jpg.png','D015',to_date('23/06/16','RR/MM/DD'),to_date('24/11/14','RR/MM/DD'),1003,1003,'Y','234-567-890123','농협은행');
Insert into TBL_EMPLOYEE (EMP_NO,EMP_NAME,EMP_GENDER,EMP_BIRTH,EMP_PHONE,EMP_EMAIL,EMP_ADDRESS,EMP_EMPLOYMENT,EMP_DETAILADDRESS,EMP_POSTCODE,EMP_PASSWORD,EMP_AUTH,EMP_RANK,EMP_PROFILE,DEPT_CODE,CREATE_DATE,MODIFY_DATE,CREATER,MODIFIER,USE_YN,AC_NO,AC_BANK) values (1023,'윤지훈','M','1992-01-18','010-3456-7890','yoonjihoon@gmail.com','서울시 마포구','Y','서울시 마포구 상암동 234','07234','$2a$10$TNID./ryKT4sd.FBVQoi2eBJL2RJGqzA27hkZyqcWDcNlm770Pu62','PS005','RK004','https://i.ibb.co/XjNrBhv/employee22-jpg.png','D018',to_date('23/06/16','RR/MM/DD'),to_date('24/11/14','RR/MM/DD'),1003,1003,'Y','345-678-901234','기업은행');
Insert into TBL_EMPLOYEE (EMP_NO,EMP_NAME,EMP_GENDER,EMP_BIRTH,EMP_PHONE,EMP_EMAIL,EMP_ADDRESS,EMP_EMPLOYMENT,EMP_DETAILADDRESS,EMP_POSTCODE,EMP_PASSWORD,EMP_AUTH,EMP_RANK,EMP_PROFILE,DEPT_CODE,CREATE_DATE,MODIFY_DATE,CREATER,MODIFIER,USE_YN,AC_NO,AC_BANK) values (1025,'송유진','F','1994-09-22','010-6789-0123','songyujin@gmail.com','서울시 종로구','Y','서울시 종로구 삼청동 234','07212','$2a$10$TNID./ryKT4sd.FBVQoi2eBJL2RJGqzA27hkZyqcWDcNlm770Pu62','PS004','RK005','https://i.ibb.co/wyZtCLm/employee24-jpg.png','D009',to_date('23/11/20','RR/MM/DD'),to_date('24/11/14','RR/MM/DD'),1003,1003,'Y','567-890-123456','하나은행');
Insert into TBL_EMPLOYEE (EMP_NO,EMP_NAME,EMP_GENDER,EMP_BIRTH,EMP_PHONE,EMP_EMAIL,EMP_ADDRESS,EMP_EMPLOYMENT,EMP_DETAILADDRESS,EMP_POSTCODE,EMP_PASSWORD,EMP_AUTH,EMP_RANK,EMP_PROFILE,DEPT_CODE,CREATE_DATE,MODIFY_DATE,CREATER,MODIFIER,USE_YN,AC_NO,AC_BANK) values (1026,'정하나','F','1996-11-11','010-7890-1234','jeonghana@gmail.com','서울시 중구','Y','서울시 중구 명동 345','06545','$2a$10$TNID./ryKT4sd.FBVQoi2eBJL2RJGqzA27hkZyqcWDcNlm770Pu62','PS004','RK006','https://i.ibb.co/LQ4mbC5/employee25-jpg.png','D014',to_date('23/11/20','RR/MM/DD'),to_date('24/11/14','RR/MM/DD'),1003,1003,'Y','678-901-234567','우리은행');
Insert into TBL_EMPLOYEE (EMP_NO,EMP_NAME,EMP_GENDER,EMP_BIRTH,EMP_PHONE,EMP_EMAIL,EMP_ADDRESS,EMP_EMPLOYMENT,EMP_DETAILADDRESS,EMP_POSTCODE,EMP_PASSWORD,EMP_AUTH,EMP_RANK,EMP_PROFILE,DEPT_CODE,CREATE_DATE,MODIFY_DATE,CREATER,MODIFIER,USE_YN,AC_NO,AC_BANK) values (1027,'최우진','M','1984-10-10','010-9012-3456','choiwoojin@gmail.com','서울시 서초구','Y','서울시 서초구 방배동 456','06587','$2a$10$TNID./ryKT4sd.FBVQoi2eBJL2RJGqzA27hkZyqcWDcNlm770Pu62','PS004','RK006','https://i.ibb.co/z8jdKBg/employee26-jpg.png','D011',to_date('24/03/15','RR/MM/DD'),to_date('24/11/14','RR/MM/DD'),1003,1003,'Y','789-012-345678','농협은행');
Insert into TBL_EMPLOYEE (EMP_NO,EMP_NAME,EMP_GENDER,EMP_BIRTH,EMP_PHONE,EMP_EMAIL,EMP_ADDRESS,EMP_EMPLOYMENT,EMP_DETAILADDRESS,EMP_POSTCODE,EMP_PASSWORD,EMP_AUTH,EMP_RANK,EMP_PROFILE,DEPT_CODE,CREATE_DATE,MODIFY_DATE,CREATER,MODIFIER,USE_YN,AC_NO,AC_BANK) values (1028,'홍서영','F','1990-02-20','010-2345-6789','hongseoyeong@gmail.com','서울시 성북구','Y','서울시 성북구 종암동 678','07012','$2a$10$TNID./ryKT4sd.FBVQoi2eBJL2RJGqzA27hkZyqcWDcNlm770Pu62','PS004','RK007','https://i.ibb.co/7r2qmdn/employee27-jpg.png','D012',to_date('24/03/15','RR/MM/DD'),to_date('24/11/14','RR/MM/DD'),1003,1003,'Y','890-123-456789','KEB하나은행');
Insert into TBL_EMPLOYEE (EMP_NO,EMP_NAME,EMP_GENDER,EMP_BIRTH,EMP_PHONE,EMP_EMAIL,EMP_ADDRESS,EMP_EMPLOYMENT,EMP_DETAILADDRESS,EMP_POSTCODE,EMP_PASSWORD,EMP_AUTH,EMP_RANK,EMP_PROFILE,DEPT_CODE,CREATE_DATE,MODIFY_DATE,CREATER,MODIFIER,USE_YN,AC_NO,AC_BANK) values (1029,'김도현','M','1995-04-05','010-5678-9012','sb02380@naver.com','서울시 동작구','Y','서울시 동작구 신대방동 234','07234','$2a$10$TNID./ryKT4sd.FBVQoi2eBJL2RJGqzA27hkZyqcWDcNlm770Pu62','PS004','RK005','https://i.ibb.co/kyJ8V5B/employee28-jpg.png','D017',to_date('24/03/15','RR/MM/DD'),to_date('24/11/14','RR/MM/DD'),1003,1003,'Y','901-234-567890','신한은행');
Insert into TBL_EMPLOYEE (EMP_NO,EMP_NAME,EMP_GENDER,EMP_BIRTH,EMP_PHONE,EMP_EMAIL,EMP_ADDRESS,EMP_EMPLOYMENT,EMP_DETAILADDRESS,EMP_POSTCODE,EMP_PASSWORD,EMP_AUTH,EMP_RANK,EMP_PROFILE,DEPT_CODE,CREATE_DATE,MODIFY_DATE,CREATER,MODIFIER,USE_YN,AC_NO,AC_BANK) values (1030,'이호준','M','1988-03-12','010-6789-0124','leehj@gmail.com','서울시 강북구','Y','서울시 강북구 미아동 890','06345','$2a$10$TNID./ryKT4sd.FBVQoi2eBJL2RJGqzA27hkZyqcWDcNlm770Pu62','PS005','RK001','https://i.ibb.co/d7T0GZr/employee29-jpg.png','D010',to_date('24/10/07','RR/MM/DD'),to_date('24/11/14','RR/MM/DD'),1003,1003,'Y','234-567-890123','우리은행');
Insert into TBL_EMPLOYEE (EMP_NO,EMP_NAME,EMP_GENDER,EMP_BIRTH,EMP_PHONE,EMP_EMAIL,EMP_ADDRESS,EMP_EMPLOYMENT,EMP_DETAILADDRESS,EMP_POSTCODE,EMP_PASSWORD,EMP_AUTH,EMP_RANK,EMP_PROFILE,DEPT_CODE,CREATE_DATE,MODIFY_DATE,CREATER,MODIFIER,USE_YN,AC_NO,AC_BANK) values (1031,'신짱구','M','1990-03-04','010-8282-8824','sinzzankoo@gmail.com','부산 서구 구덕로232번길 1','Y','떡잎마을방범대','49223','$2a$10$TNID./ryKT4sd.FBVQoi2eBJL2RJGqzA27hkZyqcWDcNlm770Pu62','PS004','RK004','https://i.ibb.co/Hdm97dR/094555.png','D011',to_date('24/10/07','RR/MM/DD'),to_date('24/11/19','RR/MM/DD'),1003,1003,'Y','9407-100-54050','짱구은행');
Insert into TBL_EMPLOYEE (EMP_NO,EMP_NAME,EMP_GENDER,EMP_BIRTH,EMP_PHONE,EMP_EMAIL,EMP_ADDRESS,EMP_EMPLOYMENT,EMP_DETAILADDRESS,EMP_POSTCODE,EMP_PASSWORD,EMP_AUTH,EMP_RANK,EMP_PROFILE,DEPT_CODE,CREATE_DATE,MODIFY_DATE,CREATER,MODIFIER,USE_YN,AC_NO,AC_BANK) values (1018,'Bruno Nas','M','1985-12-22','010-9012-3456','Bruno Nas@gmail.com','서울시 강북구','Y','서울시 강북구 미아동 234','05934','$2a$10$TNID./ryKT4sd.FBVQoi2eBJL2RJGqzA27hkZyqcWDcNlm770Pu62','PS004','RK004','https://i.ibb.co/4gnYFdg/employye1018.png','D011',to_date('23/06/16','RR/MM/DD'),to_date('24/11/14','RR/MM/DD'),1003,1003,'Y','789-012-345678','뱅크오브 아메리카');
Insert into TBL_EMPLOYEE (EMP_NO,EMP_NAME,EMP_GENDER,EMP_BIRTH,EMP_PHONE,EMP_EMAIL,EMP_ADDRESS,EMP_EMPLOYMENT,EMP_DETAILADDRESS,EMP_POSTCODE,EMP_PASSWORD,EMP_AUTH,EMP_RANK,EMP_PROFILE,DEPT_CODE,CREATE_DATE,MODIFY_DATE,CREATER,MODIFIER,USE_YN,AC_NO,AC_BANK) values (1024,'박성훈','M','1989-08-15','010-5678-9012','parkseonghoon@gmail.com','서울시 강동구','Y','서울시 강동구 길동 567','08156','$2a$10$TNID./ryKT4sd.FBVQoi2eBJL2RJGqzA27hkZyqcWDcNlm770Pu62','PS004','RK004','https://i.ibb.co/xH3PLFh/employee23-jpg.png','D008',to_date('23/11/20','RR/MM/DD'),to_date('24/11/14','RR/MM/DD'),1003,1003,'Y','456-789-012345','신한은행');
Insert into TBL_EMPLOYEE (EMP_NO,EMP_NAME,EMP_GENDER,EMP_BIRTH,EMP_PHONE,EMP_EMAIL,EMP_ADDRESS,EMP_EMPLOYMENT,EMP_DETAILADDRESS,EMP_POSTCODE,EMP_PASSWORD,EMP_AUTH,EMP_RANK,EMP_PROFILE,DEPT_CODE,CREATE_DATE,MODIFY_DATE,CREATER,MODIFIER,USE_YN,AC_NO,AC_BANK) values (1056,null,'M',null,null,null,null,'Y',null,null,'$2a$10$VssnYjjd.A.ueyFkD8DeE.rUbSSHujHZrgMfI0Dqc6dHQIkop6wlG','PS004','RK004',null,'D001',to_date('24/12/06','RR/MM/DD'),to_date('24/12/06','RR/MM/DD'),null,null,'N',null,null);
Insert into TBL_EMPLOYEE (EMP_NO,EMP_NAME,EMP_GENDER,EMP_BIRTH,EMP_PHONE,EMP_EMAIL,EMP_ADDRESS,EMP_EMPLOYMENT,EMP_DETAILADDRESS,EMP_POSTCODE,EMP_PASSWORD,EMP_AUTH,EMP_RANK,EMP_PROFILE,DEPT_CODE,CREATE_DATE,MODIFY_DATE,CREATER,MODIFIER,USE_YN,AC_NO,AC_BANK) values (1050,'못난이양파','M','000908-3457811','010-2345-3322','onion11@gmail.com','인천 강화군 삼산면 삼산동로 276','Y','양파망','23007','$2a$10$Dq3MFYPNbW4T/eUWMmIbMODxsul6/D80SmE9Cb9EvKbi3iGnHCJIq','PS004','RK004','https://i.ibb.co/SycjcKh/2024-11-06-142535.png','D014',to_date('24/12/03','RR/MM/DD'),to_date('24/12/03','RR/MM/DD'),null,null,'Y','0000000-00-0000000','양파은행');
REM INSERTING into TBL_GOOD
SET DEFINE OFF;
Insert into TBL_GOOD (REPLY_NO,GOOD_REPLY,CREATER,CREATE_DATE,MODIFIER,MODIFY_DATE) values (1001,'Y','1003',to_date('24/11/28','RR/MM/DD'),null,to_date('24/11/28','RR/MM/DD'));
Insert into TBL_GOOD (REPLY_NO,GOOD_REPLY,CREATER,CREATE_DATE,MODIFIER,MODIFY_DATE) values (1001,'Y',null,to_date('24/11/28','RR/MM/DD'),null,to_date('24/11/28','RR/MM/DD'));
Insert into TBL_GOOD (REPLY_NO,GOOD_REPLY,CREATER,CREATE_DATE,MODIFIER,MODIFY_DATE) values (1002,'Y',null,to_date('24/11/28','RR/MM/DD'),null,to_date('24/11/28','RR/MM/DD'));
Insert into TBL_GOOD (REPLY_NO,GOOD_REPLY,CREATER,CREATE_DATE,MODIFIER,MODIFY_DATE) values (1001,'Y',null,to_date('24/11/28','RR/MM/DD'),null,to_date('24/11/28','RR/MM/DD'));
REM INSERTING into TBL_LOG
SET DEFINE OFF;
Insert into TBL_LOG (LOG_NO,EMP_NO,LOG_TYPE,MENU_NAME,BEFOR_DATA,AFTER_DATA,CREATE_DATE,MODIFIER,MODIFY_DATE,USE_YN,DOCUMENT_NO) values (100001,1005,'1','공지사항','경영지원실','HR실',to_date('24/11/14','RR/MM/DD'),1005,to_date('24/11/14','RR/MM/DD'),'Y',null);
Insert into TBL_LOG (LOG_NO,EMP_NO,LOG_TYPE,MENU_NAME,BEFOR_DATA,AFTER_DATA,CREATE_DATE,MODIFIER,MODIFY_DATE,USE_YN,DOCUMENT_NO) values (100002,1002,'1','일정','HR실','경영지원실',to_date('24/11/14','RR/MM/DD'),1005,to_date('24/11/14','RR/MM/DD'),'Y',null);
Insert into TBL_LOG (LOG_NO,EMP_NO,LOG_TYPE,MENU_NAME,BEFOR_DATA,AFTER_DATA,CREATE_DATE,MODIFIER,MODIFY_DATE,USE_YN,DOCUMENT_NO) values (100003,1002,'1','공지사항','회계팀','재무팀',to_date('24/11/14','RR/MM/DD'),1005,to_date('24/11/14','RR/MM/DD'),'Y',null);
Insert into TBL_LOG (LOG_NO,EMP_NO,LOG_TYPE,MENU_NAME,BEFOR_DATA,AFTER_DATA,CREATE_DATE,MODIFIER,MODIFY_DATE,USE_YN,DOCUMENT_NO) values (100004,1005,'1','일정','재무팀','회계팀',to_date('24/11/14','RR/MM/DD'),1005,to_date('24/11/14','RR/MM/DD'),'Y',null);
Insert into TBL_LOG (LOG_NO,EMP_NO,LOG_TYPE,MENU_NAME,BEFOR_DATA,AFTER_DATA,CREATE_DATE,MODIFIER,MODIFY_DATE,USE_YN,DOCUMENT_NO) values (100005,1002,'1','공지사항','영업지원1팀','영업지원2팀',to_date('24/11/14','RR/MM/DD'),1005,to_date('24/11/14','RR/MM/DD'),'Y',null);
Insert into TBL_LOG (LOG_NO,EMP_NO,LOG_TYPE,MENU_NAME,BEFOR_DATA,AFTER_DATA,CREATE_DATE,MODIFIER,MODIFY_DATE,USE_YN,DOCUMENT_NO) values (100006,1002,'1','일정','영업지원2팀','영업지원1팀',to_date('24/11/14','RR/MM/DD'),1005,to_date('24/11/14','RR/MM/DD'),'Y',null);
Insert into TBL_LOG (LOG_NO,EMP_NO,LOG_TYPE,MENU_NAME,BEFOR_DATA,AFTER_DATA,CREATE_DATE,MODIFIER,MODIFY_DATE,USE_YN,DOCUMENT_NO) values (100007,1005,'1','공지사항','온라인 마케팅팀','영업지원1팀',to_date('24/11/14','RR/MM/DD'),1005,to_date('24/11/14','RR/MM/DD'),'Y',null);
Insert into TBL_LOG (LOG_NO,EMP_NO,LOG_TYPE,MENU_NAME,BEFOR_DATA,AFTER_DATA,CREATE_DATE,MODIFIER,MODIFY_DATE,USE_YN,DOCUMENT_NO) values (100008,1002,'1','일정','개발팀','정보보안팀',to_date('24/11/14','RR/MM/DD'),1005,to_date('24/11/14','RR/MM/DD'),'Y',null);
Insert into TBL_LOG (LOG_NO,EMP_NO,LOG_TYPE,MENU_NAME,BEFOR_DATA,AFTER_DATA,CREATE_DATE,MODIFIER,MODIFY_DATE,USE_YN,DOCUMENT_NO) values (100009,1005,'1','공지사항','정보보안팀','개발팀',to_date('24/11/14','RR/MM/DD'),1005,to_date('24/11/14','RR/MM/DD'),'Y',null);
Insert into TBL_LOG (LOG_NO,EMP_NO,LOG_TYPE,MENU_NAME,BEFOR_DATA,AFTER_DATA,CREATE_DATE,MODIFIER,MODIFY_DATE,USE_YN,DOCUMENT_NO) values (100010,1005,'1','일정','영업지원1팀','온라인 마케팅팀',to_date('24/11/14','RR/MM/DD'),1005,to_date('24/11/14','RR/MM/DD'),'Y',null);
Insert into TBL_LOG (LOG_NO,EMP_NO,LOG_TYPE,MENU_NAME,BEFOR_DATA,AFTER_DATA,CREATE_DATE,MODIFIER,MODIFY_DATE,USE_YN,DOCUMENT_NO) values (100011,1005,'1','공지사항','영업지원2팀','온라인 마케팅팀',to_date('24/11/14','RR/MM/DD'),1005,to_date('24/11/14','RR/MM/DD'),'Y',null);
Insert into TBL_LOG (LOG_NO,EMP_NO,LOG_TYPE,MENU_NAME,BEFOR_DATA,AFTER_DATA,CREATE_DATE,MODIFIER,MODIFY_DATE,USE_YN,DOCUMENT_NO) values (100012,1002,'1','일정','경영지원실','HR실',to_date('24/11/14','RR/MM/DD'),1005,to_date('24/11/14','RR/MM/DD'),'Y',null);
Insert into TBL_LOG (LOG_NO,EMP_NO,LOG_TYPE,MENU_NAME,BEFOR_DATA,AFTER_DATA,CREATE_DATE,MODIFIER,MODIFY_DATE,USE_YN,DOCUMENT_NO) values (100013,1005,'1','공지사항','HR실','경영지원실',to_date('24/11/14','RR/MM/DD'),1005,to_date('24/11/14','RR/MM/DD'),'Y',null);
Insert into TBL_LOG (LOG_NO,EMP_NO,LOG_TYPE,MENU_NAME,BEFOR_DATA,AFTER_DATA,CREATE_DATE,MODIFIER,MODIFY_DATE,USE_YN,DOCUMENT_NO) values (100014,1005,'1','일정','회계팀','재무팀',to_date('24/11/14','RR/MM/DD'),1005,to_date('24/11/14','RR/MM/DD'),'Y',null);
Insert into TBL_LOG (LOG_NO,EMP_NO,LOG_TYPE,MENU_NAME,BEFOR_DATA,AFTER_DATA,CREATE_DATE,MODIFIER,MODIFY_DATE,USE_YN,DOCUMENT_NO) values (100015,1005,'1','공지사항','재무팀','회계팀',to_date('24/11/14','RR/MM/DD'),1005,to_date('24/11/14','RR/MM/DD'),'Y',null);
Insert into TBL_LOG (LOG_NO,EMP_NO,LOG_TYPE,MENU_NAME,BEFOR_DATA,AFTER_DATA,CREATE_DATE,MODIFIER,MODIFY_DATE,USE_YN,DOCUMENT_NO) values (100016,1002,'1','일정','영업지원1팀','영업지원2팀',to_date('24/11/14','RR/MM/DD'),1005,to_date('24/11/14','RR/MM/DD'),'Y',null);
Insert into TBL_LOG (LOG_NO,EMP_NO,LOG_TYPE,MENU_NAME,BEFOR_DATA,AFTER_DATA,CREATE_DATE,MODIFIER,MODIFY_DATE,USE_YN,DOCUMENT_NO) values (100017,1005,'1','공지사항','영업지원2팀','영업지원1팀',to_date('24/11/14','RR/MM/DD'),1005,to_date('24/11/14','RR/MM/DD'),'Y',null);
Insert into TBL_LOG (LOG_NO,EMP_NO,LOG_TYPE,MENU_NAME,BEFOR_DATA,AFTER_DATA,CREATE_DATE,MODIFIER,MODIFY_DATE,USE_YN,DOCUMENT_NO) values (100018,1005,'1','일정','온라인 마케팅팀','영업지원1팀',to_date('24/11/14','RR/MM/DD'),1005,to_date('24/11/14','RR/MM/DD'),'Y',null);
Insert into TBL_LOG (LOG_NO,EMP_NO,LOG_TYPE,MENU_NAME,BEFOR_DATA,AFTER_DATA,CREATE_DATE,MODIFIER,MODIFY_DATE,USE_YN,DOCUMENT_NO) values (100019,1005,'1','공지사항','개발팀','정보보안팀',to_date('24/11/14','RR/MM/DD'),1005,to_date('24/11/14','RR/MM/DD'),'Y',null);
Insert into TBL_LOG (LOG_NO,EMP_NO,LOG_TYPE,MENU_NAME,BEFOR_DATA,AFTER_DATA,CREATE_DATE,MODIFIER,MODIFY_DATE,USE_YN,DOCUMENT_NO) values (100020,1005,'1','일정','정보보안팀','개발팀',to_date('24/11/14','RR/MM/DD'),1005,to_date('24/11/14','RR/MM/DD'),'Y',null);
Insert into TBL_LOG (LOG_NO,EMP_NO,LOG_TYPE,MENU_NAME,BEFOR_DATA,AFTER_DATA,CREATE_DATE,MODIFIER,MODIFY_DATE,USE_YN,DOCUMENT_NO) values (100021,1005,'1','공지사항','영업지원1팀','온라인 마케팅팀',to_date('24/11/14','RR/MM/DD'),1005,to_date('24/11/14','RR/MM/DD'),'Y',null);
Insert into TBL_LOG (LOG_NO,EMP_NO,LOG_TYPE,MENU_NAME,BEFOR_DATA,AFTER_DATA,CREATE_DATE,MODIFIER,MODIFY_DATE,USE_YN,DOCUMENT_NO) values (100022,1005,'1','일정','영업지원2팀','온라인 마케팅팀',to_date('24/11/14','RR/MM/DD'),1005,to_date('24/11/14','RR/MM/DD'),'Y',null);
Insert into TBL_LOG (LOG_NO,EMP_NO,LOG_TYPE,MENU_NAME,BEFOR_DATA,AFTER_DATA,CREATE_DATE,MODIFIER,MODIFY_DATE,USE_YN,DOCUMENT_NO) values (100023,1005,'1','공지사항','경영지원실','HR실',to_date('24/11/14','RR/MM/DD'),1005,to_date('24/11/14','RR/MM/DD'),'Y',null);
Insert into TBL_LOG (LOG_NO,EMP_NO,LOG_TYPE,MENU_NAME,BEFOR_DATA,AFTER_DATA,CREATE_DATE,MODIFIER,MODIFY_DATE,USE_YN,DOCUMENT_NO) values (100024,1005,'1','일정','HR실','경영지원실',to_date('24/11/14','RR/MM/DD'),1005,to_date('24/11/14','RR/MM/DD'),'Y',null);
Insert into TBL_LOG (LOG_NO,EMP_NO,LOG_TYPE,MENU_NAME,BEFOR_DATA,AFTER_DATA,CREATE_DATE,MODIFIER,MODIFY_DATE,USE_YN,DOCUMENT_NO) values (100025,1005,'1','공지사항','회계팀','재무팀',to_date('24/11/14','RR/MM/DD'),1005,to_date('24/11/14','RR/MM/DD'),'Y',null);
Insert into TBL_LOG (LOG_NO,EMP_NO,LOG_TYPE,MENU_NAME,BEFOR_DATA,AFTER_DATA,CREATE_DATE,MODIFIER,MODIFY_DATE,USE_YN,DOCUMENT_NO) values (100026,1005,'1','일정','재무팀','회계팀',to_date('24/11/14','RR/MM/DD'),1005,to_date('24/11/14','RR/MM/DD'),'Y',null);
Insert into TBL_LOG (LOG_NO,EMP_NO,LOG_TYPE,MENU_NAME,BEFOR_DATA,AFTER_DATA,CREATE_DATE,MODIFIER,MODIFY_DATE,USE_YN,DOCUMENT_NO) values (100027,1005,'1','공지사항','영업지원1팀','영업지원2팀',to_date('24/11/14','RR/MM/DD'),1005,to_date('24/11/14','RR/MM/DD'),'Y',null);
Insert into TBL_LOG (LOG_NO,EMP_NO,LOG_TYPE,MENU_NAME,BEFOR_DATA,AFTER_DATA,CREATE_DATE,MODIFIER,MODIFY_DATE,USE_YN,DOCUMENT_NO) values (100028,1005,'1','일정','영업지원2팀','영업지원1팀',to_date('24/11/14','RR/MM/DD'),1005,to_date('24/11/14','RR/MM/DD'),'Y',null);
Insert into TBL_LOG (LOG_NO,EMP_NO,LOG_TYPE,MENU_NAME,BEFOR_DATA,AFTER_DATA,CREATE_DATE,MODIFIER,MODIFY_DATE,USE_YN,DOCUMENT_NO) values (100029,1005,'1','공지사항','온라인 마케팅팀','영업지원1팀',to_date('24/11/14','RR/MM/DD'),1005,to_date('24/11/14','RR/MM/DD'),'Y',null);
Insert into TBL_LOG (LOG_NO,EMP_NO,LOG_TYPE,MENU_NAME,BEFOR_DATA,AFTER_DATA,CREATE_DATE,MODIFIER,MODIFY_DATE,USE_YN,DOCUMENT_NO) values (100030,1005,'1','일정','개발팀','정보보안팀',to_date('24/11/14','RR/MM/DD'),1005,to_date('24/11/14','RR/MM/DD'),'Y',null);
Insert into TBL_LOG (LOG_NO,EMP_NO,LOG_TYPE,MENU_NAME,BEFOR_DATA,AFTER_DATA,CREATE_DATE,MODIFIER,MODIFY_DATE,USE_YN,DOCUMENT_NO) values (100031,1005,'1','공지사항','정보보안팀','개발팀',to_date('24/11/14','RR/MM/DD'),1005,to_date('24/11/14','RR/MM/DD'),'Y',null);
Insert into TBL_LOG (LOG_NO,EMP_NO,LOG_TYPE,MENU_NAME,BEFOR_DATA,AFTER_DATA,CREATE_DATE,MODIFIER,MODIFY_DATE,USE_YN,DOCUMENT_NO) values (100032,1005,'1','일정','영업지원1팀','온라인 마케팅팀',to_date('24/11/14','RR/MM/DD'),1005,to_date('24/11/14','RR/MM/DD'),'Y',null);
Insert into TBL_LOG (LOG_NO,EMP_NO,LOG_TYPE,MENU_NAME,BEFOR_DATA,AFTER_DATA,CREATE_DATE,MODIFIER,MODIFY_DATE,USE_YN,DOCUMENT_NO) values (100033,1005,'1','공지사항','영업지원2팀','온라인 마케팅팀',to_date('24/11/14','RR/MM/DD'),1005,to_date('24/11/14','RR/MM/DD'),'Y',null);
REM INSERTING into TBL_ORDERING
SET DEFINE OFF;
Insert into TBL_ORDERING (ORDER_NO,EMP_NO,BRANCH_NAME,ORDER_STATUS,ORDER_CHECKDATE,CREATE_DATE,MODIFIER,MODIFY_DATE,USE_YN,DISPATCH_NO,APPROVAL_NO) values (1003,1010,'서울지점','Y',to_date('24/11/13','RR/MM/DD'),to_date('24/11/13','RR/MM/DD'),null,to_date('24/11/23','RR/MM/DD'),null,1006,'정준수');
Insert into TBL_ORDERING (ORDER_NO,EMP_NO,BRANCH_NAME,ORDER_STATUS,ORDER_CHECKDATE,CREATE_DATE,MODIFIER,MODIFY_DATE,USE_YN,DISPATCH_NO,APPROVAL_NO) values (1004,1010,'서울지점','Y',to_date('24/11/14','RR/MM/DD'),to_date('24/11/14','RR/MM/DD'),null,to_date('24/12/02','RR/MM/DD'),null,1001,'정준수');
Insert into TBL_ORDERING (ORDER_NO,EMP_NO,BRANCH_NAME,ORDER_STATUS,ORDER_CHECKDATE,CREATE_DATE,MODIFIER,MODIFY_DATE,USE_YN,DISPATCH_NO,APPROVAL_NO) values (1005,1010,'서울지점','N',to_date('24/11/15','RR/MM/DD'),to_date('24/11/15','RR/MM/DD'),null,to_date('24/11/23','RR/MM/DD'),null,null,'정준수');
Insert into TBL_ORDERING (ORDER_NO,EMP_NO,BRANCH_NAME,ORDER_STATUS,ORDER_CHECKDATE,CREATE_DATE,MODIFIER,MODIFY_DATE,USE_YN,DISPATCH_NO,APPROVAL_NO) values (1006,1010,'서울지점','N',to_date('24/11/16','RR/MM/DD'),to_date('24/11/16','RR/MM/DD'),null,to_date('24/11/23','RR/MM/DD'),null,null,'정준수');
Insert into TBL_ORDERING (ORDER_NO,EMP_NO,BRANCH_NAME,ORDER_STATUS,ORDER_CHECKDATE,CREATE_DATE,MODIFIER,MODIFY_DATE,USE_YN,DISPATCH_NO,APPROVAL_NO) values (1007,1010,'서울지점','Y',to_date('24/11/17','RR/MM/DD'),to_date('24/11/17','RR/MM/DD'),null,to_date('24/11/23','RR/MM/DD'),null,1002,'정준수');
Insert into TBL_ORDERING (ORDER_NO,EMP_NO,BRANCH_NAME,ORDER_STATUS,ORDER_CHECKDATE,CREATE_DATE,MODIFIER,MODIFY_DATE,USE_YN,DISPATCH_NO,APPROVAL_NO) values (1008,1010,'서울지점','N',to_date('24/11/18','RR/MM/DD'),to_date('24/11/18','RR/MM/DD'),null,to_date('24/11/23','RR/MM/DD'),null,null,'정준수');
Insert into TBL_ORDERING (ORDER_NO,EMP_NO,BRANCH_NAME,ORDER_STATUS,ORDER_CHECKDATE,CREATE_DATE,MODIFIER,MODIFY_DATE,USE_YN,DISPATCH_NO,APPROVAL_NO) values (1009,1010,'서울지점','Y',to_date('24/11/19','RR/MM/DD'),to_date('24/11/19','RR/MM/DD'),null,to_date('24/11/23','RR/MM/DD'),null,1006,'정준수');
Insert into TBL_ORDERING (ORDER_NO,EMP_NO,BRANCH_NAME,ORDER_STATUS,ORDER_CHECKDATE,CREATE_DATE,MODIFIER,MODIFY_DATE,USE_YN,DISPATCH_NO,APPROVAL_NO) values (1010,1010,'서울지점','N',to_date('24/11/20','RR/MM/DD'),to_date('24/11/20','RR/MM/DD'),null,to_date('24/12/02','RR/MM/DD'),null,null,'정준수');
Insert into TBL_ORDERING (ORDER_NO,EMP_NO,BRANCH_NAME,ORDER_STATUS,ORDER_CHECKDATE,CREATE_DATE,MODIFIER,MODIFY_DATE,USE_YN,DISPATCH_NO,APPROVAL_NO) values (1011,1010,'서울지점','Y',to_date('24/11/21','RR/MM/DD'),to_date('24/11/21','RR/MM/DD'),null,to_date('24/11/23','RR/MM/DD'),null,1008,'정준수');
Insert into TBL_ORDERING (ORDER_NO,EMP_NO,BRANCH_NAME,ORDER_STATUS,ORDER_CHECKDATE,CREATE_DATE,MODIFIER,MODIFY_DATE,USE_YN,DISPATCH_NO,APPROVAL_NO) values (1012,1010,'서울지점','Y',to_date('24/11/22','RR/MM/DD'),to_date('24/11/22','RR/MM/DD'),1010,to_date('24/12/03','RR/MM/DD'),null,1004,'정준수');
Insert into TBL_ORDERING (ORDER_NO,EMP_NO,BRANCH_NAME,ORDER_STATUS,ORDER_CHECKDATE,CREATE_DATE,MODIFIER,MODIFY_DATE,USE_YN,DISPATCH_NO,APPROVAL_NO) values (1025,1010,'서울지점','N',to_date('24/11/28','RR/MM/DD'),to_date('24/11/28','RR/MM/DD'),1010,to_date('24/12/03','RR/MM/DD'),null,null,'정준수');
Insert into TBL_ORDERING (ORDER_NO,EMP_NO,BRANCH_NAME,ORDER_STATUS,ORDER_CHECKDATE,CREATE_DATE,MODIFIER,MODIFY_DATE,USE_YN,DISPATCH_NO,APPROVAL_NO) values (1026,1010,'서울지점','Y',to_date('24/12/01','RR/MM/DD'),to_date('24/12/01','RR/MM/DD'),1010,to_date('24/12/03','RR/MM/DD'),null,1008,'정준수');
Insert into TBL_ORDERING (ORDER_NO,EMP_NO,BRANCH_NAME,ORDER_STATUS,ORDER_CHECKDATE,CREATE_DATE,MODIFIER,MODIFY_DATE,USE_YN,DISPATCH_NO,APPROVAL_NO) values (1027,1010,'서울지점','N',to_date('24/12/02','RR/MM/DD'),to_date('24/12/02','RR/MM/DD'),1010,to_date('24/12/03','RR/MM/DD'),null,null,'정준수');
Insert into TBL_ORDERING (ORDER_NO,EMP_NO,BRANCH_NAME,ORDER_STATUS,ORDER_CHECKDATE,CREATE_DATE,MODIFIER,MODIFY_DATE,USE_YN,DISPATCH_NO,APPROVAL_NO) values (1032,1010,'서울지점','I',to_date('24/12/10','RR/MM/DD'),to_date('24/12/10','RR/MM/DD'),null,to_date('24/12/10','RR/MM/DD'),null,null,null);
Insert into TBL_ORDERING (ORDER_NO,EMP_NO,BRANCH_NAME,ORDER_STATUS,ORDER_CHECKDATE,CREATE_DATE,MODIFIER,MODIFY_DATE,USE_YN,DISPATCH_NO,APPROVAL_NO) values (1031,1010,'서울지점','I',to_date('24/12/03','RR/MM/DD'),to_date('24/12/03','RR/MM/DD'),1010,to_date('24/12/10','RR/MM/DD'),null,null,null);
Insert into TBL_ORDERING (ORDER_NO,EMP_NO,BRANCH_NAME,ORDER_STATUS,ORDER_CHECKDATE,CREATE_DATE,MODIFIER,MODIFY_DATE,USE_YN,DISPATCH_NO,APPROVAL_NO) values (1001,1010,'서울지점','Y',to_date('24/11/11','RR/MM/DD'),to_date('24/11/11','RR/MM/DD'),null,to_date('24/11/28','RR/MM/DD'),null,1009,'정준수');
Insert into TBL_ORDERING (ORDER_NO,EMP_NO,BRANCH_NAME,ORDER_STATUS,ORDER_CHECKDATE,CREATE_DATE,MODIFIER,MODIFY_DATE,USE_YN,DISPATCH_NO,APPROVAL_NO) values (1002,1010,'서울지점','Y',to_date('24/11/12','RR/MM/DD'),to_date('24/11/12','RR/MM/DD'),null,to_date('24/11/28','RR/MM/DD'),null,1005,'정준수');
REM INSERTING into TBL_ORDERING_PRODUCT
SET DEFINE OFF;
Insert into TBL_ORDERING_PRODUCT (PRODUCT_NO,ORDER_COUNT,CREATE_DATE,MODIFIER,MODIFY_DATE,USE_YN,ORDER_NO,PRODUCT_NAME) values (1020,1,to_date('24/11/11','RR/MM/DD'),1010,to_date('24/11/28','RR/MM/DD'),null,1001,'발렌타인 12년 700ml');
Insert into TBL_ORDERING_PRODUCT (PRODUCT_NO,ORDER_COUNT,CREATE_DATE,MODIFIER,MODIFY_DATE,USE_YN,ORDER_NO,PRODUCT_NAME) values (1019,1,to_date('24/11/11','RR/MM/DD'),1010,to_date('24/11/28','RR/MM/DD'),null,1001,'롱섬 와인 750ml');
Insert into TBL_ORDERING_PRODUCT (PRODUCT_NO,ORDER_COUNT,CREATE_DATE,MODIFIER,MODIFY_DATE,USE_YN,ORDER_NO,PRODUCT_NAME) values (1018,1,to_date('24/11/11','RR/MM/DD'),1010,to_date('24/11/28','RR/MM/DD'),null,1001,'맥스 500ml');
Insert into TBL_ORDERING_PRODUCT (PRODUCT_NO,ORDER_COUNT,CREATE_DATE,MODIFIER,MODIFY_DATE,USE_YN,ORDER_NO,PRODUCT_NAME) values (1017,2,to_date('24/11/11','RR/MM/DD'),1010,to_date('24/11/28','RR/MM/DD'),null,1001,'하이트 진로 500ml');
Insert into TBL_ORDERING_PRODUCT (PRODUCT_NO,ORDER_COUNT,CREATE_DATE,MODIFIER,MODIFY_DATE,USE_YN,ORDER_NO,PRODUCT_NAME) values (1016,3,to_date('24/11/11','RR/MM/DD'),1010,to_date('24/11/28','RR/MM/DD'),null,1001,'참이슬 Fresh 360ml');
Insert into TBL_ORDERING_PRODUCT (PRODUCT_NO,ORDER_COUNT,CREATE_DATE,MODIFIER,MODIFY_DATE,USE_YN,ORDER_NO,PRODUCT_NAME) values (1015,1,to_date('24/11/11','RR/MM/DD'),1010,to_date('24/11/28','RR/MM/DD'),null,1001,'스파게티');
Insert into TBL_ORDERING_PRODUCT (PRODUCT_NO,ORDER_COUNT,CREATE_DATE,MODIFIER,MODIFY_DATE,USE_YN,ORDER_NO,PRODUCT_NAME) values (1014,1,to_date('24/11/11','RR/MM/DD'),1010,to_date('24/11/28','RR/MM/DD'),null,1001,'피자');
Insert into TBL_ORDERING_PRODUCT (PRODUCT_NO,ORDER_COUNT,CREATE_DATE,MODIFIER,MODIFY_DATE,USE_YN,ORDER_NO,PRODUCT_NAME) values (1013,1,to_date('24/11/11','RR/MM/DD'),1010,to_date('24/11/28','RR/MM/DD'),null,1001,'커스터드빵');
Insert into TBL_ORDERING_PRODUCT (PRODUCT_NO,ORDER_COUNT,CREATE_DATE,MODIFIER,MODIFY_DATE,USE_YN,ORDER_NO,PRODUCT_NAME) values (1012,2,to_date('24/11/11','RR/MM/DD'),1010,to_date('24/11/28','RR/MM/DD'),null,1001,'소시지빵');
Insert into TBL_ORDERING_PRODUCT (PRODUCT_NO,ORDER_COUNT,CREATE_DATE,MODIFIER,MODIFY_DATE,USE_YN,ORDER_NO,PRODUCT_NAME) values (1011,2,to_date('24/11/11','RR/MM/DD'),1010,to_date('24/11/28','RR/MM/DD'),null,1001,'김치찌개');
Insert into TBL_ORDERING_PRODUCT (PRODUCT_NO,ORDER_COUNT,CREATE_DATE,MODIFIER,MODIFY_DATE,USE_YN,ORDER_NO,PRODUCT_NAME) values (1010,2,to_date('24/11/11','RR/MM/DD'),1010,to_date('24/11/28','RR/MM/DD'),null,1001,'떡볶이');
Insert into TBL_ORDERING_PRODUCT (PRODUCT_NO,ORDER_COUNT,CREATE_DATE,MODIFIER,MODIFY_DATE,USE_YN,ORDER_NO,PRODUCT_NAME) values (1009,2,to_date('24/11/11','RR/MM/DD'),1010,to_date('24/11/28','RR/MM/DD'),null,1001,'라면');
Insert into TBL_ORDERING_PRODUCT (PRODUCT_NO,ORDER_COUNT,CREATE_DATE,MODIFIER,MODIFY_DATE,USE_YN,ORDER_NO,PRODUCT_NAME) values (1008,3,to_date('24/11/11','RR/MM/DD'),1010,to_date('24/11/28','RR/MM/DD'),null,1001,'초코파이');
Insert into TBL_ORDERING_PRODUCT (PRODUCT_NO,ORDER_COUNT,CREATE_DATE,MODIFIER,MODIFY_DATE,USE_YN,ORDER_NO,PRODUCT_NAME) values (1007,5,to_date('24/11/11','RR/MM/DD'),1010,to_date('24/11/28','RR/MM/DD'),null,1001,'커피');
Insert into TBL_ORDERING_PRODUCT (PRODUCT_NO,ORDER_COUNT,CREATE_DATE,MODIFIER,MODIFY_DATE,USE_YN,ORDER_NO,PRODUCT_NAME) values (1006,4,to_date('24/11/11','RR/MM/DD'),1010,to_date('24/11/28','RR/MM/DD'),null,1001,'삼각김밥');
Insert into TBL_ORDERING_PRODUCT (PRODUCT_NO,ORDER_COUNT,CREATE_DATE,MODIFIER,MODIFY_DATE,USE_YN,ORDER_NO,PRODUCT_NAME) values (1005,8,to_date('24/11/11','RR/MM/DD'),1010,to_date('24/11/28','RR/MM/DD'),null,1001,'과일주스');
Insert into TBL_ORDERING_PRODUCT (PRODUCT_NO,ORDER_COUNT,CREATE_DATE,MODIFIER,MODIFY_DATE,USE_YN,ORDER_NO,PRODUCT_NAME) values (1004,5,to_date('24/11/11','RR/MM/DD'),1010,to_date('24/11/28','RR/MM/DD'),null,1001,'아이스크림');
Insert into TBL_ORDERING_PRODUCT (PRODUCT_NO,ORDER_COUNT,CREATE_DATE,MODIFIER,MODIFY_DATE,USE_YN,ORDER_NO,PRODUCT_NAME) values (1003,4,to_date('24/11/11','RR/MM/DD'),1010,to_date('24/11/28','RR/MM/DD'),null,1001,'컵라면');
Insert into TBL_ORDERING_PRODUCT (PRODUCT_NO,ORDER_COUNT,CREATE_DATE,MODIFIER,MODIFY_DATE,USE_YN,ORDER_NO,PRODUCT_NAME) values (1002,1,to_date('24/11/11','RR/MM/DD'),1010,to_date('24/11/28','RR/MM/DD'),null,1001,'김밥');
Insert into TBL_ORDERING_PRODUCT (PRODUCT_NO,ORDER_COUNT,CREATE_DATE,MODIFIER,MODIFY_DATE,USE_YN,ORDER_NO,PRODUCT_NAME) values (1001,1,to_date('24/11/11','RR/MM/DD'),1010,to_date('24/11/28','RR/MM/DD'),null,1001,'핫도그');
Insert into TBL_ORDERING_PRODUCT (PRODUCT_NO,ORDER_COUNT,CREATE_DATE,MODIFIER,MODIFY_DATE,USE_YN,ORDER_NO,PRODUCT_NAME) values (1021,0,to_date('24/11/11','RR/MM/DD'),1010,to_date('24/11/28','RR/MM/DD'),null,1002,'야마자키 12년산  700ml ');
Insert into TBL_ORDERING_PRODUCT (PRODUCT_NO,ORDER_COUNT,CREATE_DATE,MODIFIER,MODIFY_DATE,USE_YN,ORDER_NO,PRODUCT_NAME) values (1020,0,to_date('24/11/12','RR/MM/DD'),1010,to_date('24/11/28','RR/MM/DD'),null,1002,'발렌타인 12년 700ml');
Insert into TBL_ORDERING_PRODUCT (PRODUCT_NO,ORDER_COUNT,CREATE_DATE,MODIFIER,MODIFY_DATE,USE_YN,ORDER_NO,PRODUCT_NAME) values (1019,0,to_date('24/11/12','RR/MM/DD'),1010,to_date('24/11/28','RR/MM/DD'),null,1002,'롱섬 와인 750ml');
Insert into TBL_ORDERING_PRODUCT (PRODUCT_NO,ORDER_COUNT,CREATE_DATE,MODIFIER,MODIFY_DATE,USE_YN,ORDER_NO,PRODUCT_NAME) values (1018,0,to_date('24/11/12','RR/MM/DD'),1010,to_date('24/11/28','RR/MM/DD'),null,1002,'맥스 500ml');
Insert into TBL_ORDERING_PRODUCT (PRODUCT_NO,ORDER_COUNT,CREATE_DATE,MODIFIER,MODIFY_DATE,USE_YN,ORDER_NO,PRODUCT_NAME) values (1017,0,to_date('24/11/12','RR/MM/DD'),1010,to_date('24/11/28','RR/MM/DD'),null,1002,'하이트 진로 500ml');
Insert into TBL_ORDERING_PRODUCT (PRODUCT_NO,ORDER_COUNT,CREATE_DATE,MODIFIER,MODIFY_DATE,USE_YN,ORDER_NO,PRODUCT_NAME) values (1016,0,to_date('24/11/12','RR/MM/DD'),1010,to_date('24/11/28','RR/MM/DD'),null,1002,'참이슬 Fresh 360ml');
Insert into TBL_ORDERING_PRODUCT (PRODUCT_NO,ORDER_COUNT,CREATE_DATE,MODIFIER,MODIFY_DATE,USE_YN,ORDER_NO,PRODUCT_NAME) values (1015,0,to_date('24/11/12','RR/MM/DD'),1010,to_date('24/11/28','RR/MM/DD'),null,1002,'스파게티');
Insert into TBL_ORDERING_PRODUCT (PRODUCT_NO,ORDER_COUNT,CREATE_DATE,MODIFIER,MODIFY_DATE,USE_YN,ORDER_NO,PRODUCT_NAME) values (1014,0,to_date('24/11/12','RR/MM/DD'),1010,to_date('24/11/28','RR/MM/DD'),null,1002,'피자');
Insert into TBL_ORDERING_PRODUCT (PRODUCT_NO,ORDER_COUNT,CREATE_DATE,MODIFIER,MODIFY_DATE,USE_YN,ORDER_NO,PRODUCT_NAME) values (1013,0,to_date('24/11/12','RR/MM/DD'),1010,to_date('24/11/28','RR/MM/DD'),null,1002,'커스터드빵');
Insert into TBL_ORDERING_PRODUCT (PRODUCT_NO,ORDER_COUNT,CREATE_DATE,MODIFIER,MODIFY_DATE,USE_YN,ORDER_NO,PRODUCT_NAME) values (1012,0,to_date('24/11/12','RR/MM/DD'),1010,to_date('24/11/28','RR/MM/DD'),null,1002,'소시지빵');
Insert into TBL_ORDERING_PRODUCT (PRODUCT_NO,ORDER_COUNT,CREATE_DATE,MODIFIER,MODIFY_DATE,USE_YN,ORDER_NO,PRODUCT_NAME) values (1011,0,to_date('24/11/12','RR/MM/DD'),1010,to_date('24/11/28','RR/MM/DD'),null,1002,'김치찌개');
Insert into TBL_ORDERING_PRODUCT (PRODUCT_NO,ORDER_COUNT,CREATE_DATE,MODIFIER,MODIFY_DATE,USE_YN,ORDER_NO,PRODUCT_NAME) values (1010,0,to_date('24/11/12','RR/MM/DD'),1010,to_date('24/11/28','RR/MM/DD'),null,1002,'떡볶이');
Insert into TBL_ORDERING_PRODUCT (PRODUCT_NO,ORDER_COUNT,CREATE_DATE,MODIFIER,MODIFY_DATE,USE_YN,ORDER_NO,PRODUCT_NAME) values (1009,0,to_date('24/11/12','RR/MM/DD'),1010,to_date('24/11/28','RR/MM/DD'),null,1002,'라면');
Insert into TBL_ORDERING_PRODUCT (PRODUCT_NO,ORDER_COUNT,CREATE_DATE,MODIFIER,MODIFY_DATE,USE_YN,ORDER_NO,PRODUCT_NAME) values (1008,0,to_date('24/11/12','RR/MM/DD'),1010,to_date('24/11/28','RR/MM/DD'),null,1002,'초코파이');
Insert into TBL_ORDERING_PRODUCT (PRODUCT_NO,ORDER_COUNT,CREATE_DATE,MODIFIER,MODIFY_DATE,USE_YN,ORDER_NO,PRODUCT_NAME) values (1021,1,to_date('24/11/12','RR/MM/DD'),1010,to_date('24/11/28','RR/MM/DD'),null,1001,'야마자키 12년산  700ml ');
Insert into TBL_ORDERING_PRODUCT (PRODUCT_NO,ORDER_COUNT,CREATE_DATE,MODIFIER,MODIFY_DATE,USE_YN,ORDER_NO,PRODUCT_NAME) values (1007,0,to_date('24/11/12','RR/MM/DD'),1010,to_date('24/11/28','RR/MM/DD'),null,1002,'커피');
Insert into TBL_ORDERING_PRODUCT (PRODUCT_NO,ORDER_COUNT,CREATE_DATE,MODIFIER,MODIFY_DATE,USE_YN,ORDER_NO,PRODUCT_NAME) values (1006,0,to_date('24/11/12','RR/MM/DD'),1010,to_date('24/11/28','RR/MM/DD'),null,1002,'삼각김밥');
Insert into TBL_ORDERING_PRODUCT (PRODUCT_NO,ORDER_COUNT,CREATE_DATE,MODIFIER,MODIFY_DATE,USE_YN,ORDER_NO,PRODUCT_NAME) values (1005,0,to_date('24/11/12','RR/MM/DD'),1010,to_date('24/11/28','RR/MM/DD'),null,1002,'과일주스');
Insert into TBL_ORDERING_PRODUCT (PRODUCT_NO,ORDER_COUNT,CREATE_DATE,MODIFIER,MODIFY_DATE,USE_YN,ORDER_NO,PRODUCT_NAME) values (1004,0,to_date('24/11/12','RR/MM/DD'),1010,to_date('24/11/28','RR/MM/DD'),null,1002,'아이스크림');
Insert into TBL_ORDERING_PRODUCT (PRODUCT_NO,ORDER_COUNT,CREATE_DATE,MODIFIER,MODIFY_DATE,USE_YN,ORDER_NO,PRODUCT_NAME) values (1003,0,to_date('24/11/12','RR/MM/DD'),1010,to_date('24/11/28','RR/MM/DD'),null,1002,'컵라면');
Insert into TBL_ORDERING_PRODUCT (PRODUCT_NO,ORDER_COUNT,CREATE_DATE,MODIFIER,MODIFY_DATE,USE_YN,ORDER_NO,PRODUCT_NAME) values (1002,0,to_date('24/11/12','RR/MM/DD'),1010,to_date('24/11/28','RR/MM/DD'),null,1002,'김밥');
Insert into TBL_ORDERING_PRODUCT (PRODUCT_NO,ORDER_COUNT,CREATE_DATE,MODIFIER,MODIFY_DATE,USE_YN,ORDER_NO,PRODUCT_NAME) values (1001,0,to_date('24/11/12','RR/MM/DD'),1010,to_date('24/11/28','RR/MM/DD'),null,1002,'핫도그');
Insert into TBL_ORDERING_PRODUCT (PRODUCT_NO,ORDER_COUNT,CREATE_DATE,MODIFIER,MODIFY_DATE,USE_YN,ORDER_NO,PRODUCT_NAME) values (1021,3,to_date('24/11/13','RR/MM/DD'),null,to_date('24/11/23','RR/MM/DD'),null,1003,'야마자키 12년산  700ml ');
Insert into TBL_ORDERING_PRODUCT (PRODUCT_NO,ORDER_COUNT,CREATE_DATE,MODIFIER,MODIFY_DATE,USE_YN,ORDER_NO,PRODUCT_NAME) values (1020,3,to_date('24/11/13','RR/MM/DD'),null,to_date('24/11/23','RR/MM/DD'),null,1003,'발렌타인 12년 700ml');
Insert into TBL_ORDERING_PRODUCT (PRODUCT_NO,ORDER_COUNT,CREATE_DATE,MODIFIER,MODIFY_DATE,USE_YN,ORDER_NO,PRODUCT_NAME) values (1019,0,to_date('24/11/13','RR/MM/DD'),null,to_date('24/11/23','RR/MM/DD'),null,1003,'롱섬 와인 750ml');
Insert into TBL_ORDERING_PRODUCT (PRODUCT_NO,ORDER_COUNT,CREATE_DATE,MODIFIER,MODIFY_DATE,USE_YN,ORDER_NO,PRODUCT_NAME) values (1018,3,to_date('24/11/13','RR/MM/DD'),null,to_date('24/11/23','RR/MM/DD'),null,1003,'맥스 500ml');
Insert into TBL_ORDERING_PRODUCT (PRODUCT_NO,ORDER_COUNT,CREATE_DATE,MODIFIER,MODIFY_DATE,USE_YN,ORDER_NO,PRODUCT_NAME) values (1017,0,to_date('24/11/13','RR/MM/DD'),null,to_date('24/11/23','RR/MM/DD'),null,1003,'하이트 진로 500ml');
Insert into TBL_ORDERING_PRODUCT (PRODUCT_NO,ORDER_COUNT,CREATE_DATE,MODIFIER,MODIFY_DATE,USE_YN,ORDER_NO,PRODUCT_NAME) values (1016,4,to_date('24/11/13','RR/MM/DD'),null,to_date('24/11/23','RR/MM/DD'),null,1003,'참이슬 Fresh 360ml');
Insert into TBL_ORDERING_PRODUCT (PRODUCT_NO,ORDER_COUNT,CREATE_DATE,MODIFIER,MODIFY_DATE,USE_YN,ORDER_NO,PRODUCT_NAME) values (1015,1,to_date('24/11/13','RR/MM/DD'),null,to_date('24/11/23','RR/MM/DD'),null,1003,'스파게티');
Insert into TBL_ORDERING_PRODUCT (PRODUCT_NO,ORDER_COUNT,CREATE_DATE,MODIFIER,MODIFY_DATE,USE_YN,ORDER_NO,PRODUCT_NAME) values (1014,0,to_date('24/11/13','RR/MM/DD'),null,to_date('24/11/23','RR/MM/DD'),null,1003,'피자');
Insert into TBL_ORDERING_PRODUCT (PRODUCT_NO,ORDER_COUNT,CREATE_DATE,MODIFIER,MODIFY_DATE,USE_YN,ORDER_NO,PRODUCT_NAME) values (1013,0,to_date('24/11/13','RR/MM/DD'),null,to_date('24/11/23','RR/MM/DD'),null,1003,'커스터드빵');
Insert into TBL_ORDERING_PRODUCT (PRODUCT_NO,ORDER_COUNT,CREATE_DATE,MODIFIER,MODIFY_DATE,USE_YN,ORDER_NO,PRODUCT_NAME) values (1012,0,to_date('24/11/13','RR/MM/DD'),null,to_date('24/11/23','RR/MM/DD'),null,1003,'소시지빵');
Insert into TBL_ORDERING_PRODUCT (PRODUCT_NO,ORDER_COUNT,CREATE_DATE,MODIFIER,MODIFY_DATE,USE_YN,ORDER_NO,PRODUCT_NAME) values (1011,0,to_date('24/11/13','RR/MM/DD'),null,to_date('24/11/23','RR/MM/DD'),null,1003,'김치찌개');
Insert into TBL_ORDERING_PRODUCT (PRODUCT_NO,ORDER_COUNT,CREATE_DATE,MODIFIER,MODIFY_DATE,USE_YN,ORDER_NO,PRODUCT_NAME) values (1010,0,to_date('24/11/13','RR/MM/DD'),null,to_date('24/11/23','RR/MM/DD'),null,1003,'떡볶이');
Insert into TBL_ORDERING_PRODUCT (PRODUCT_NO,ORDER_COUNT,CREATE_DATE,MODIFIER,MODIFY_DATE,USE_YN,ORDER_NO,PRODUCT_NAME) values (1009,0,to_date('24/11/13','RR/MM/DD'),null,to_date('24/11/23','RR/MM/DD'),null,1003,'라면');
Insert into TBL_ORDERING_PRODUCT (PRODUCT_NO,ORDER_COUNT,CREATE_DATE,MODIFIER,MODIFY_DATE,USE_YN,ORDER_NO,PRODUCT_NAME) values (1008,0,to_date('24/11/13','RR/MM/DD'),null,to_date('24/11/23','RR/MM/DD'),null,1003,'초코파이');
Insert into TBL_ORDERING_PRODUCT (PRODUCT_NO,ORDER_COUNT,CREATE_DATE,MODIFIER,MODIFY_DATE,USE_YN,ORDER_NO,PRODUCT_NAME) values (1007,0,to_date('24/11/13','RR/MM/DD'),null,to_date('24/11/23','RR/MM/DD'),null,1003,'커피');
Insert into TBL_ORDERING_PRODUCT (PRODUCT_NO,ORDER_COUNT,CREATE_DATE,MODIFIER,MODIFY_DATE,USE_YN,ORDER_NO,PRODUCT_NAME) values (1006,0,to_date('24/11/13','RR/MM/DD'),null,to_date('24/11/23','RR/MM/DD'),null,1003,'삼각김밥');
Insert into TBL_ORDERING_PRODUCT (PRODUCT_NO,ORDER_COUNT,CREATE_DATE,MODIFIER,MODIFY_DATE,USE_YN,ORDER_NO,PRODUCT_NAME) values (1005,3,to_date('24/11/13','RR/MM/DD'),null,to_date('24/11/23','RR/MM/DD'),null,1003,'과일주스');
Insert into TBL_ORDERING_PRODUCT (PRODUCT_NO,ORDER_COUNT,CREATE_DATE,MODIFIER,MODIFY_DATE,USE_YN,ORDER_NO,PRODUCT_NAME) values (1004,0,to_date('24/11/13','RR/MM/DD'),null,to_date('24/11/23','RR/MM/DD'),null,1003,'아이스크림');
Insert into TBL_ORDERING_PRODUCT (PRODUCT_NO,ORDER_COUNT,CREATE_DATE,MODIFIER,MODIFY_DATE,USE_YN,ORDER_NO,PRODUCT_NAME) values (1003,3,to_date('24/11/13','RR/MM/DD'),null,to_date('24/11/23','RR/MM/DD'),null,1003,'컵라면');
Insert into TBL_ORDERING_PRODUCT (PRODUCT_NO,ORDER_COUNT,CREATE_DATE,MODIFIER,MODIFY_DATE,USE_YN,ORDER_NO,PRODUCT_NAME) values (1002,2,to_date('24/11/13','RR/MM/DD'),null,to_date('24/11/23','RR/MM/DD'),null,1003,'김밥');
Insert into TBL_ORDERING_PRODUCT (PRODUCT_NO,ORDER_COUNT,CREATE_DATE,MODIFIER,MODIFY_DATE,USE_YN,ORDER_NO,PRODUCT_NAME) values (1001,0,to_date('24/11/13','RR/MM/DD'),null,to_date('24/11/23','RR/MM/DD'),null,1003,'핫도그');
Insert into TBL_ORDERING_PRODUCT (PRODUCT_NO,ORDER_COUNT,CREATE_DATE,MODIFIER,MODIFY_DATE,USE_YN,ORDER_NO,PRODUCT_NAME) values (1021,2,to_date('24/11/14','RR/MM/DD'),1010,to_date('24/12/02','RR/MM/DD'),null,1004,'야마자키 12년산  700ml ');
Insert into TBL_ORDERING_PRODUCT (PRODUCT_NO,ORDER_COUNT,CREATE_DATE,MODIFIER,MODIFY_DATE,USE_YN,ORDER_NO,PRODUCT_NAME) values (1020,1,to_date('24/11/14','RR/MM/DD'),1010,to_date('24/12/02','RR/MM/DD'),null,1004,'발렌타인 12년 700ml');
Insert into TBL_ORDERING_PRODUCT (PRODUCT_NO,ORDER_COUNT,CREATE_DATE,MODIFIER,MODIFY_DATE,USE_YN,ORDER_NO,PRODUCT_NAME) values (1019,5,to_date('24/11/14','RR/MM/DD'),1010,to_date('24/12/02','RR/MM/DD'),null,1004,'롱섬 와인 750ml');
Insert into TBL_ORDERING_PRODUCT (PRODUCT_NO,ORDER_COUNT,CREATE_DATE,MODIFIER,MODIFY_DATE,USE_YN,ORDER_NO,PRODUCT_NAME) values (1018,5,to_date('24/11/14','RR/MM/DD'),1010,to_date('24/12/02','RR/MM/DD'),null,1004,'맥스 500ml');
Insert into TBL_ORDERING_PRODUCT (PRODUCT_NO,ORDER_COUNT,CREATE_DATE,MODIFIER,MODIFY_DATE,USE_YN,ORDER_NO,PRODUCT_NAME) values (1017,6,to_date('24/11/14','RR/MM/DD'),1010,to_date('24/12/02','RR/MM/DD'),null,1004,'하이트 진로 500ml');
Insert into TBL_ORDERING_PRODUCT (PRODUCT_NO,ORDER_COUNT,CREATE_DATE,MODIFIER,MODIFY_DATE,USE_YN,ORDER_NO,PRODUCT_NAME) values (1016,6,to_date('24/11/14','RR/MM/DD'),1010,to_date('24/12/02','RR/MM/DD'),null,1004,'참이슬 Fresh 360ml');
Insert into TBL_ORDERING_PRODUCT (PRODUCT_NO,ORDER_COUNT,CREATE_DATE,MODIFIER,MODIFY_DATE,USE_YN,ORDER_NO,PRODUCT_NAME) values (1015,7,to_date('24/11/14','RR/MM/DD'),1010,to_date('24/12/02','RR/MM/DD'),null,1004,'스파게티');
Insert into TBL_ORDERING_PRODUCT (PRODUCT_NO,ORDER_COUNT,CREATE_DATE,MODIFIER,MODIFY_DATE,USE_YN,ORDER_NO,PRODUCT_NAME) values (1014,7,to_date('24/11/14','RR/MM/DD'),1010,to_date('24/12/02','RR/MM/DD'),null,1004,'피자');
Insert into TBL_ORDERING_PRODUCT (PRODUCT_NO,ORDER_COUNT,CREATE_DATE,MODIFIER,MODIFY_DATE,USE_YN,ORDER_NO,PRODUCT_NAME) values (1013,0,to_date('24/11/14','RR/MM/DD'),1010,to_date('24/12/02','RR/MM/DD'),null,1004,'커스터드빵');
Insert into TBL_ORDERING_PRODUCT (PRODUCT_NO,ORDER_COUNT,CREATE_DATE,MODIFIER,MODIFY_DATE,USE_YN,ORDER_NO,PRODUCT_NAME) values (1012,0,to_date('24/11/14','RR/MM/DD'),1010,to_date('24/12/02','RR/MM/DD'),null,1004,'소시지빵');
Insert into TBL_ORDERING_PRODUCT (PRODUCT_NO,ORDER_COUNT,CREATE_DATE,MODIFIER,MODIFY_DATE,USE_YN,ORDER_NO,PRODUCT_NAME) values (1011,0,to_date('24/11/14','RR/MM/DD'),1010,to_date('24/12/02','RR/MM/DD'),null,1004,'김치찌개');
Insert into TBL_ORDERING_PRODUCT (PRODUCT_NO,ORDER_COUNT,CREATE_DATE,MODIFIER,MODIFY_DATE,USE_YN,ORDER_NO,PRODUCT_NAME) values (1010,0,to_date('24/11/14','RR/MM/DD'),1010,to_date('24/12/02','RR/MM/DD'),null,1004,'떡볶이');
Insert into TBL_ORDERING_PRODUCT (PRODUCT_NO,ORDER_COUNT,CREATE_DATE,MODIFIER,MODIFY_DATE,USE_YN,ORDER_NO,PRODUCT_NAME) values (1009,1,to_date('24/11/14','RR/MM/DD'),1010,to_date('24/12/02','RR/MM/DD'),null,1004,'라면');
Insert into TBL_ORDERING_PRODUCT (PRODUCT_NO,ORDER_COUNT,CREATE_DATE,MODIFIER,MODIFY_DATE,USE_YN,ORDER_NO,PRODUCT_NAME) values (1008,1,to_date('24/11/14','RR/MM/DD'),1010,to_date('24/12/02','RR/MM/DD'),null,1004,'초코파이');
Insert into TBL_ORDERING_PRODUCT (PRODUCT_NO,ORDER_COUNT,CREATE_DATE,MODIFIER,MODIFY_DATE,USE_YN,ORDER_NO,PRODUCT_NAME) values (1007,1,to_date('24/11/14','RR/MM/DD'),1010,to_date('24/12/02','RR/MM/DD'),null,1004,'커피');
Insert into TBL_ORDERING_PRODUCT (PRODUCT_NO,ORDER_COUNT,CREATE_DATE,MODIFIER,MODIFY_DATE,USE_YN,ORDER_NO,PRODUCT_NAME) values (1006,5,to_date('24/11/14','RR/MM/DD'),1010,to_date('24/12/02','RR/MM/DD'),null,1004,'삼각김밥');
Insert into TBL_ORDERING_PRODUCT (PRODUCT_NO,ORDER_COUNT,CREATE_DATE,MODIFIER,MODIFY_DATE,USE_YN,ORDER_NO,PRODUCT_NAME) values (1005,5,to_date('24/11/14','RR/MM/DD'),1010,to_date('24/12/02','RR/MM/DD'),null,1004,'과일주스');
Insert into TBL_ORDERING_PRODUCT (PRODUCT_NO,ORDER_COUNT,CREATE_DATE,MODIFIER,MODIFY_DATE,USE_YN,ORDER_NO,PRODUCT_NAME) values (1004,6,to_date('24/11/14','RR/MM/DD'),1010,to_date('24/12/02','RR/MM/DD'),null,1004,'아이스크림');
Insert into TBL_ORDERING_PRODUCT (PRODUCT_NO,ORDER_COUNT,CREATE_DATE,MODIFIER,MODIFY_DATE,USE_YN,ORDER_NO,PRODUCT_NAME) values (1003,6,to_date('24/11/14','RR/MM/DD'),1010,to_date('24/12/02','RR/MM/DD'),null,1004,'컵라면');
Insert into TBL_ORDERING_PRODUCT (PRODUCT_NO,ORDER_COUNT,CREATE_DATE,MODIFIER,MODIFY_DATE,USE_YN,ORDER_NO,PRODUCT_NAME) values (1002,7,to_date('24/11/14','RR/MM/DD'),1010,to_date('24/12/02','RR/MM/DD'),null,1004,'김밥');
Insert into TBL_ORDERING_PRODUCT (PRODUCT_NO,ORDER_COUNT,CREATE_DATE,MODIFIER,MODIFY_DATE,USE_YN,ORDER_NO,PRODUCT_NAME) values (1001,8,to_date('24/11/14','RR/MM/DD'),1010,to_date('24/12/02','RR/MM/DD'),null,1004,'핫도그');
Insert into TBL_ORDERING_PRODUCT (PRODUCT_NO,ORDER_COUNT,CREATE_DATE,MODIFIER,MODIFY_DATE,USE_YN,ORDER_NO,PRODUCT_NAME) values (1021,5,to_date('24/11/15','RR/MM/DD'),null,to_date('24/11/23','RR/MM/DD'),null,1005,'야마자키 12년산  700ml ');
Insert into TBL_ORDERING_PRODUCT (PRODUCT_NO,ORDER_COUNT,CREATE_DATE,MODIFIER,MODIFY_DATE,USE_YN,ORDER_NO,PRODUCT_NAME) values (1020,1,to_date('24/11/15','RR/MM/DD'),null,to_date('24/11/23','RR/MM/DD'),null,1005,'발렌타인 12년 700ml');
Insert into TBL_ORDERING_PRODUCT (PRODUCT_NO,ORDER_COUNT,CREATE_DATE,MODIFIER,MODIFY_DATE,USE_YN,ORDER_NO,PRODUCT_NAME) values (1019,1,to_date('24/11/15','RR/MM/DD'),null,to_date('24/11/23','RR/MM/DD'),null,1005,'롱섬 와인 750ml');
Insert into TBL_ORDERING_PRODUCT (PRODUCT_NO,ORDER_COUNT,CREATE_DATE,MODIFIER,MODIFY_DATE,USE_YN,ORDER_NO,PRODUCT_NAME) values (1018,1,to_date('24/11/15','RR/MM/DD'),null,to_date('24/11/23','RR/MM/DD'),null,1005,'맥스 500ml');
Insert into TBL_ORDERING_PRODUCT (PRODUCT_NO,ORDER_COUNT,CREATE_DATE,MODIFIER,MODIFY_DATE,USE_YN,ORDER_NO,PRODUCT_NAME) values (1017,1,to_date('24/11/15','RR/MM/DD'),null,to_date('24/11/23','RR/MM/DD'),null,1005,'하이트 진로 500ml');
Insert into TBL_ORDERING_PRODUCT (PRODUCT_NO,ORDER_COUNT,CREATE_DATE,MODIFIER,MODIFY_DATE,USE_YN,ORDER_NO,PRODUCT_NAME) values (1016,1,to_date('24/11/15','RR/MM/DD'),null,to_date('24/11/23','RR/MM/DD'),null,1005,'참이슬 Fresh 360ml');
Insert into TBL_ORDERING_PRODUCT (PRODUCT_NO,ORDER_COUNT,CREATE_DATE,MODIFIER,MODIFY_DATE,USE_YN,ORDER_NO,PRODUCT_NAME) values (1015,1,to_date('24/11/15','RR/MM/DD'),null,to_date('24/11/23','RR/MM/DD'),null,1005,'스파게티');
Insert into TBL_ORDERING_PRODUCT (PRODUCT_NO,ORDER_COUNT,CREATE_DATE,MODIFIER,MODIFY_DATE,USE_YN,ORDER_NO,PRODUCT_NAME) values (1014,1,to_date('24/11/15','RR/MM/DD'),null,to_date('24/11/23','RR/MM/DD'),null,1005,'피자');
Insert into TBL_ORDERING_PRODUCT (PRODUCT_NO,ORDER_COUNT,CREATE_DATE,MODIFIER,MODIFY_DATE,USE_YN,ORDER_NO,PRODUCT_NAME) values (1013,2,to_date('24/11/15','RR/MM/DD'),null,to_date('24/11/23','RR/MM/DD'),null,1005,'커스터드빵');
Insert into TBL_ORDERING_PRODUCT (PRODUCT_NO,ORDER_COUNT,CREATE_DATE,MODIFIER,MODIFY_DATE,USE_YN,ORDER_NO,PRODUCT_NAME) values (1012,2,to_date('24/11/15','RR/MM/DD'),null,to_date('24/11/23','RR/MM/DD'),null,1005,'소시지빵');
Insert into TBL_ORDERING_PRODUCT (PRODUCT_NO,ORDER_COUNT,CREATE_DATE,MODIFIER,MODIFY_DATE,USE_YN,ORDER_NO,PRODUCT_NAME) values (1011,2,to_date('24/11/15','RR/MM/DD'),null,to_date('24/11/23','RR/MM/DD'),null,1005,'김치찌개');
Insert into TBL_ORDERING_PRODUCT (PRODUCT_NO,ORDER_COUNT,CREATE_DATE,MODIFIER,MODIFY_DATE,USE_YN,ORDER_NO,PRODUCT_NAME) values (1010,2,to_date('24/11/15','RR/MM/DD'),null,to_date('24/11/23','RR/MM/DD'),null,1005,'떡볶이');
Insert into TBL_ORDERING_PRODUCT (PRODUCT_NO,ORDER_COUNT,CREATE_DATE,MODIFIER,MODIFY_DATE,USE_YN,ORDER_NO,PRODUCT_NAME) values (1009,2,to_date('24/11/15','RR/MM/DD'),null,to_date('24/11/23','RR/MM/DD'),null,1005,'라면');
Insert into TBL_ORDERING_PRODUCT (PRODUCT_NO,ORDER_COUNT,CREATE_DATE,MODIFIER,MODIFY_DATE,USE_YN,ORDER_NO,PRODUCT_NAME) values (1008,1,to_date('24/11/15','RR/MM/DD'),null,to_date('24/11/23','RR/MM/DD'),null,1005,'초코파이');
Insert into TBL_ORDERING_PRODUCT (PRODUCT_NO,ORDER_COUNT,CREATE_DATE,MODIFIER,MODIFY_DATE,USE_YN,ORDER_NO,PRODUCT_NAME) values (1007,1,to_date('24/11/15','RR/MM/DD'),null,to_date('24/11/23','RR/MM/DD'),null,1005,'커피');
Insert into TBL_ORDERING_PRODUCT (PRODUCT_NO,ORDER_COUNT,CREATE_DATE,MODIFIER,MODIFY_DATE,USE_YN,ORDER_NO,PRODUCT_NAME) values (1006,1,to_date('24/11/15','RR/MM/DD'),null,to_date('24/11/23','RR/MM/DD'),null,1005,'삼각김밥');
Insert into TBL_ORDERING_PRODUCT (PRODUCT_NO,ORDER_COUNT,CREATE_DATE,MODIFIER,MODIFY_DATE,USE_YN,ORDER_NO,PRODUCT_NAME) values (1005,1,to_date('24/11/15','RR/MM/DD'),null,to_date('24/11/23','RR/MM/DD'),null,1005,'과일주스');
Insert into TBL_ORDERING_PRODUCT (PRODUCT_NO,ORDER_COUNT,CREATE_DATE,MODIFIER,MODIFY_DATE,USE_YN,ORDER_NO,PRODUCT_NAME) values (1004,1,to_date('24/11/15','RR/MM/DD'),null,to_date('24/11/23','RR/MM/DD'),null,1005,'아이스크림');
Insert into TBL_ORDERING_PRODUCT (PRODUCT_NO,ORDER_COUNT,CREATE_DATE,MODIFIER,MODIFY_DATE,USE_YN,ORDER_NO,PRODUCT_NAME) values (1003,3,to_date('24/11/15','RR/MM/DD'),null,to_date('24/11/23','RR/MM/DD'),null,1005,'컵라면');
Insert into TBL_ORDERING_PRODUCT (PRODUCT_NO,ORDER_COUNT,CREATE_DATE,MODIFIER,MODIFY_DATE,USE_YN,ORDER_NO,PRODUCT_NAME) values (1002,3,to_date('24/11/15','RR/MM/DD'),null,to_date('24/11/23','RR/MM/DD'),null,1005,'김밥');
Insert into TBL_ORDERING_PRODUCT (PRODUCT_NO,ORDER_COUNT,CREATE_DATE,MODIFIER,MODIFY_DATE,USE_YN,ORDER_NO,PRODUCT_NAME) values (1001,5,to_date('24/11/15','RR/MM/DD'),null,to_date('24/11/23','RR/MM/DD'),null,1005,'핫도그');
Insert into TBL_ORDERING_PRODUCT (PRODUCT_NO,ORDER_COUNT,CREATE_DATE,MODIFIER,MODIFY_DATE,USE_YN,ORDER_NO,PRODUCT_NAME) values (1021,1,to_date('24/11/16','RR/MM/DD'),null,to_date('24/11/23','RR/MM/DD'),null,1006,'야마자키 12년산  700ml ');
Insert into TBL_ORDERING_PRODUCT (PRODUCT_NO,ORDER_COUNT,CREATE_DATE,MODIFIER,MODIFY_DATE,USE_YN,ORDER_NO,PRODUCT_NAME) values (1020,1,to_date('24/11/16','RR/MM/DD'),null,to_date('24/11/23','RR/MM/DD'),null,1006,'발렌타인 12년 700ml');
Insert into TBL_ORDERING_PRODUCT (PRODUCT_NO,ORDER_COUNT,CREATE_DATE,MODIFIER,MODIFY_DATE,USE_YN,ORDER_NO,PRODUCT_NAME) values (1019,1,to_date('24/11/16','RR/MM/DD'),null,to_date('24/11/23','RR/MM/DD'),null,1006,'롱섬 와인 750ml');
Insert into TBL_ORDERING_PRODUCT (PRODUCT_NO,ORDER_COUNT,CREATE_DATE,MODIFIER,MODIFY_DATE,USE_YN,ORDER_NO,PRODUCT_NAME) values (1018,5,to_date('24/11/16','RR/MM/DD'),null,to_date('24/11/23','RR/MM/DD'),null,1006,'맥스 500ml');
Insert into TBL_ORDERING_PRODUCT (PRODUCT_NO,ORDER_COUNT,CREATE_DATE,MODIFIER,MODIFY_DATE,USE_YN,ORDER_NO,PRODUCT_NAME) values (1017,5,to_date('24/11/16','RR/MM/DD'),null,to_date('24/11/23','RR/MM/DD'),null,1006,'하이트 진로 500ml');
Insert into TBL_ORDERING_PRODUCT (PRODUCT_NO,ORDER_COUNT,CREATE_DATE,MODIFIER,MODIFY_DATE,USE_YN,ORDER_NO,PRODUCT_NAME) values (1016,5,to_date('24/11/16','RR/MM/DD'),null,to_date('24/11/23','RR/MM/DD'),null,1006,'참이슬 Fresh 360ml');
Insert into TBL_ORDERING_PRODUCT (PRODUCT_NO,ORDER_COUNT,CREATE_DATE,MODIFIER,MODIFY_DATE,USE_YN,ORDER_NO,PRODUCT_NAME) values (1015,3,to_date('24/11/16','RR/MM/DD'),null,to_date('24/11/23','RR/MM/DD'),null,1006,'스파게티');
Insert into TBL_ORDERING_PRODUCT (PRODUCT_NO,ORDER_COUNT,CREATE_DATE,MODIFIER,MODIFY_DATE,USE_YN,ORDER_NO,PRODUCT_NAME) values (1014,3,to_date('24/11/16','RR/MM/DD'),null,to_date('24/11/23','RR/MM/DD'),null,1006,'피자');
Insert into TBL_ORDERING_PRODUCT (PRODUCT_NO,ORDER_COUNT,CREATE_DATE,MODIFIER,MODIFY_DATE,USE_YN,ORDER_NO,PRODUCT_NAME) values (1013,3,to_date('24/11/16','RR/MM/DD'),null,to_date('24/11/23','RR/MM/DD'),null,1006,'커스터드빵');
Insert into TBL_ORDERING_PRODUCT (PRODUCT_NO,ORDER_COUNT,CREATE_DATE,MODIFIER,MODIFY_DATE,USE_YN,ORDER_NO,PRODUCT_NAME) values (1012,2,to_date('24/11/16','RR/MM/DD'),null,to_date('24/11/23','RR/MM/DD'),null,1006,'소시지빵');
Insert into TBL_ORDERING_PRODUCT (PRODUCT_NO,ORDER_COUNT,CREATE_DATE,MODIFIER,MODIFY_DATE,USE_YN,ORDER_NO,PRODUCT_NAME) values (1011,2,to_date('24/11/16','RR/MM/DD'),null,to_date('24/11/23','RR/MM/DD'),null,1006,'김치찌개');
Insert into TBL_ORDERING_PRODUCT (PRODUCT_NO,ORDER_COUNT,CREATE_DATE,MODIFIER,MODIFY_DATE,USE_YN,ORDER_NO,PRODUCT_NAME) values (1010,2,to_date('24/11/16','RR/MM/DD'),null,to_date('24/11/23','RR/MM/DD'),null,1006,'떡볶이');
Insert into TBL_ORDERING_PRODUCT (PRODUCT_NO,ORDER_COUNT,CREATE_DATE,MODIFIER,MODIFY_DATE,USE_YN,ORDER_NO,PRODUCT_NAME) values (1009,2,to_date('24/11/16','RR/MM/DD'),null,to_date('24/11/23','RR/MM/DD'),null,1006,'라면');
Insert into TBL_ORDERING_PRODUCT (PRODUCT_NO,ORDER_COUNT,CREATE_DATE,MODIFIER,MODIFY_DATE,USE_YN,ORDER_NO,PRODUCT_NAME) values (1008,2,to_date('24/11/16','RR/MM/DD'),null,to_date('24/11/23','RR/MM/DD'),null,1006,'초코파이');
Insert into TBL_ORDERING_PRODUCT (PRODUCT_NO,ORDER_COUNT,CREATE_DATE,MODIFIER,MODIFY_DATE,USE_YN,ORDER_NO,PRODUCT_NAME) values (1007,2,to_date('24/11/16','RR/MM/DD'),null,to_date('24/11/23','RR/MM/DD'),null,1006,'커피');
Insert into TBL_ORDERING_PRODUCT (PRODUCT_NO,ORDER_COUNT,CREATE_DATE,MODIFIER,MODIFY_DATE,USE_YN,ORDER_NO,PRODUCT_NAME) values (1006,2,to_date('24/11/16','RR/MM/DD'),null,to_date('24/11/23','RR/MM/DD'),null,1006,'삼각김밥');
Insert into TBL_ORDERING_PRODUCT (PRODUCT_NO,ORDER_COUNT,CREATE_DATE,MODIFIER,MODIFY_DATE,USE_YN,ORDER_NO,PRODUCT_NAME) values (1005,2,to_date('24/11/16','RR/MM/DD'),null,to_date('24/11/23','RR/MM/DD'),null,1006,'과일주스');
Insert into TBL_ORDERING_PRODUCT (PRODUCT_NO,ORDER_COUNT,CREATE_DATE,MODIFIER,MODIFY_DATE,USE_YN,ORDER_NO,PRODUCT_NAME) values (1004,2,to_date('24/11/16','RR/MM/DD'),null,to_date('24/11/23','RR/MM/DD'),null,1006,'아이스크림');
Insert into TBL_ORDERING_PRODUCT (PRODUCT_NO,ORDER_COUNT,CREATE_DATE,MODIFIER,MODIFY_DATE,USE_YN,ORDER_NO,PRODUCT_NAME) values (1003,2,to_date('24/11/16','RR/MM/DD'),null,to_date('24/11/23','RR/MM/DD'),null,1006,'컵라면');
Insert into TBL_ORDERING_PRODUCT (PRODUCT_NO,ORDER_COUNT,CREATE_DATE,MODIFIER,MODIFY_DATE,USE_YN,ORDER_NO,PRODUCT_NAME) values (1002,2,to_date('24/11/16','RR/MM/DD'),null,to_date('24/11/23','RR/MM/DD'),null,1006,'김밥');
Insert into TBL_ORDERING_PRODUCT (PRODUCT_NO,ORDER_COUNT,CREATE_DATE,MODIFIER,MODIFY_DATE,USE_YN,ORDER_NO,PRODUCT_NAME) values (1001,2,to_date('24/11/16','RR/MM/DD'),null,to_date('24/11/23','RR/MM/DD'),null,1006,'핫도그');
Insert into TBL_ORDERING_PRODUCT (PRODUCT_NO,ORDER_COUNT,CREATE_DATE,MODIFIER,MODIFY_DATE,USE_YN,ORDER_NO,PRODUCT_NAME) values (1021,1,to_date('24/11/17','RR/MM/DD'),null,to_date('24/11/23','RR/MM/DD'),null,1007,'야마자키 12년산  700ml ');
Insert into TBL_ORDERING_PRODUCT (PRODUCT_NO,ORDER_COUNT,CREATE_DATE,MODIFIER,MODIFY_DATE,USE_YN,ORDER_NO,PRODUCT_NAME) values (1020,1,to_date('24/11/17','RR/MM/DD'),null,to_date('24/11/23','RR/MM/DD'),null,1007,'발렌타인 12년 700ml');
Insert into TBL_ORDERING_PRODUCT (PRODUCT_NO,ORDER_COUNT,CREATE_DATE,MODIFIER,MODIFY_DATE,USE_YN,ORDER_NO,PRODUCT_NAME) values (1019,1,to_date('24/11/17','RR/MM/DD'),null,to_date('24/11/23','RR/MM/DD'),null,1007,'롱섬 와인 750ml');
Insert into TBL_ORDERING_PRODUCT (PRODUCT_NO,ORDER_COUNT,CREATE_DATE,MODIFIER,MODIFY_DATE,USE_YN,ORDER_NO,PRODUCT_NAME) values (1018,1,to_date('24/11/17','RR/MM/DD'),null,to_date('24/11/23','RR/MM/DD'),null,1007,'맥스 500ml');
Insert into TBL_ORDERING_PRODUCT (PRODUCT_NO,ORDER_COUNT,CREATE_DATE,MODIFIER,MODIFY_DATE,USE_YN,ORDER_NO,PRODUCT_NAME) values (1017,1,to_date('24/11/17','RR/MM/DD'),null,to_date('24/11/23','RR/MM/DD'),null,1007,'하이트 진로 500ml');
Insert into TBL_ORDERING_PRODUCT (PRODUCT_NO,ORDER_COUNT,CREATE_DATE,MODIFIER,MODIFY_DATE,USE_YN,ORDER_NO,PRODUCT_NAME) values (1016,1,to_date('24/11/17','RR/MM/DD'),null,to_date('24/11/23','RR/MM/DD'),null,1007,'참이슬 Fresh 360ml');
Insert into TBL_ORDERING_PRODUCT (PRODUCT_NO,ORDER_COUNT,CREATE_DATE,MODIFIER,MODIFY_DATE,USE_YN,ORDER_NO,PRODUCT_NAME) values (1015,1,to_date('24/11/17','RR/MM/DD'),null,to_date('24/11/23','RR/MM/DD'),null,1007,'스파게티');
Insert into TBL_ORDERING_PRODUCT (PRODUCT_NO,ORDER_COUNT,CREATE_DATE,MODIFIER,MODIFY_DATE,USE_YN,ORDER_NO,PRODUCT_NAME) values (1014,1,to_date('24/11/17','RR/MM/DD'),null,to_date('24/11/23','RR/MM/DD'),null,1007,'피자');
Insert into TBL_ORDERING_PRODUCT (PRODUCT_NO,ORDER_COUNT,CREATE_DATE,MODIFIER,MODIFY_DATE,USE_YN,ORDER_NO,PRODUCT_NAME) values (1013,1,to_date('24/11/17','RR/MM/DD'),null,to_date('24/11/23','RR/MM/DD'),null,1007,'커스터드빵');
Insert into TBL_ORDERING_PRODUCT (PRODUCT_NO,ORDER_COUNT,CREATE_DATE,MODIFIER,MODIFY_DATE,USE_YN,ORDER_NO,PRODUCT_NAME) values (1012,1,to_date('24/11/17','RR/MM/DD'),null,to_date('24/11/23','RR/MM/DD'),null,1007,'소시지빵');
Insert into TBL_ORDERING_PRODUCT (PRODUCT_NO,ORDER_COUNT,CREATE_DATE,MODIFIER,MODIFY_DATE,USE_YN,ORDER_NO,PRODUCT_NAME) values (1011,2,to_date('24/11/17','RR/MM/DD'),null,to_date('24/11/23','RR/MM/DD'),null,1007,'김치찌개');
Insert into TBL_ORDERING_PRODUCT (PRODUCT_NO,ORDER_COUNT,CREATE_DATE,MODIFIER,MODIFY_DATE,USE_YN,ORDER_NO,PRODUCT_NAME) values (1010,2,to_date('24/11/17','RR/MM/DD'),null,to_date('24/11/23','RR/MM/DD'),null,1007,'떡볶이');
Insert into TBL_ORDERING_PRODUCT (PRODUCT_NO,ORDER_COUNT,CREATE_DATE,MODIFIER,MODIFY_DATE,USE_YN,ORDER_NO,PRODUCT_NAME) values (1009,2,to_date('24/11/17','RR/MM/DD'),null,to_date('24/11/23','RR/MM/DD'),null,1007,'라면');
Insert into TBL_ORDERING_PRODUCT (PRODUCT_NO,ORDER_COUNT,CREATE_DATE,MODIFIER,MODIFY_DATE,USE_YN,ORDER_NO,PRODUCT_NAME) values (1008,3,to_date('24/11/17','RR/MM/DD'),null,to_date('24/11/23','RR/MM/DD'),null,1007,'초코파이');
Insert into TBL_ORDERING_PRODUCT (PRODUCT_NO,ORDER_COUNT,CREATE_DATE,MODIFIER,MODIFY_DATE,USE_YN,ORDER_NO,PRODUCT_NAME) values (1007,2,to_date('24/11/17','RR/MM/DD'),null,to_date('24/11/23','RR/MM/DD'),null,1007,'커피');
Insert into TBL_ORDERING_PRODUCT (PRODUCT_NO,ORDER_COUNT,CREATE_DATE,MODIFIER,MODIFY_DATE,USE_YN,ORDER_NO,PRODUCT_NAME) values (1006,0,to_date('24/11/17','RR/MM/DD'),null,to_date('24/11/23','RR/MM/DD'),null,1007,'삼각김밥');
Insert into TBL_ORDERING_PRODUCT (PRODUCT_NO,ORDER_COUNT,CREATE_DATE,MODIFIER,MODIFY_DATE,USE_YN,ORDER_NO,PRODUCT_NAME) values (1005,0,to_date('24/11/17','RR/MM/DD'),null,to_date('24/11/23','RR/MM/DD'),null,1007,'과일주스');
Insert into TBL_ORDERING_PRODUCT (PRODUCT_NO,ORDER_COUNT,CREATE_DATE,MODIFIER,MODIFY_DATE,USE_YN,ORDER_NO,PRODUCT_NAME) values (1004,0,to_date('24/11/17','RR/MM/DD'),null,to_date('24/11/23','RR/MM/DD'),null,1007,'아이스크림');
Insert into TBL_ORDERING_PRODUCT (PRODUCT_NO,ORDER_COUNT,CREATE_DATE,MODIFIER,MODIFY_DATE,USE_YN,ORDER_NO,PRODUCT_NAME) values (1003,0,to_date('24/11/17','RR/MM/DD'),null,to_date('24/11/23','RR/MM/DD'),null,1007,'컵라면');
Insert into TBL_ORDERING_PRODUCT (PRODUCT_NO,ORDER_COUNT,CREATE_DATE,MODIFIER,MODIFY_DATE,USE_YN,ORDER_NO,PRODUCT_NAME) values (1002,0,to_date('24/11/17','RR/MM/DD'),null,to_date('24/11/23','RR/MM/DD'),null,1007,'김밥');
Insert into TBL_ORDERING_PRODUCT (PRODUCT_NO,ORDER_COUNT,CREATE_DATE,MODIFIER,MODIFY_DATE,USE_YN,ORDER_NO,PRODUCT_NAME) values (1001,0,to_date('24/11/17','RR/MM/DD'),null,to_date('24/11/23','RR/MM/DD'),null,1007,'핫도그');
Insert into TBL_ORDERING_PRODUCT (PRODUCT_NO,ORDER_COUNT,CREATE_DATE,MODIFIER,MODIFY_DATE,USE_YN,ORDER_NO,PRODUCT_NAME) values (1021,1,to_date('24/11/18','RR/MM/DD'),null,to_date('24/11/23','RR/MM/DD'),null,1008,'야마자키 12년산  700ml ');
Insert into TBL_ORDERING_PRODUCT (PRODUCT_NO,ORDER_COUNT,CREATE_DATE,MODIFIER,MODIFY_DATE,USE_YN,ORDER_NO,PRODUCT_NAME) values (1020,1,to_date('24/11/18','RR/MM/DD'),null,to_date('24/11/23','RR/MM/DD'),null,1008,'발렌타인 12년 700ml');
Insert into TBL_ORDERING_PRODUCT (PRODUCT_NO,ORDER_COUNT,CREATE_DATE,MODIFIER,MODIFY_DATE,USE_YN,ORDER_NO,PRODUCT_NAME) values (1019,1,to_date('24/11/18','RR/MM/DD'),null,to_date('24/11/23','RR/MM/DD'),null,1008,'롱섬 와인 750ml');
Insert into TBL_ORDERING_PRODUCT (PRODUCT_NO,ORDER_COUNT,CREATE_DATE,MODIFIER,MODIFY_DATE,USE_YN,ORDER_NO,PRODUCT_NAME) values (1018,1,to_date('24/11/18','RR/MM/DD'),null,to_date('24/11/23','RR/MM/DD'),null,1008,'맥스 500ml');
Insert into TBL_ORDERING_PRODUCT (PRODUCT_NO,ORDER_COUNT,CREATE_DATE,MODIFIER,MODIFY_DATE,USE_YN,ORDER_NO,PRODUCT_NAME) values (1017,1,to_date('24/11/18','RR/MM/DD'),null,to_date('24/11/23','RR/MM/DD'),null,1008,'하이트 진로 500ml');
Insert into TBL_ORDERING_PRODUCT (PRODUCT_NO,ORDER_COUNT,CREATE_DATE,MODIFIER,MODIFY_DATE,USE_YN,ORDER_NO,PRODUCT_NAME) values (1016,1,to_date('24/11/18','RR/MM/DD'),null,to_date('24/11/23','RR/MM/DD'),null,1008,'참이슬 Fresh 360ml');
Insert into TBL_ORDERING_PRODUCT (PRODUCT_NO,ORDER_COUNT,CREATE_DATE,MODIFIER,MODIFY_DATE,USE_YN,ORDER_NO,PRODUCT_NAME) values (1015,1,to_date('24/11/18','RR/MM/DD'),null,to_date('24/11/23','RR/MM/DD'),null,1008,'스파게티');
Insert into TBL_ORDERING_PRODUCT (PRODUCT_NO,ORDER_COUNT,CREATE_DATE,MODIFIER,MODIFY_DATE,USE_YN,ORDER_NO,PRODUCT_NAME) values (1014,1,to_date('24/11/18','RR/MM/DD'),null,to_date('24/11/23','RR/MM/DD'),null,1008,'피자');
Insert into TBL_ORDERING_PRODUCT (PRODUCT_NO,ORDER_COUNT,CREATE_DATE,MODIFIER,MODIFY_DATE,USE_YN,ORDER_NO,PRODUCT_NAME) values (1013,1,to_date('24/11/18','RR/MM/DD'),null,to_date('24/11/23','RR/MM/DD'),null,1008,'커스터드빵');
Insert into TBL_ORDERING_PRODUCT (PRODUCT_NO,ORDER_COUNT,CREATE_DATE,MODIFIER,MODIFY_DATE,USE_YN,ORDER_NO,PRODUCT_NAME) values (1012,1,to_date('24/11/18','RR/MM/DD'),null,to_date('24/11/23','RR/MM/DD'),null,1008,'소시지빵');
Insert into TBL_ORDERING_PRODUCT (PRODUCT_NO,ORDER_COUNT,CREATE_DATE,MODIFIER,MODIFY_DATE,USE_YN,ORDER_NO,PRODUCT_NAME) values (1011,2,to_date('24/11/18','RR/MM/DD'),null,to_date('24/11/23','RR/MM/DD'),null,1008,'김치찌개');
Insert into TBL_ORDERING_PRODUCT (PRODUCT_NO,ORDER_COUNT,CREATE_DATE,MODIFIER,MODIFY_DATE,USE_YN,ORDER_NO,PRODUCT_NAME) values (1010,2,to_date('24/11/18','RR/MM/DD'),null,to_date('24/11/23','RR/MM/DD'),null,1008,'떡볶이');
Insert into TBL_ORDERING_PRODUCT (PRODUCT_NO,ORDER_COUNT,CREATE_DATE,MODIFIER,MODIFY_DATE,USE_YN,ORDER_NO,PRODUCT_NAME) values (1009,2,to_date('24/11/18','RR/MM/DD'),null,to_date('24/11/23','RR/MM/DD'),null,1008,'라면');
Insert into TBL_ORDERING_PRODUCT (PRODUCT_NO,ORDER_COUNT,CREATE_DATE,MODIFIER,MODIFY_DATE,USE_YN,ORDER_NO,PRODUCT_NAME) values (1008,3,to_date('24/11/18','RR/MM/DD'),null,to_date('24/11/23','RR/MM/DD'),null,1008,'초코파이');
Insert into TBL_ORDERING_PRODUCT (PRODUCT_NO,ORDER_COUNT,CREATE_DATE,MODIFIER,MODIFY_DATE,USE_YN,ORDER_NO,PRODUCT_NAME) values (1007,2,to_date('24/11/18','RR/MM/DD'),null,to_date('24/11/23','RR/MM/DD'),null,1008,'커피');
Insert into TBL_ORDERING_PRODUCT (PRODUCT_NO,ORDER_COUNT,CREATE_DATE,MODIFIER,MODIFY_DATE,USE_YN,ORDER_NO,PRODUCT_NAME) values (1006,0,to_date('24/11/18','RR/MM/DD'),null,to_date('24/11/23','RR/MM/DD'),null,1008,'삼각김밥');
Insert into TBL_ORDERING_PRODUCT (PRODUCT_NO,ORDER_COUNT,CREATE_DATE,MODIFIER,MODIFY_DATE,USE_YN,ORDER_NO,PRODUCT_NAME) values (1005,0,to_date('24/11/18','RR/MM/DD'),null,to_date('24/11/23','RR/MM/DD'),null,1008,'과일주스');
Insert into TBL_ORDERING_PRODUCT (PRODUCT_NO,ORDER_COUNT,CREATE_DATE,MODIFIER,MODIFY_DATE,USE_YN,ORDER_NO,PRODUCT_NAME) values (1004,0,to_date('24/11/18','RR/MM/DD'),null,to_date('24/11/23','RR/MM/DD'),null,1008,'아이스크림');
Insert into TBL_ORDERING_PRODUCT (PRODUCT_NO,ORDER_COUNT,CREATE_DATE,MODIFIER,MODIFY_DATE,USE_YN,ORDER_NO,PRODUCT_NAME) values (1003,0,to_date('24/11/18','RR/MM/DD'),null,to_date('24/11/23','RR/MM/DD'),null,1008,'컵라면');
Insert into TBL_ORDERING_PRODUCT (PRODUCT_NO,ORDER_COUNT,CREATE_DATE,MODIFIER,MODIFY_DATE,USE_YN,ORDER_NO,PRODUCT_NAME) values (1002,0,to_date('24/11/18','RR/MM/DD'),null,to_date('24/11/23','RR/MM/DD'),null,1008,'김밥');
Insert into TBL_ORDERING_PRODUCT (PRODUCT_NO,ORDER_COUNT,CREATE_DATE,MODIFIER,MODIFY_DATE,USE_YN,ORDER_NO,PRODUCT_NAME) values (1001,0,to_date('24/11/18','RR/MM/DD'),null,to_date('24/11/23','RR/MM/DD'),null,1008,'핫도그');
Insert into TBL_ORDERING_PRODUCT (PRODUCT_NO,ORDER_COUNT,CREATE_DATE,MODIFIER,MODIFY_DATE,USE_YN,ORDER_NO,PRODUCT_NAME) values (1021,1,to_date('24/11/19','RR/MM/DD'),null,to_date('24/11/23','RR/MM/DD'),null,1009,'야마자키 12년산  700ml ');
Insert into TBL_ORDERING_PRODUCT (PRODUCT_NO,ORDER_COUNT,CREATE_DATE,MODIFIER,MODIFY_DATE,USE_YN,ORDER_NO,PRODUCT_NAME) values (1020,1,to_date('24/11/19','RR/MM/DD'),null,to_date('24/11/23','RR/MM/DD'),null,1009,'발렌타인 12년 700ml');
Insert into TBL_ORDERING_PRODUCT (PRODUCT_NO,ORDER_COUNT,CREATE_DATE,MODIFIER,MODIFY_DATE,USE_YN,ORDER_NO,PRODUCT_NAME) values (1019,1,to_date('24/11/19','RR/MM/DD'),null,to_date('24/11/23','RR/MM/DD'),null,1009,'롱섬 와인 750ml');
Insert into TBL_ORDERING_PRODUCT (PRODUCT_NO,ORDER_COUNT,CREATE_DATE,MODIFIER,MODIFY_DATE,USE_YN,ORDER_NO,PRODUCT_NAME) values (1018,1,to_date('24/11/19','RR/MM/DD'),null,to_date('24/11/23','RR/MM/DD'),null,1009,'맥스 500ml');
Insert into TBL_ORDERING_PRODUCT (PRODUCT_NO,ORDER_COUNT,CREATE_DATE,MODIFIER,MODIFY_DATE,USE_YN,ORDER_NO,PRODUCT_NAME) values (1017,1,to_date('24/11/19','RR/MM/DD'),null,to_date('24/11/23','RR/MM/DD'),null,1009,'하이트 진로 500ml');
Insert into TBL_ORDERING_PRODUCT (PRODUCT_NO,ORDER_COUNT,CREATE_DATE,MODIFIER,MODIFY_DATE,USE_YN,ORDER_NO,PRODUCT_NAME) values (1016,30,to_date('24/11/19','RR/MM/DD'),null,to_date('24/11/23','RR/MM/DD'),null,1009,'참이슬 Fresh 360ml');
Insert into TBL_ORDERING_PRODUCT (PRODUCT_NO,ORDER_COUNT,CREATE_DATE,MODIFIER,MODIFY_DATE,USE_YN,ORDER_NO,PRODUCT_NAME) values (1015,0,to_date('24/11/19','RR/MM/DD'),null,to_date('24/11/23','RR/MM/DD'),null,1009,'스파게티');
Insert into TBL_ORDERING_PRODUCT (PRODUCT_NO,ORDER_COUNT,CREATE_DATE,MODIFIER,MODIFY_DATE,USE_YN,ORDER_NO,PRODUCT_NAME) values (1014,0,to_date('24/11/19','RR/MM/DD'),null,to_date('24/11/23','RR/MM/DD'),null,1009,'피자');
Insert into TBL_ORDERING_PRODUCT (PRODUCT_NO,ORDER_COUNT,CREATE_DATE,MODIFIER,MODIFY_DATE,USE_YN,ORDER_NO,PRODUCT_NAME) values (1013,0,to_date('24/11/19','RR/MM/DD'),null,to_date('24/11/23','RR/MM/DD'),null,1009,'커스터드빵');
Insert into TBL_ORDERING_PRODUCT (PRODUCT_NO,ORDER_COUNT,CREATE_DATE,MODIFIER,MODIFY_DATE,USE_YN,ORDER_NO,PRODUCT_NAME) values (1012,0,to_date('24/11/19','RR/MM/DD'),null,to_date('24/11/23','RR/MM/DD'),null,1009,'소시지빵');
Insert into TBL_ORDERING_PRODUCT (PRODUCT_NO,ORDER_COUNT,CREATE_DATE,MODIFIER,MODIFY_DATE,USE_YN,ORDER_NO,PRODUCT_NAME) values (1011,0,to_date('24/11/19','RR/MM/DD'),null,to_date('24/11/23','RR/MM/DD'),null,1009,'김치찌개');
Insert into TBL_ORDERING_PRODUCT (PRODUCT_NO,ORDER_COUNT,CREATE_DATE,MODIFIER,MODIFY_DATE,USE_YN,ORDER_NO,PRODUCT_NAME) values (1010,0,to_date('24/11/19','RR/MM/DD'),null,to_date('24/11/23','RR/MM/DD'),null,1009,'떡볶이');
Insert into TBL_ORDERING_PRODUCT (PRODUCT_NO,ORDER_COUNT,CREATE_DATE,MODIFIER,MODIFY_DATE,USE_YN,ORDER_NO,PRODUCT_NAME) values (1009,0,to_date('24/11/19','RR/MM/DD'),null,to_date('24/11/23','RR/MM/DD'),null,1009,'라면');
Insert into TBL_ORDERING_PRODUCT (PRODUCT_NO,ORDER_COUNT,CREATE_DATE,MODIFIER,MODIFY_DATE,USE_YN,ORDER_NO,PRODUCT_NAME) values (1008,0,to_date('24/11/19','RR/MM/DD'),null,to_date('24/11/23','RR/MM/DD'),null,1009,'초코파이');
Insert into TBL_ORDERING_PRODUCT (PRODUCT_NO,ORDER_COUNT,CREATE_DATE,MODIFIER,MODIFY_DATE,USE_YN,ORDER_NO,PRODUCT_NAME) values (1007,0,to_date('24/11/19','RR/MM/DD'),null,to_date('24/11/23','RR/MM/DD'),null,1009,'커피');
Insert into TBL_ORDERING_PRODUCT (PRODUCT_NO,ORDER_COUNT,CREATE_DATE,MODIFIER,MODIFY_DATE,USE_YN,ORDER_NO,PRODUCT_NAME) values (1006,0,to_date('24/11/19','RR/MM/DD'),null,to_date('24/11/23','RR/MM/DD'),null,1009,'삼각김밥');
Insert into TBL_ORDERING_PRODUCT (PRODUCT_NO,ORDER_COUNT,CREATE_DATE,MODIFIER,MODIFY_DATE,USE_YN,ORDER_NO,PRODUCT_NAME) values (1005,0,to_date('24/11/19','RR/MM/DD'),null,to_date('24/11/23','RR/MM/DD'),null,1009,'과일주스');
Insert into TBL_ORDERING_PRODUCT (PRODUCT_NO,ORDER_COUNT,CREATE_DATE,MODIFIER,MODIFY_DATE,USE_YN,ORDER_NO,PRODUCT_NAME) values (1004,0,to_date('24/11/19','RR/MM/DD'),null,to_date('24/11/23','RR/MM/DD'),null,1009,'아이스크림');
Insert into TBL_ORDERING_PRODUCT (PRODUCT_NO,ORDER_COUNT,CREATE_DATE,MODIFIER,MODIFY_DATE,USE_YN,ORDER_NO,PRODUCT_NAME) values (1003,0,to_date('24/11/19','RR/MM/DD'),null,to_date('24/11/23','RR/MM/DD'),null,1009,'컵라면');
Insert into TBL_ORDERING_PRODUCT (PRODUCT_NO,ORDER_COUNT,CREATE_DATE,MODIFIER,MODIFY_DATE,USE_YN,ORDER_NO,PRODUCT_NAME) values (1002,0,to_date('24/11/19','RR/MM/DD'),null,to_date('24/11/23','RR/MM/DD'),null,1009,'김밥');
Insert into TBL_ORDERING_PRODUCT (PRODUCT_NO,ORDER_COUNT,CREATE_DATE,MODIFIER,MODIFY_DATE,USE_YN,ORDER_NO,PRODUCT_NAME) values (1001,0,to_date('24/11/19','RR/MM/DD'),null,to_date('24/11/23','RR/MM/DD'),null,1009,'핫도그');
Insert into TBL_ORDERING_PRODUCT (PRODUCT_NO,ORDER_COUNT,CREATE_DATE,MODIFIER,MODIFY_DATE,USE_YN,ORDER_NO,PRODUCT_NAME) values (1021,2,to_date('24/11/20','RR/MM/DD'),1010,to_date('24/12/02','RR/MM/DD'),null,1010,'야마자키 12년산  700ml ');
Insert into TBL_ORDERING_PRODUCT (PRODUCT_NO,ORDER_COUNT,CREATE_DATE,MODIFIER,MODIFY_DATE,USE_YN,ORDER_NO,PRODUCT_NAME) values (1020,2,to_date('24/11/20','RR/MM/DD'),1010,to_date('24/12/02','RR/MM/DD'),null,1010,'발렌타인 12년 700ml');
Insert into TBL_ORDERING_PRODUCT (PRODUCT_NO,ORDER_COUNT,CREATE_DATE,MODIFIER,MODIFY_DATE,USE_YN,ORDER_NO,PRODUCT_NAME) values (1019,2,to_date('24/11/20','RR/MM/DD'),1010,to_date('24/12/02','RR/MM/DD'),null,1010,'롱섬 와인 750ml');
Insert into TBL_ORDERING_PRODUCT (PRODUCT_NO,ORDER_COUNT,CREATE_DATE,MODIFIER,MODIFY_DATE,USE_YN,ORDER_NO,PRODUCT_NAME) values (1018,1,to_date('24/11/20','RR/MM/DD'),1010,to_date('24/12/02','RR/MM/DD'),null,1010,'맥스 500ml');
Insert into TBL_ORDERING_PRODUCT (PRODUCT_NO,ORDER_COUNT,CREATE_DATE,MODIFIER,MODIFY_DATE,USE_YN,ORDER_NO,PRODUCT_NAME) values (1017,2,to_date('24/11/20','RR/MM/DD'),1010,to_date('24/12/02','RR/MM/DD'),null,1010,'하이트 진로 500ml');
Insert into TBL_ORDERING_PRODUCT (PRODUCT_NO,ORDER_COUNT,CREATE_DATE,MODIFIER,MODIFY_DATE,USE_YN,ORDER_NO,PRODUCT_NAME) values (1016,5,to_date('24/11/20','RR/MM/DD'),1010,to_date('24/12/02','RR/MM/DD'),null,1010,'참이슬 Fresh 360ml');
Insert into TBL_ORDERING_PRODUCT (PRODUCT_NO,ORDER_COUNT,CREATE_DATE,MODIFIER,MODIFY_DATE,USE_YN,ORDER_NO,PRODUCT_NAME) values (1015,1,to_date('24/11/20','RR/MM/DD'),1010,to_date('24/12/02','RR/MM/DD'),null,1010,'스파게티');
Insert into TBL_ORDERING_PRODUCT (PRODUCT_NO,ORDER_COUNT,CREATE_DATE,MODIFIER,MODIFY_DATE,USE_YN,ORDER_NO,PRODUCT_NAME) values (1014,2,to_date('24/11/20','RR/MM/DD'),1010,to_date('24/12/02','RR/MM/DD'),null,1010,'피자');
Insert into TBL_ORDERING_PRODUCT (PRODUCT_NO,ORDER_COUNT,CREATE_DATE,MODIFIER,MODIFY_DATE,USE_YN,ORDER_NO,PRODUCT_NAME) values (1013,2,to_date('24/11/20','RR/MM/DD'),1010,to_date('24/12/02','RR/MM/DD'),null,1010,'커스터드빵');
Insert into TBL_ORDERING_PRODUCT (PRODUCT_NO,ORDER_COUNT,CREATE_DATE,MODIFIER,MODIFY_DATE,USE_YN,ORDER_NO,PRODUCT_NAME) values (1012,2,to_date('24/11/20','RR/MM/DD'),1010,to_date('24/12/02','RR/MM/DD'),null,1010,'소시지빵');
Insert into TBL_ORDERING_PRODUCT (PRODUCT_NO,ORDER_COUNT,CREATE_DATE,MODIFIER,MODIFY_DATE,USE_YN,ORDER_NO,PRODUCT_NAME) values (1011,2,to_date('24/11/20','RR/MM/DD'),1010,to_date('24/12/02','RR/MM/DD'),null,1010,'김치찌개');
Insert into TBL_ORDERING_PRODUCT (PRODUCT_NO,ORDER_COUNT,CREATE_DATE,MODIFIER,MODIFY_DATE,USE_YN,ORDER_NO,PRODUCT_NAME) values (1010,2,to_date('24/11/20','RR/MM/DD'),1010,to_date('24/12/02','RR/MM/DD'),null,1010,'떡볶이');
Insert into TBL_ORDERING_PRODUCT (PRODUCT_NO,ORDER_COUNT,CREATE_DATE,MODIFIER,MODIFY_DATE,USE_YN,ORDER_NO,PRODUCT_NAME) values (1009,1,to_date('24/11/20','RR/MM/DD'),1010,to_date('24/12/02','RR/MM/DD'),null,1010,'라면');
Insert into TBL_ORDERING_PRODUCT (PRODUCT_NO,ORDER_COUNT,CREATE_DATE,MODIFIER,MODIFY_DATE,USE_YN,ORDER_NO,PRODUCT_NAME) values (1008,1,to_date('24/11/20','RR/MM/DD'),1010,to_date('24/12/02','RR/MM/DD'),null,1010,'초코파이');
Insert into TBL_ORDERING_PRODUCT (PRODUCT_NO,ORDER_COUNT,CREATE_DATE,MODIFIER,MODIFY_DATE,USE_YN,ORDER_NO,PRODUCT_NAME) values (1007,1,to_date('24/11/20','RR/MM/DD'),1010,to_date('24/12/02','RR/MM/DD'),null,1010,'커피');
Insert into TBL_ORDERING_PRODUCT (PRODUCT_NO,ORDER_COUNT,CREATE_DATE,MODIFIER,MODIFY_DATE,USE_YN,ORDER_NO,PRODUCT_NAME) values (1006,1,to_date('24/11/20','RR/MM/DD'),1010,to_date('24/12/02','RR/MM/DD'),null,1010,'삼각김밥');
Insert into TBL_ORDERING_PRODUCT (PRODUCT_NO,ORDER_COUNT,CREATE_DATE,MODIFIER,MODIFY_DATE,USE_YN,ORDER_NO,PRODUCT_NAME) values (1005,0,to_date('24/11/20','RR/MM/DD'),1010,to_date('24/12/02','RR/MM/DD'),null,1010,'과일주스');
Insert into TBL_ORDERING_PRODUCT (PRODUCT_NO,ORDER_COUNT,CREATE_DATE,MODIFIER,MODIFY_DATE,USE_YN,ORDER_NO,PRODUCT_NAME) values (1004,0,to_date('24/11/20','RR/MM/DD'),1010,to_date('24/12/02','RR/MM/DD'),null,1010,'아이스크림');
Insert into TBL_ORDERING_PRODUCT (PRODUCT_NO,ORDER_COUNT,CREATE_DATE,MODIFIER,MODIFY_DATE,USE_YN,ORDER_NO,PRODUCT_NAME) values (1003,0,to_date('24/11/20','RR/MM/DD'),1010,to_date('24/12/02','RR/MM/DD'),null,1010,'컵라면');
Insert into TBL_ORDERING_PRODUCT (PRODUCT_NO,ORDER_COUNT,CREATE_DATE,MODIFIER,MODIFY_DATE,USE_YN,ORDER_NO,PRODUCT_NAME) values (1002,0,to_date('24/11/20','RR/MM/DD'),1010,to_date('24/12/02','RR/MM/DD'),null,1010,'김밥');
Insert into TBL_ORDERING_PRODUCT (PRODUCT_NO,ORDER_COUNT,CREATE_DATE,MODIFIER,MODIFY_DATE,USE_YN,ORDER_NO,PRODUCT_NAME) values (1001,0,to_date('24/11/20','RR/MM/DD'),1010,to_date('24/12/02','RR/MM/DD'),null,1010,'핫도그');
Insert into TBL_ORDERING_PRODUCT (PRODUCT_NO,ORDER_COUNT,CREATE_DATE,MODIFIER,MODIFY_DATE,USE_YN,ORDER_NO,PRODUCT_NAME) values (1021,0,to_date('24/11/21','RR/MM/DD'),null,to_date('24/11/23','RR/MM/DD'),null,1011,'야마자키 12년산  700ml ');
Insert into TBL_ORDERING_PRODUCT (PRODUCT_NO,ORDER_COUNT,CREATE_DATE,MODIFIER,MODIFY_DATE,USE_YN,ORDER_NO,PRODUCT_NAME) values (1020,1,to_date('24/11/21','RR/MM/DD'),null,to_date('24/11/23','RR/MM/DD'),null,1011,'발렌타인 12년 700ml');
Insert into TBL_ORDERING_PRODUCT (PRODUCT_NO,ORDER_COUNT,CREATE_DATE,MODIFIER,MODIFY_DATE,USE_YN,ORDER_NO,PRODUCT_NAME) values (1019,1,to_date('24/11/21','RR/MM/DD'),null,to_date('24/11/23','RR/MM/DD'),null,1011,'롱섬 와인 750ml');
Insert into TBL_ORDERING_PRODUCT (PRODUCT_NO,ORDER_COUNT,CREATE_DATE,MODIFIER,MODIFY_DATE,USE_YN,ORDER_NO,PRODUCT_NAME) values (1018,1,to_date('24/11/21','RR/MM/DD'),null,to_date('24/11/23','RR/MM/DD'),null,1011,'맥스 500ml');
Insert into TBL_ORDERING_PRODUCT (PRODUCT_NO,ORDER_COUNT,CREATE_DATE,MODIFIER,MODIFY_DATE,USE_YN,ORDER_NO,PRODUCT_NAME) values (1017,1,to_date('24/11/21','RR/MM/DD'),null,to_date('24/11/23','RR/MM/DD'),null,1011,'하이트 진로 500ml');
Insert into TBL_ORDERING_PRODUCT (PRODUCT_NO,ORDER_COUNT,CREATE_DATE,MODIFIER,MODIFY_DATE,USE_YN,ORDER_NO,PRODUCT_NAME) values (1016,1,to_date('24/11/21','RR/MM/DD'),null,to_date('24/11/23','RR/MM/DD'),null,1011,'참이슬 Fresh 360ml');
Insert into TBL_ORDERING_PRODUCT (PRODUCT_NO,ORDER_COUNT,CREATE_DATE,MODIFIER,MODIFY_DATE,USE_YN,ORDER_NO,PRODUCT_NAME) values (1015,11,to_date('24/11/21','RR/MM/DD'),null,to_date('24/11/23','RR/MM/DD'),null,1011,'스파게티');
Insert into TBL_ORDERING_PRODUCT (PRODUCT_NO,ORDER_COUNT,CREATE_DATE,MODIFIER,MODIFY_DATE,USE_YN,ORDER_NO,PRODUCT_NAME) values (1014,1,to_date('24/11/21','RR/MM/DD'),null,to_date('24/11/23','RR/MM/DD'),null,1011,'피자');
Insert into TBL_ORDERING_PRODUCT (PRODUCT_NO,ORDER_COUNT,CREATE_DATE,MODIFIER,MODIFY_DATE,USE_YN,ORDER_NO,PRODUCT_NAME) values (1013,1,to_date('24/11/21','RR/MM/DD'),null,to_date('24/11/23','RR/MM/DD'),null,1011,'커스터드빵');
Insert into TBL_ORDERING_PRODUCT (PRODUCT_NO,ORDER_COUNT,CREATE_DATE,MODIFIER,MODIFY_DATE,USE_YN,ORDER_NO,PRODUCT_NAME) values (1012,1,to_date('24/11/21','RR/MM/DD'),null,to_date('24/11/23','RR/MM/DD'),null,1011,'소시지빵');
Insert into TBL_ORDERING_PRODUCT (PRODUCT_NO,ORDER_COUNT,CREATE_DATE,MODIFIER,MODIFY_DATE,USE_YN,ORDER_NO,PRODUCT_NAME) values (1011,11,to_date('24/11/21','RR/MM/DD'),null,to_date('24/11/23','RR/MM/DD'),null,1011,'김치찌개');
Insert into TBL_ORDERING_PRODUCT (PRODUCT_NO,ORDER_COUNT,CREATE_DATE,MODIFIER,MODIFY_DATE,USE_YN,ORDER_NO,PRODUCT_NAME) values (1010,1,to_date('24/11/21','RR/MM/DD'),null,to_date('24/11/23','RR/MM/DD'),null,1011,'떡볶이');
Insert into TBL_ORDERING_PRODUCT (PRODUCT_NO,ORDER_COUNT,CREATE_DATE,MODIFIER,MODIFY_DATE,USE_YN,ORDER_NO,PRODUCT_NAME) values (1009,1,to_date('24/11/21','RR/MM/DD'),null,to_date('24/11/23','RR/MM/DD'),null,1011,'라면');
Insert into TBL_ORDERING_PRODUCT (PRODUCT_NO,ORDER_COUNT,CREATE_DATE,MODIFIER,MODIFY_DATE,USE_YN,ORDER_NO,PRODUCT_NAME) values (1008,1,to_date('24/11/21','RR/MM/DD'),null,to_date('24/11/23','RR/MM/DD'),null,1011,'초코파이');
Insert into TBL_ORDERING_PRODUCT (PRODUCT_NO,ORDER_COUNT,CREATE_DATE,MODIFIER,MODIFY_DATE,USE_YN,ORDER_NO,PRODUCT_NAME) values (1007,1,to_date('24/11/21','RR/MM/DD'),null,to_date('24/11/23','RR/MM/DD'),null,1011,'커피');
Insert into TBL_ORDERING_PRODUCT (PRODUCT_NO,ORDER_COUNT,CREATE_DATE,MODIFIER,MODIFY_DATE,USE_YN,ORDER_NO,PRODUCT_NAME) values (1006,1,to_date('24/11/21','RR/MM/DD'),null,to_date('24/11/23','RR/MM/DD'),null,1011,'삼각김밥');
Insert into TBL_ORDERING_PRODUCT (PRODUCT_NO,ORDER_COUNT,CREATE_DATE,MODIFIER,MODIFY_DATE,USE_YN,ORDER_NO,PRODUCT_NAME) values (1005,1,to_date('24/11/21','RR/MM/DD'),null,to_date('24/11/23','RR/MM/DD'),null,1011,'과일주스');
Insert into TBL_ORDERING_PRODUCT (PRODUCT_NO,ORDER_COUNT,CREATE_DATE,MODIFIER,MODIFY_DATE,USE_YN,ORDER_NO,PRODUCT_NAME) values (1004,0,to_date('24/11/21','RR/MM/DD'),null,to_date('24/11/23','RR/MM/DD'),null,1011,'아이스크림');
Insert into TBL_ORDERING_PRODUCT (PRODUCT_NO,ORDER_COUNT,CREATE_DATE,MODIFIER,MODIFY_DATE,USE_YN,ORDER_NO,PRODUCT_NAME) values (1003,0,to_date('24/11/21','RR/MM/DD'),null,to_date('24/11/23','RR/MM/DD'),null,1011,'컵라면');
Insert into TBL_ORDERING_PRODUCT (PRODUCT_NO,ORDER_COUNT,CREATE_DATE,MODIFIER,MODIFY_DATE,USE_YN,ORDER_NO,PRODUCT_NAME) values (1002,0,to_date('24/11/21','RR/MM/DD'),null,to_date('24/11/23','RR/MM/DD'),null,1011,'김밥');
Insert into TBL_ORDERING_PRODUCT (PRODUCT_NO,ORDER_COUNT,CREATE_DATE,MODIFIER,MODIFY_DATE,USE_YN,ORDER_NO,PRODUCT_NAME) values (1001,0,to_date('24/11/21','RR/MM/DD'),null,to_date('24/11/23','RR/MM/DD'),null,1011,'핫도그');
Insert into TBL_ORDERING_PRODUCT (PRODUCT_NO,ORDER_COUNT,CREATE_DATE,MODIFIER,MODIFY_DATE,USE_YN,ORDER_NO,PRODUCT_NAME) values (1021,2,to_date('24/11/22','RR/MM/DD'),1010,to_date('24/12/03','RR/MM/DD'),null,1012,'야마자키 12년산  700ml ');
Insert into TBL_ORDERING_PRODUCT (PRODUCT_NO,ORDER_COUNT,CREATE_DATE,MODIFIER,MODIFY_DATE,USE_YN,ORDER_NO,PRODUCT_NAME) values (1020,1,to_date('24/11/22','RR/MM/DD'),1010,to_date('24/12/03','RR/MM/DD'),null,1012,'발렌타인 12년 700ml');
Insert into TBL_ORDERING_PRODUCT (PRODUCT_NO,ORDER_COUNT,CREATE_DATE,MODIFIER,MODIFY_DATE,USE_YN,ORDER_NO,PRODUCT_NAME) values (1019,1,to_date('24/11/22','RR/MM/DD'),1010,to_date('24/12/03','RR/MM/DD'),null,1012,'롱섬 와인 750ml');
Insert into TBL_ORDERING_PRODUCT (PRODUCT_NO,ORDER_COUNT,CREATE_DATE,MODIFIER,MODIFY_DATE,USE_YN,ORDER_NO,PRODUCT_NAME) values (1018,1,to_date('24/11/22','RR/MM/DD'),1010,to_date('24/12/03','RR/MM/DD'),null,1012,'맥스 500ml');
Insert into TBL_ORDERING_PRODUCT (PRODUCT_NO,ORDER_COUNT,CREATE_DATE,MODIFIER,MODIFY_DATE,USE_YN,ORDER_NO,PRODUCT_NAME) values (1017,1,to_date('24/11/22','RR/MM/DD'),1010,to_date('24/12/03','RR/MM/DD'),null,1012,'하이트 진로 500ml');
Insert into TBL_ORDERING_PRODUCT (PRODUCT_NO,ORDER_COUNT,CREATE_DATE,MODIFIER,MODIFY_DATE,USE_YN,ORDER_NO,PRODUCT_NAME) values (1016,1,to_date('24/11/22','RR/MM/DD'),1010,to_date('24/12/03','RR/MM/DD'),null,1012,'참이슬 Fresh 360ml');
Insert into TBL_ORDERING_PRODUCT (PRODUCT_NO,ORDER_COUNT,CREATE_DATE,MODIFIER,MODIFY_DATE,USE_YN,ORDER_NO,PRODUCT_NAME) values (1015,1,to_date('24/11/22','RR/MM/DD'),1010,to_date('24/12/03','RR/MM/DD'),null,1012,'스파게티');
Insert into TBL_ORDERING_PRODUCT (PRODUCT_NO,ORDER_COUNT,CREATE_DATE,MODIFIER,MODIFY_DATE,USE_YN,ORDER_NO,PRODUCT_NAME) values (1014,1,to_date('24/11/22','RR/MM/DD'),1010,to_date('24/12/03','RR/MM/DD'),null,1012,'피자');
Insert into TBL_ORDERING_PRODUCT (PRODUCT_NO,ORDER_COUNT,CREATE_DATE,MODIFIER,MODIFY_DATE,USE_YN,ORDER_NO,PRODUCT_NAME) values (1013,1,to_date('24/11/22','RR/MM/DD'),1010,to_date('24/12/03','RR/MM/DD'),null,1012,'커스터드빵');
Insert into TBL_ORDERING_PRODUCT (PRODUCT_NO,ORDER_COUNT,CREATE_DATE,MODIFIER,MODIFY_DATE,USE_YN,ORDER_NO,PRODUCT_NAME) values (1012,1,to_date('24/11/22','RR/MM/DD'),1010,to_date('24/12/03','RR/MM/DD'),null,1012,'소시지빵');
Insert into TBL_ORDERING_PRODUCT (PRODUCT_NO,ORDER_COUNT,CREATE_DATE,MODIFIER,MODIFY_DATE,USE_YN,ORDER_NO,PRODUCT_NAME) values (1011,1,to_date('24/11/22','RR/MM/DD'),1010,to_date('24/12/03','RR/MM/DD'),null,1012,'김치찌개');
Insert into TBL_ORDERING_PRODUCT (PRODUCT_NO,ORDER_COUNT,CREATE_DATE,MODIFIER,MODIFY_DATE,USE_YN,ORDER_NO,PRODUCT_NAME) values (1010,1,to_date('24/11/22','RR/MM/DD'),1010,to_date('24/12/03','RR/MM/DD'),null,1012,'떡볶이');
Insert into TBL_ORDERING_PRODUCT (PRODUCT_NO,ORDER_COUNT,CREATE_DATE,MODIFIER,MODIFY_DATE,USE_YN,ORDER_NO,PRODUCT_NAME) values (1009,22,to_date('24/11/22','RR/MM/DD'),1010,to_date('24/12/03','RR/MM/DD'),null,1012,'라면');
Insert into TBL_ORDERING_PRODUCT (PRODUCT_NO,ORDER_COUNT,CREATE_DATE,MODIFIER,MODIFY_DATE,USE_YN,ORDER_NO,PRODUCT_NAME) values (1008,2,to_date('24/11/22','RR/MM/DD'),1010,to_date('24/12/03','RR/MM/DD'),null,1012,'초코파이');
Insert into TBL_ORDERING_PRODUCT (PRODUCT_NO,ORDER_COUNT,CREATE_DATE,MODIFIER,MODIFY_DATE,USE_YN,ORDER_NO,PRODUCT_NAME) values (1007,2,to_date('24/11/22','RR/MM/DD'),1010,to_date('24/12/03','RR/MM/DD'),null,1012,'커피');
Insert into TBL_ORDERING_PRODUCT (PRODUCT_NO,ORDER_COUNT,CREATE_DATE,MODIFIER,MODIFY_DATE,USE_YN,ORDER_NO,PRODUCT_NAME) values (1006,0,to_date('24/11/22','RR/MM/DD'),1010,to_date('24/12/03','RR/MM/DD'),null,1012,'삼각김밥');
Insert into TBL_ORDERING_PRODUCT (PRODUCT_NO,ORDER_COUNT,CREATE_DATE,MODIFIER,MODIFY_DATE,USE_YN,ORDER_NO,PRODUCT_NAME) values (1005,22,to_date('24/11/22','RR/MM/DD'),1010,to_date('24/12/03','RR/MM/DD'),null,1012,'과일주스');
Insert into TBL_ORDERING_PRODUCT (PRODUCT_NO,ORDER_COUNT,CREATE_DATE,MODIFIER,MODIFY_DATE,USE_YN,ORDER_NO,PRODUCT_NAME) values (1004,2,to_date('24/11/22','RR/MM/DD'),1010,to_date('24/12/03','RR/MM/DD'),null,1012,'아이스크림');
Insert into TBL_ORDERING_PRODUCT (PRODUCT_NO,ORDER_COUNT,CREATE_DATE,MODIFIER,MODIFY_DATE,USE_YN,ORDER_NO,PRODUCT_NAME) values (1003,2,to_date('24/11/22','RR/MM/DD'),1010,to_date('24/12/03','RR/MM/DD'),null,1012,'컵라면');
Insert into TBL_ORDERING_PRODUCT (PRODUCT_NO,ORDER_COUNT,CREATE_DATE,MODIFIER,MODIFY_DATE,USE_YN,ORDER_NO,PRODUCT_NAME) values (1002,2,to_date('24/11/22','RR/MM/DD'),1010,to_date('24/12/03','RR/MM/DD'),null,1012,'김밥');
Insert into TBL_ORDERING_PRODUCT (PRODUCT_NO,ORDER_COUNT,CREATE_DATE,MODIFIER,MODIFY_DATE,USE_YN,ORDER_NO,PRODUCT_NAME) values (1001,2,to_date('24/11/22','RR/MM/DD'),1010,to_date('24/12/03','RR/MM/DD'),null,1012,'핫도그');
Insert into TBL_ORDERING_PRODUCT (PRODUCT_NO,ORDER_COUNT,CREATE_DATE,MODIFIER,MODIFY_DATE,USE_YN,ORDER_NO,PRODUCT_NAME) values (1021,1,to_date('24/12/03','RR/MM/DD'),1010,to_date('24/12/10','RR/MM/DD'),null,1031,'야마자키 12년산  700ml ');
Insert into TBL_ORDERING_PRODUCT (PRODUCT_NO,ORDER_COUNT,CREATE_DATE,MODIFIER,MODIFY_DATE,USE_YN,ORDER_NO,PRODUCT_NAME) values (1020,2,to_date('24/12/03','RR/MM/DD'),1010,to_date('24/12/10','RR/MM/DD'),null,1031,'발렌타인 12년 700ml');
Insert into TBL_ORDERING_PRODUCT (PRODUCT_NO,ORDER_COUNT,CREATE_DATE,MODIFIER,MODIFY_DATE,USE_YN,ORDER_NO,PRODUCT_NAME) values (1019,0,to_date('24/12/03','RR/MM/DD'),1010,to_date('24/12/10','RR/MM/DD'),null,1031,'롱섬 와인 750ml');
Insert into TBL_ORDERING_PRODUCT (PRODUCT_NO,ORDER_COUNT,CREATE_DATE,MODIFIER,MODIFY_DATE,USE_YN,ORDER_NO,PRODUCT_NAME) values (1018,3,to_date('24/12/03','RR/MM/DD'),1010,to_date('24/12/10','RR/MM/DD'),null,1031,'맥스 500ml');
Insert into TBL_ORDERING_PRODUCT (PRODUCT_NO,ORDER_COUNT,CREATE_DATE,MODIFIER,MODIFY_DATE,USE_YN,ORDER_NO,PRODUCT_NAME) values (1017,0,to_date('24/12/03','RR/MM/DD'),1010,to_date('24/12/10','RR/MM/DD'),null,1031,'하이트 진로 500ml');
Insert into TBL_ORDERING_PRODUCT (PRODUCT_NO,ORDER_COUNT,CREATE_DATE,MODIFIER,MODIFY_DATE,USE_YN,ORDER_NO,PRODUCT_NAME) values (1016,0,to_date('24/12/03','RR/MM/DD'),1010,to_date('24/12/10','RR/MM/DD'),null,1031,'참이슬 Fresh 360ml');
Insert into TBL_ORDERING_PRODUCT (PRODUCT_NO,ORDER_COUNT,CREATE_DATE,MODIFIER,MODIFY_DATE,USE_YN,ORDER_NO,PRODUCT_NAME) values (1015,0,to_date('24/12/03','RR/MM/DD'),1010,to_date('24/12/10','RR/MM/DD'),null,1031,'볼로네이즈 스파게티');
Insert into TBL_ORDERING_PRODUCT (PRODUCT_NO,ORDER_COUNT,CREATE_DATE,MODIFIER,MODIFY_DATE,USE_YN,ORDER_NO,PRODUCT_NAME) values (1014,0,to_date('24/12/03','RR/MM/DD'),1010,to_date('24/12/10','RR/MM/DD'),null,1031,'콤피네이션 피자');
Insert into TBL_ORDERING_PRODUCT (PRODUCT_NO,ORDER_COUNT,CREATE_DATE,MODIFIER,MODIFY_DATE,USE_YN,ORDER_NO,PRODUCT_NAME) values (1013,2,to_date('24/12/03','RR/MM/DD'),1010,to_date('24/12/10','RR/MM/DD'),null,1031,'바삭한 붕어 꼬리빵 슈크림');
Insert into TBL_ORDERING_PRODUCT (PRODUCT_NO,ORDER_COUNT,CREATE_DATE,MODIFIER,MODIFY_DATE,USE_YN,ORDER_NO,PRODUCT_NAME) values (1012,0,to_date('24/12/03','RR/MM/DD'),1010,to_date('24/12/10','RR/MM/DD'),null,1031,'함박소시지 치즈부리또');
Insert into TBL_ORDERING_PRODUCT (PRODUCT_NO,ORDER_COUNT,CREATE_DATE,MODIFIER,MODIFY_DATE,USE_YN,ORDER_NO,PRODUCT_NAME) values (1011,1,to_date('24/12/03','RR/MM/DD'),1010,to_date('24/12/10','RR/MM/DD'),null,1031,'팔도한끼 대파 김치찌개 ');
Insert into TBL_ORDERING_PRODUCT (PRODUCT_NO,ORDER_COUNT,CREATE_DATE,MODIFIER,MODIFY_DATE,USE_YN,ORDER_NO,PRODUCT_NAME) values (1010,0,to_date('24/12/03','RR/MM/DD'),1010,to_date('24/12/10','RR/MM/DD'),null,1031,'미정당 쌀 국물 떡볶이');
Insert into TBL_ORDERING_PRODUCT (PRODUCT_NO,ORDER_COUNT,CREATE_DATE,MODIFIER,MODIFY_DATE,USE_YN,ORDER_NO,PRODUCT_NAME) values (1009,0,to_date('24/12/03','RR/MM/DD'),1010,to_date('24/12/10','RR/MM/DD'),null,1031,'빽 라면');
Insert into TBL_ORDERING_PRODUCT (PRODUCT_NO,ORDER_COUNT,CREATE_DATE,MODIFIER,MODIFY_DATE,USE_YN,ORDER_NO,PRODUCT_NAME) values (1008,0,to_date('24/12/03','RR/MM/DD'),1010,to_date('24/12/10','RR/MM/DD'),null,1031,'情 오리온 초코파이');
Insert into TBL_ORDERING_PRODUCT (PRODUCT_NO,ORDER_COUNT,CREATE_DATE,MODIFIER,MODIFY_DATE,USE_YN,ORDER_NO,PRODUCT_NAME) values (1007,0,to_date('24/12/03','RR/MM/DD'),1010,to_date('24/12/10','RR/MM/DD'),null,1031,'Maxim T.O.P  에스프레소');
Insert into TBL_ORDERING_PRODUCT (PRODUCT_NO,ORDER_COUNT,CREATE_DATE,MODIFIER,MODIFY_DATE,USE_YN,ORDER_NO,PRODUCT_NAME) values (1006,0,to_date('24/12/03','RR/MM/DD'),1010,to_date('24/12/10','RR/MM/DD'),null,1031,'힘내!새우 삼각김밥');
Insert into TBL_ORDERING_PRODUCT (PRODUCT_NO,ORDER_COUNT,CREATE_DATE,MODIFIER,MODIFY_DATE,USE_YN,ORDER_NO,PRODUCT_NAME) values (1005,1,to_date('24/12/03','RR/MM/DD'),1010,to_date('24/12/10','RR/MM/DD'),null,1031,'MOGU MOGU PEACH');
Insert into TBL_ORDERING_PRODUCT (PRODUCT_NO,ORDER_COUNT,CREATE_DATE,MODIFIER,MODIFY_DATE,USE_YN,ORDER_NO,PRODUCT_NAME) values (1004,0,to_date('24/12/03','RR/MM/DD'),1010,to_date('24/12/10','RR/MM/DD'),null,1031,'끌레도르 파스티치오앤초코 ');
Insert into TBL_ORDERING_PRODUCT (PRODUCT_NO,ORDER_COUNT,CREATE_DATE,MODIFIER,MODIFY_DATE,USE_YN,ORDER_NO,PRODUCT_NAME) values (1003,0,to_date('24/12/03','RR/MM/DD'),1010,to_date('24/12/10','RR/MM/DD'),null,1031,'더 레드 신라면');
Insert into TBL_ORDERING_PRODUCT (PRODUCT_NO,ORDER_COUNT,CREATE_DATE,MODIFIER,MODIFY_DATE,USE_YN,ORDER_NO,PRODUCT_NAME) values (1021,1,to_date('24/11/28','RR/MM/DD'),1010,to_date('24/12/03','RR/MM/DD'),null,1025,'야마자키 12년산  700ml ');
Insert into TBL_ORDERING_PRODUCT (PRODUCT_NO,ORDER_COUNT,CREATE_DATE,MODIFIER,MODIFY_DATE,USE_YN,ORDER_NO,PRODUCT_NAME) values (1020,1,to_date('24/11/28','RR/MM/DD'),1010,to_date('24/12/03','RR/MM/DD'),null,1025,'발렌타인 12년 700ml');
Insert into TBL_ORDERING_PRODUCT (PRODUCT_NO,ORDER_COUNT,CREATE_DATE,MODIFIER,MODIFY_DATE,USE_YN,ORDER_NO,PRODUCT_NAME) values (1019,0,to_date('24/11/28','RR/MM/DD'),1010,to_date('24/12/03','RR/MM/DD'),null,1025,'롱섬 와인 750ml');
Insert into TBL_ORDERING_PRODUCT (PRODUCT_NO,ORDER_COUNT,CREATE_DATE,MODIFIER,MODIFY_DATE,USE_YN,ORDER_NO,PRODUCT_NAME) values (1018,0,to_date('24/11/28','RR/MM/DD'),1010,to_date('24/12/03','RR/MM/DD'),null,1025,'맥스 500ml');
Insert into TBL_ORDERING_PRODUCT (PRODUCT_NO,ORDER_COUNT,CREATE_DATE,MODIFIER,MODIFY_DATE,USE_YN,ORDER_NO,PRODUCT_NAME) values (1017,1,to_date('24/11/28','RR/MM/DD'),1010,to_date('24/12/03','RR/MM/DD'),null,1025,'하이트 진로 500ml');
Insert into TBL_ORDERING_PRODUCT (PRODUCT_NO,ORDER_COUNT,CREATE_DATE,MODIFIER,MODIFY_DATE,USE_YN,ORDER_NO,PRODUCT_NAME) values (1016,0,to_date('24/11/28','RR/MM/DD'),1010,to_date('24/12/03','RR/MM/DD'),null,1025,'참이슬 Fresh 360ml');
Insert into TBL_ORDERING_PRODUCT (PRODUCT_NO,ORDER_COUNT,CREATE_DATE,MODIFIER,MODIFY_DATE,USE_YN,ORDER_NO,PRODUCT_NAME) values (1015,0,to_date('24/11/28','RR/MM/DD'),1010,to_date('24/12/03','RR/MM/DD'),null,1025,'스파게티');
Insert into TBL_ORDERING_PRODUCT (PRODUCT_NO,ORDER_COUNT,CREATE_DATE,MODIFIER,MODIFY_DATE,USE_YN,ORDER_NO,PRODUCT_NAME) values (1014,0,to_date('24/11/28','RR/MM/DD'),1010,to_date('24/12/03','RR/MM/DD'),null,1025,'피자');
Insert into TBL_ORDERING_PRODUCT (PRODUCT_NO,ORDER_COUNT,CREATE_DATE,MODIFIER,MODIFY_DATE,USE_YN,ORDER_NO,PRODUCT_NAME) values (1013,0,to_date('24/11/28','RR/MM/DD'),1010,to_date('24/12/03','RR/MM/DD'),null,1025,'커스터드빵');
Insert into TBL_ORDERING_PRODUCT (PRODUCT_NO,ORDER_COUNT,CREATE_DATE,MODIFIER,MODIFY_DATE,USE_YN,ORDER_NO,PRODUCT_NAME) values (1002,0,to_date('24/12/03','RR/MM/DD'),1010,to_date('24/12/10','RR/MM/DD'),null,1031,'압도적 계란 김밥');
Insert into TBL_ORDERING_PRODUCT (PRODUCT_NO,ORDER_COUNT,CREATE_DATE,MODIFIER,MODIFY_DATE,USE_YN,ORDER_NO,PRODUCT_NAME) values (1001,0,to_date('24/12/03','RR/MM/DD'),1010,to_date('24/12/10','RR/MM/DD'),null,1031,'오리지널 핫도그');
Insert into TBL_ORDERING_PRODUCT (PRODUCT_NO,ORDER_COUNT,CREATE_DATE,MODIFIER,MODIFY_DATE,USE_YN,ORDER_NO,PRODUCT_NAME) values (1012,0,to_date('24/11/28','RR/MM/DD'),1010,to_date('24/12/03','RR/MM/DD'),null,1025,'소시지빵');
Insert into TBL_ORDERING_PRODUCT (PRODUCT_NO,ORDER_COUNT,CREATE_DATE,MODIFIER,MODIFY_DATE,USE_YN,ORDER_NO,PRODUCT_NAME) values (1011,0,to_date('24/11/28','RR/MM/DD'),1010,to_date('24/12/03','RR/MM/DD'),null,1025,'김치찌개');
Insert into TBL_ORDERING_PRODUCT (PRODUCT_NO,ORDER_COUNT,CREATE_DATE,MODIFIER,MODIFY_DATE,USE_YN,ORDER_NO,PRODUCT_NAME) values (1010,0,to_date('24/11/28','RR/MM/DD'),1010,to_date('24/12/03','RR/MM/DD'),null,1025,'떡볶이');
Insert into TBL_ORDERING_PRODUCT (PRODUCT_NO,ORDER_COUNT,CREATE_DATE,MODIFIER,MODIFY_DATE,USE_YN,ORDER_NO,PRODUCT_NAME) values (1009,0,to_date('24/11/28','RR/MM/DD'),1010,to_date('24/12/03','RR/MM/DD'),null,1025,'라면');
Insert into TBL_ORDERING_PRODUCT (PRODUCT_NO,ORDER_COUNT,CREATE_DATE,MODIFIER,MODIFY_DATE,USE_YN,ORDER_NO,PRODUCT_NAME) values (1008,0,to_date('24/11/28','RR/MM/DD'),1010,to_date('24/12/03','RR/MM/DD'),null,1025,'초코파이');
Insert into TBL_ORDERING_PRODUCT (PRODUCT_NO,ORDER_COUNT,CREATE_DATE,MODIFIER,MODIFY_DATE,USE_YN,ORDER_NO,PRODUCT_NAME) values (1007,0,to_date('24/11/28','RR/MM/DD'),1010,to_date('24/12/03','RR/MM/DD'),null,1025,'커피');
Insert into TBL_ORDERING_PRODUCT (PRODUCT_NO,ORDER_COUNT,CREATE_DATE,MODIFIER,MODIFY_DATE,USE_YN,ORDER_NO,PRODUCT_NAME) values (1006,0,to_date('24/11/28','RR/MM/DD'),1010,to_date('24/12/03','RR/MM/DD'),null,1025,'삼각김밥');
Insert into TBL_ORDERING_PRODUCT (PRODUCT_NO,ORDER_COUNT,CREATE_DATE,MODIFIER,MODIFY_DATE,USE_YN,ORDER_NO,PRODUCT_NAME) values (1005,1,to_date('24/11/28','RR/MM/DD'),1010,to_date('24/12/03','RR/MM/DD'),null,1025,'과일주스');
Insert into TBL_ORDERING_PRODUCT (PRODUCT_NO,ORDER_COUNT,CREATE_DATE,MODIFIER,MODIFY_DATE,USE_YN,ORDER_NO,PRODUCT_NAME) values (1004,0,to_date('24/11/28','RR/MM/DD'),1010,to_date('24/12/03','RR/MM/DD'),null,1025,'아이스크림');
Insert into TBL_ORDERING_PRODUCT (PRODUCT_NO,ORDER_COUNT,CREATE_DATE,MODIFIER,MODIFY_DATE,USE_YN,ORDER_NO,PRODUCT_NAME) values (1003,0,to_date('24/11/28','RR/MM/DD'),1010,to_date('24/12/03','RR/MM/DD'),null,1025,'컵라면');
Insert into TBL_ORDERING_PRODUCT (PRODUCT_NO,ORDER_COUNT,CREATE_DATE,MODIFIER,MODIFY_DATE,USE_YN,ORDER_NO,PRODUCT_NAME) values (1002,0,to_date('24/11/28','RR/MM/DD'),1010,to_date('24/12/03','RR/MM/DD'),null,1025,'김밥');
Insert into TBL_ORDERING_PRODUCT (PRODUCT_NO,ORDER_COUNT,CREATE_DATE,MODIFIER,MODIFY_DATE,USE_YN,ORDER_NO,PRODUCT_NAME) values (1001,0,to_date('24/11/28','RR/MM/DD'),1010,to_date('24/12/03','RR/MM/DD'),null,1025,'핫도그');
Insert into TBL_ORDERING_PRODUCT (PRODUCT_NO,ORDER_COUNT,CREATE_DATE,MODIFIER,MODIFY_DATE,USE_YN,ORDER_NO,PRODUCT_NAME) values (1029,3,to_date('24/12/01','RR/MM/DD'),1010,to_date('24/12/02','RR/MM/DD'),null,1026,'test');
Insert into TBL_ORDERING_PRODUCT (PRODUCT_NO,ORDER_COUNT,CREATE_DATE,MODIFIER,MODIFY_DATE,USE_YN,ORDER_NO,PRODUCT_NAME) values (1021,1,to_date('24/12/01','RR/MM/DD'),1010,to_date('24/12/03','RR/MM/DD'),null,1026,'야마자키 12년산  700ml ');
Insert into TBL_ORDERING_PRODUCT (PRODUCT_NO,ORDER_COUNT,CREATE_DATE,MODIFIER,MODIFY_DATE,USE_YN,ORDER_NO,PRODUCT_NAME) values (1020,2,to_date('24/12/01','RR/MM/DD'),1010,to_date('24/12/03','RR/MM/DD'),null,1026,'발렌타인 12년 700ml');
Insert into TBL_ORDERING_PRODUCT (PRODUCT_NO,ORDER_COUNT,CREATE_DATE,MODIFIER,MODIFY_DATE,USE_YN,ORDER_NO,PRODUCT_NAME) values (1019,1,to_date('24/12/01','RR/MM/DD'),1010,to_date('24/12/03','RR/MM/DD'),null,1026,'롱섬 와인 750ml');
Insert into TBL_ORDERING_PRODUCT (PRODUCT_NO,ORDER_COUNT,CREATE_DATE,MODIFIER,MODIFY_DATE,USE_YN,ORDER_NO,PRODUCT_NAME) values (1018,1,to_date('24/12/01','RR/MM/DD'),1010,to_date('24/12/03','RR/MM/DD'),null,1026,'맥스 500ml');
Insert into TBL_ORDERING_PRODUCT (PRODUCT_NO,ORDER_COUNT,CREATE_DATE,MODIFIER,MODIFY_DATE,USE_YN,ORDER_NO,PRODUCT_NAME) values (1017,2,to_date('24/12/01','RR/MM/DD'),1010,to_date('24/12/03','RR/MM/DD'),null,1026,'하이트 진로 500ml');
Insert into TBL_ORDERING_PRODUCT (PRODUCT_NO,ORDER_COUNT,CREATE_DATE,MODIFIER,MODIFY_DATE,USE_YN,ORDER_NO,PRODUCT_NAME) values (1016,1,to_date('24/12/01','RR/MM/DD'),1010,to_date('24/12/03','RR/MM/DD'),null,1026,'참이슬 Fresh 360ml');
Insert into TBL_ORDERING_PRODUCT (PRODUCT_NO,ORDER_COUNT,CREATE_DATE,MODIFIER,MODIFY_DATE,USE_YN,ORDER_NO,PRODUCT_NAME) values (1015,1,to_date('24/12/01','RR/MM/DD'),1010,to_date('24/12/03','RR/MM/DD'),null,1026,'스파게티');
Insert into TBL_ORDERING_PRODUCT (PRODUCT_NO,ORDER_COUNT,CREATE_DATE,MODIFIER,MODIFY_DATE,USE_YN,ORDER_NO,PRODUCT_NAME) values (1014,1,to_date('24/12/01','RR/MM/DD'),1010,to_date('24/12/03','RR/MM/DD'),null,1026,'피자');
Insert into TBL_ORDERING_PRODUCT (PRODUCT_NO,ORDER_COUNT,CREATE_DATE,MODIFIER,MODIFY_DATE,USE_YN,ORDER_NO,PRODUCT_NAME) values (1013,0,to_date('24/12/01','RR/MM/DD'),1010,to_date('24/12/03','RR/MM/DD'),null,1026,'커스터드빵');
Insert into TBL_ORDERING_PRODUCT (PRODUCT_NO,ORDER_COUNT,CREATE_DATE,MODIFIER,MODIFY_DATE,USE_YN,ORDER_NO,PRODUCT_NAME) values (1012,0,to_date('24/12/01','RR/MM/DD'),1010,to_date('24/12/03','RR/MM/DD'),null,1026,'소시지빵');
Insert into TBL_ORDERING_PRODUCT (PRODUCT_NO,ORDER_COUNT,CREATE_DATE,MODIFIER,MODIFY_DATE,USE_YN,ORDER_NO,PRODUCT_NAME) values (1011,0,to_date('24/12/01','RR/MM/DD'),1010,to_date('24/12/03','RR/MM/DD'),null,1026,'김치찌개');
Insert into TBL_ORDERING_PRODUCT (PRODUCT_NO,ORDER_COUNT,CREATE_DATE,MODIFIER,MODIFY_DATE,USE_YN,ORDER_NO,PRODUCT_NAME) values (1010,0,to_date('24/12/01','RR/MM/DD'),1010,to_date('24/12/03','RR/MM/DD'),null,1026,'떡볶이');
Insert into TBL_ORDERING_PRODUCT (PRODUCT_NO,ORDER_COUNT,CREATE_DATE,MODIFIER,MODIFY_DATE,USE_YN,ORDER_NO,PRODUCT_NAME) values (1009,0,to_date('24/12/01','RR/MM/DD'),1010,to_date('24/12/03','RR/MM/DD'),null,1026,'라면');
Insert into TBL_ORDERING_PRODUCT (PRODUCT_NO,ORDER_COUNT,CREATE_DATE,MODIFIER,MODIFY_DATE,USE_YN,ORDER_NO,PRODUCT_NAME) values (1008,0,to_date('24/12/01','RR/MM/DD'),1010,to_date('24/12/03','RR/MM/DD'),null,1026,'초코파이');
Insert into TBL_ORDERING_PRODUCT (PRODUCT_NO,ORDER_COUNT,CREATE_DATE,MODIFIER,MODIFY_DATE,USE_YN,ORDER_NO,PRODUCT_NAME) values (1007,0,to_date('24/12/01','RR/MM/DD'),1010,to_date('24/12/03','RR/MM/DD'),null,1026,'커피');
Insert into TBL_ORDERING_PRODUCT (PRODUCT_NO,ORDER_COUNT,CREATE_DATE,MODIFIER,MODIFY_DATE,USE_YN,ORDER_NO,PRODUCT_NAME) values (1006,0,to_date('24/12/01','RR/MM/DD'),1010,to_date('24/12/03','RR/MM/DD'),null,1026,'삼각김밥');
Insert into TBL_ORDERING_PRODUCT (PRODUCT_NO,ORDER_COUNT,CREATE_DATE,MODIFIER,MODIFY_DATE,USE_YN,ORDER_NO,PRODUCT_NAME) values (1005,1,to_date('24/12/01','RR/MM/DD'),1010,to_date('24/12/03','RR/MM/DD'),null,1026,'과일주스');
Insert into TBL_ORDERING_PRODUCT (PRODUCT_NO,ORDER_COUNT,CREATE_DATE,MODIFIER,MODIFY_DATE,USE_YN,ORDER_NO,PRODUCT_NAME) values (1004,0,to_date('24/12/01','RR/MM/DD'),1010,to_date('24/12/03','RR/MM/DD'),null,1026,'아이스크림');
Insert into TBL_ORDERING_PRODUCT (PRODUCT_NO,ORDER_COUNT,CREATE_DATE,MODIFIER,MODIFY_DATE,USE_YN,ORDER_NO,PRODUCT_NAME) values (1003,1,to_date('24/12/01','RR/MM/DD'),1010,to_date('24/12/03','RR/MM/DD'),null,1026,'컵라면');
Insert into TBL_ORDERING_PRODUCT (PRODUCT_NO,ORDER_COUNT,CREATE_DATE,MODIFIER,MODIFY_DATE,USE_YN,ORDER_NO,PRODUCT_NAME) values (1002,0,to_date('24/12/01','RR/MM/DD'),1010,to_date('24/12/03','RR/MM/DD'),null,1026,'김밥');
Insert into TBL_ORDERING_PRODUCT (PRODUCT_NO,ORDER_COUNT,CREATE_DATE,MODIFIER,MODIFY_DATE,USE_YN,ORDER_NO,PRODUCT_NAME) values (1001,0,to_date('24/12/01','RR/MM/DD'),1010,to_date('24/12/03','RR/MM/DD'),null,1026,'핫도그');
Insert into TBL_ORDERING_PRODUCT (PRODUCT_NO,ORDER_COUNT,CREATE_DATE,MODIFIER,MODIFY_DATE,USE_YN,ORDER_NO,PRODUCT_NAME) values (1029,1,to_date('24/12/02','RR/MM/DD'),1010,to_date('24/12/02','RR/MM/DD'),null,1027,'test');
Insert into TBL_ORDERING_PRODUCT (PRODUCT_NO,ORDER_COUNT,CREATE_DATE,MODIFIER,MODIFY_DATE,USE_YN,ORDER_NO,PRODUCT_NAME) values (1021,1,to_date('24/12/02','RR/MM/DD'),1010,to_date('24/12/03','RR/MM/DD'),null,1027,'야마자키 12년산  700ml ');
Insert into TBL_ORDERING_PRODUCT (PRODUCT_NO,ORDER_COUNT,CREATE_DATE,MODIFIER,MODIFY_DATE,USE_YN,ORDER_NO,PRODUCT_NAME) values (1020,1,to_date('24/12/02','RR/MM/DD'),1010,to_date('24/12/03','RR/MM/DD'),null,1027,'발렌타인 12년 700ml');
Insert into TBL_ORDERING_PRODUCT (PRODUCT_NO,ORDER_COUNT,CREATE_DATE,MODIFIER,MODIFY_DATE,USE_YN,ORDER_NO,PRODUCT_NAME) values (1019,1,to_date('24/12/02','RR/MM/DD'),1010,to_date('24/12/03','RR/MM/DD'),null,1027,'롱섬 와인 750ml');
Insert into TBL_ORDERING_PRODUCT (PRODUCT_NO,ORDER_COUNT,CREATE_DATE,MODIFIER,MODIFY_DATE,USE_YN,ORDER_NO,PRODUCT_NAME) values (1018,1,to_date('24/12/02','RR/MM/DD'),1010,to_date('24/12/03','RR/MM/DD'),null,1027,'맥스 500ml');
Insert into TBL_ORDERING_PRODUCT (PRODUCT_NO,ORDER_COUNT,CREATE_DATE,MODIFIER,MODIFY_DATE,USE_YN,ORDER_NO,PRODUCT_NAME) values (1017,1,to_date('24/12/02','RR/MM/DD'),1010,to_date('24/12/03','RR/MM/DD'),null,1027,'하이트 진로 500ml');
Insert into TBL_ORDERING_PRODUCT (PRODUCT_NO,ORDER_COUNT,CREATE_DATE,MODIFIER,MODIFY_DATE,USE_YN,ORDER_NO,PRODUCT_NAME) values (1016,0,to_date('24/12/02','RR/MM/DD'),1010,to_date('24/12/03','RR/MM/DD'),null,1027,'참이슬 Fresh 360ml');
Insert into TBL_ORDERING_PRODUCT (PRODUCT_NO,ORDER_COUNT,CREATE_DATE,MODIFIER,MODIFY_DATE,USE_YN,ORDER_NO,PRODUCT_NAME) values (1015,0,to_date('24/12/02','RR/MM/DD'),1010,to_date('24/12/03','RR/MM/DD'),null,1027,'스파게티');
Insert into TBL_ORDERING_PRODUCT (PRODUCT_NO,ORDER_COUNT,CREATE_DATE,MODIFIER,MODIFY_DATE,USE_YN,ORDER_NO,PRODUCT_NAME) values (1014,0,to_date('24/12/02','RR/MM/DD'),1010,to_date('24/12/03','RR/MM/DD'),null,1027,'피자');
Insert into TBL_ORDERING_PRODUCT (PRODUCT_NO,ORDER_COUNT,CREATE_DATE,MODIFIER,MODIFY_DATE,USE_YN,ORDER_NO,PRODUCT_NAME) values (1013,0,to_date('24/12/02','RR/MM/DD'),1010,to_date('24/12/03','RR/MM/DD'),null,1027,'커스터드빵');
Insert into TBL_ORDERING_PRODUCT (PRODUCT_NO,ORDER_COUNT,CREATE_DATE,MODIFIER,MODIFY_DATE,USE_YN,ORDER_NO,PRODUCT_NAME) values (1012,0,to_date('24/12/02','RR/MM/DD'),1010,to_date('24/12/03','RR/MM/DD'),null,1027,'소시지빵');
Insert into TBL_ORDERING_PRODUCT (PRODUCT_NO,ORDER_COUNT,CREATE_DATE,MODIFIER,MODIFY_DATE,USE_YN,ORDER_NO,PRODUCT_NAME) values (1011,0,to_date('24/12/02','RR/MM/DD'),1010,to_date('24/12/03','RR/MM/DD'),null,1027,'김치찌개');
Insert into TBL_ORDERING_PRODUCT (PRODUCT_NO,ORDER_COUNT,CREATE_DATE,MODIFIER,MODIFY_DATE,USE_YN,ORDER_NO,PRODUCT_NAME) values (1010,0,to_date('24/12/02','RR/MM/DD'),1010,to_date('24/12/03','RR/MM/DD'),null,1027,'떡볶이');
Insert into TBL_ORDERING_PRODUCT (PRODUCT_NO,ORDER_COUNT,CREATE_DATE,MODIFIER,MODIFY_DATE,USE_YN,ORDER_NO,PRODUCT_NAME) values (1009,0,to_date('24/12/02','RR/MM/DD'),1010,to_date('24/12/03','RR/MM/DD'),null,1027,'라면');
Insert into TBL_ORDERING_PRODUCT (PRODUCT_NO,ORDER_COUNT,CREATE_DATE,MODIFIER,MODIFY_DATE,USE_YN,ORDER_NO,PRODUCT_NAME) values (1008,0,to_date('24/12/02','RR/MM/DD'),1010,to_date('24/12/03','RR/MM/DD'),null,1027,'초코파이');
Insert into TBL_ORDERING_PRODUCT (PRODUCT_NO,ORDER_COUNT,CREATE_DATE,MODIFIER,MODIFY_DATE,USE_YN,ORDER_NO,PRODUCT_NAME) values (1007,0,to_date('24/12/02','RR/MM/DD'),1010,to_date('24/12/03','RR/MM/DD'),null,1027,'커피');
Insert into TBL_ORDERING_PRODUCT (PRODUCT_NO,ORDER_COUNT,CREATE_DATE,MODIFIER,MODIFY_DATE,USE_YN,ORDER_NO,PRODUCT_NAME) values (1006,0,to_date('24/12/02','RR/MM/DD'),1010,to_date('24/12/03','RR/MM/DD'),null,1027,'삼각김밥');
Insert into TBL_ORDERING_PRODUCT (PRODUCT_NO,ORDER_COUNT,CREATE_DATE,MODIFIER,MODIFY_DATE,USE_YN,ORDER_NO,PRODUCT_NAME) values (1005,0,to_date('24/12/02','RR/MM/DD'),1010,to_date('24/12/03','RR/MM/DD'),null,1027,'과일주스');
Insert into TBL_ORDERING_PRODUCT (PRODUCT_NO,ORDER_COUNT,CREATE_DATE,MODIFIER,MODIFY_DATE,USE_YN,ORDER_NO,PRODUCT_NAME) values (1004,0,to_date('24/12/02','RR/MM/DD'),1010,to_date('24/12/03','RR/MM/DD'),null,1027,'아이스크림');
Insert into TBL_ORDERING_PRODUCT (PRODUCT_NO,ORDER_COUNT,CREATE_DATE,MODIFIER,MODIFY_DATE,USE_YN,ORDER_NO,PRODUCT_NAME) values (1003,0,to_date('24/12/02','RR/MM/DD'),1010,to_date('24/12/03','RR/MM/DD'),null,1027,'컵라면');
Insert into TBL_ORDERING_PRODUCT (PRODUCT_NO,ORDER_COUNT,CREATE_DATE,MODIFIER,MODIFY_DATE,USE_YN,ORDER_NO,PRODUCT_NAME) values (1002,0,to_date('24/12/02','RR/MM/DD'),1010,to_date('24/12/03','RR/MM/DD'),null,1027,'김밥');
Insert into TBL_ORDERING_PRODUCT (PRODUCT_NO,ORDER_COUNT,CREATE_DATE,MODIFIER,MODIFY_DATE,USE_YN,ORDER_NO,PRODUCT_NAME) values (1001,0,to_date('24/12/02','RR/MM/DD'),1010,to_date('24/12/03','RR/MM/DD'),null,1027,'핫도그');
Insert into TBL_ORDERING_PRODUCT (PRODUCT_NO,ORDER_COUNT,CREATE_DATE,MODIFIER,MODIFY_DATE,USE_YN,ORDER_NO,PRODUCT_NAME) values (1021,0,to_date('24/12/10','RR/MM/DD'),null,to_date('24/12/10','RR/MM/DD'),null,1032,'야마자키 12년산  700ml ');
Insert into TBL_ORDERING_PRODUCT (PRODUCT_NO,ORDER_COUNT,CREATE_DATE,MODIFIER,MODIFY_DATE,USE_YN,ORDER_NO,PRODUCT_NAME) values (1020,0,to_date('24/12/10','RR/MM/DD'),null,to_date('24/12/10','RR/MM/DD'),null,1032,'발렌타인 12년 700ml');
Insert into TBL_ORDERING_PRODUCT (PRODUCT_NO,ORDER_COUNT,CREATE_DATE,MODIFIER,MODIFY_DATE,USE_YN,ORDER_NO,PRODUCT_NAME) values (1019,0,to_date('24/12/10','RR/MM/DD'),null,to_date('24/12/10','RR/MM/DD'),null,1032,'롱섬 와인 750ml');
Insert into TBL_ORDERING_PRODUCT (PRODUCT_NO,ORDER_COUNT,CREATE_DATE,MODIFIER,MODIFY_DATE,USE_YN,ORDER_NO,PRODUCT_NAME) values (1018,0,to_date('24/12/10','RR/MM/DD'),null,to_date('24/12/10','RR/MM/DD'),null,1032,'맥스 500ml');
Insert into TBL_ORDERING_PRODUCT (PRODUCT_NO,ORDER_COUNT,CREATE_DATE,MODIFIER,MODIFY_DATE,USE_YN,ORDER_NO,PRODUCT_NAME) values (1017,0,to_date('24/12/10','RR/MM/DD'),null,to_date('24/12/10','RR/MM/DD'),null,1032,'하이트 진로 500ml');
Insert into TBL_ORDERING_PRODUCT (PRODUCT_NO,ORDER_COUNT,CREATE_DATE,MODIFIER,MODIFY_DATE,USE_YN,ORDER_NO,PRODUCT_NAME) values (1016,0,to_date('24/12/10','RR/MM/DD'),null,to_date('24/12/10','RR/MM/DD'),null,1032,'참이슬 Fresh 360ml');
Insert into TBL_ORDERING_PRODUCT (PRODUCT_NO,ORDER_COUNT,CREATE_DATE,MODIFIER,MODIFY_DATE,USE_YN,ORDER_NO,PRODUCT_NAME) values (1015,0,to_date('24/12/10','RR/MM/DD'),null,to_date('24/12/10','RR/MM/DD'),null,1032,'볼로네이즈 스파게티');
Insert into TBL_ORDERING_PRODUCT (PRODUCT_NO,ORDER_COUNT,CREATE_DATE,MODIFIER,MODIFY_DATE,USE_YN,ORDER_NO,PRODUCT_NAME) values (1014,0,to_date('24/12/10','RR/MM/DD'),null,to_date('24/12/10','RR/MM/DD'),null,1032,'콤피네이션 피자');
Insert into TBL_ORDERING_PRODUCT (PRODUCT_NO,ORDER_COUNT,CREATE_DATE,MODIFIER,MODIFY_DATE,USE_YN,ORDER_NO,PRODUCT_NAME) values (1013,0,to_date('24/12/10','RR/MM/DD'),null,to_date('24/12/10','RR/MM/DD'),null,1032,'바삭한 붕어 꼬리빵 슈크림');
Insert into TBL_ORDERING_PRODUCT (PRODUCT_NO,ORDER_COUNT,CREATE_DATE,MODIFIER,MODIFY_DATE,USE_YN,ORDER_NO,PRODUCT_NAME) values (1012,0,to_date('24/12/10','RR/MM/DD'),null,to_date('24/12/10','RR/MM/DD'),null,1032,'함박소시지 치즈부리또');
Insert into TBL_ORDERING_PRODUCT (PRODUCT_NO,ORDER_COUNT,CREATE_DATE,MODIFIER,MODIFY_DATE,USE_YN,ORDER_NO,PRODUCT_NAME) values (1011,0,to_date('24/12/10','RR/MM/DD'),null,to_date('24/12/10','RR/MM/DD'),null,1032,'팔도한끼 대파 김치찌개 ');
Insert into TBL_ORDERING_PRODUCT (PRODUCT_NO,ORDER_COUNT,CREATE_DATE,MODIFIER,MODIFY_DATE,USE_YN,ORDER_NO,PRODUCT_NAME) values (1010,0,to_date('24/12/10','RR/MM/DD'),null,to_date('24/12/10','RR/MM/DD'),null,1032,'미정당 쌀 국물 떡볶이');
Insert into TBL_ORDERING_PRODUCT (PRODUCT_NO,ORDER_COUNT,CREATE_DATE,MODIFIER,MODIFY_DATE,USE_YN,ORDER_NO,PRODUCT_NAME) values (1009,0,to_date('24/12/10','RR/MM/DD'),null,to_date('24/12/10','RR/MM/DD'),null,1032,'빽 라면');
Insert into TBL_ORDERING_PRODUCT (PRODUCT_NO,ORDER_COUNT,CREATE_DATE,MODIFIER,MODIFY_DATE,USE_YN,ORDER_NO,PRODUCT_NAME) values (1008,0,to_date('24/12/10','RR/MM/DD'),null,to_date('24/12/10','RR/MM/DD'),null,1032,'情 오리온 초코파이');
Insert into TBL_ORDERING_PRODUCT (PRODUCT_NO,ORDER_COUNT,CREATE_DATE,MODIFIER,MODIFY_DATE,USE_YN,ORDER_NO,PRODUCT_NAME) values (1007,0,to_date('24/12/10','RR/MM/DD'),null,to_date('24/12/10','RR/MM/DD'),null,1032,'Maxim T.O.P  에스프레소');
Insert into TBL_ORDERING_PRODUCT (PRODUCT_NO,ORDER_COUNT,CREATE_DATE,MODIFIER,MODIFY_DATE,USE_YN,ORDER_NO,PRODUCT_NAME) values (1006,0,to_date('24/12/10','RR/MM/DD'),null,to_date('24/12/10','RR/MM/DD'),null,1032,'힘내!새우 삼각김밥');
Insert into TBL_ORDERING_PRODUCT (PRODUCT_NO,ORDER_COUNT,CREATE_DATE,MODIFIER,MODIFY_DATE,USE_YN,ORDER_NO,PRODUCT_NAME) values (1005,0,to_date('24/12/10','RR/MM/DD'),null,to_date('24/12/10','RR/MM/DD'),null,1032,'MOGU MOGU PEACH');
Insert into TBL_ORDERING_PRODUCT (PRODUCT_NO,ORDER_COUNT,CREATE_DATE,MODIFIER,MODIFY_DATE,USE_YN,ORDER_NO,PRODUCT_NAME) values (1004,0,to_date('24/12/10','RR/MM/DD'),null,to_date('24/12/10','RR/MM/DD'),null,1032,'끌레도르 파스티치오앤초코 ');
Insert into TBL_ORDERING_PRODUCT (PRODUCT_NO,ORDER_COUNT,CREATE_DATE,MODIFIER,MODIFY_DATE,USE_YN,ORDER_NO,PRODUCT_NAME) values (1003,0,to_date('24/12/10','RR/MM/DD'),null,to_date('24/12/10','RR/MM/DD'),null,1032,'더 레드 신라면');
Insert into TBL_ORDERING_PRODUCT (PRODUCT_NO,ORDER_COUNT,CREATE_DATE,MODIFIER,MODIFY_DATE,USE_YN,ORDER_NO,PRODUCT_NAME) values (1002,0,to_date('24/12/10','RR/MM/DD'),null,to_date('24/12/10','RR/MM/DD'),null,1032,'압도적 계란 김밥');
Insert into TBL_ORDERING_PRODUCT (PRODUCT_NO,ORDER_COUNT,CREATE_DATE,MODIFIER,MODIFY_DATE,USE_YN,ORDER_NO,PRODUCT_NAME) values (1001,0,to_date('24/12/10','RR/MM/DD'),null,to_date('24/12/10','RR/MM/DD'),null,1032,'오리지널 핫도그');
REM INSERTING into TBL_PRODUCT
SET DEFINE OFF;
Insert into TBL_PRODUCT (PRODUCT_NO,CLASSIFICATION_NO,PRODUCT_NAME,COST,SAIL_PRICE,PROFIT_MARGIN,EXPIRATION_PERIOD,CREATER,CREATE_DATE,MODIFIER,MODIFY_DATE,DELIVERY_DATE,USE_YN,INVENTORY,EVENT) values (1001,1,'오리지널 핫도그','3600','1200','-66.67%',to_date('24/12/31','RR/MM/DD'),1010,to_date('24/11/14','RR/MM/DD'),1010,to_date('24/12/02','RR/MM/DD'),'월화수목금','Y',0,'1+1');
Insert into TBL_PRODUCT (PRODUCT_NO,CLASSIFICATION_NO,PRODUCT_NAME,COST,SAIL_PRICE,PROFIT_MARGIN,EXPIRATION_PERIOD,CREATER,CREATE_DATE,MODIFIER,MODIFY_DATE,DELIVERY_DATE,USE_YN,INVENTORY,EVENT) values (1002,1,'압도적 계란 김밥','1200','1800','50%',to_date('24/11/30','RR/MM/DD'),1010,to_date('24/11/14','RR/MM/DD'),1010,to_date('24/12/02','RR/MM/DD'),'월화수목금','Y',0,'2+1');
Insert into TBL_PRODUCT (PRODUCT_NO,CLASSIFICATION_NO,PRODUCT_NAME,COST,SAIL_PRICE,PROFIT_MARGIN,EXPIRATION_PERIOD,CREATER,CREATE_DATE,MODIFIER,MODIFY_DATE,DELIVERY_DATE,USE_YN,INVENTORY,EVENT) values (1003,1,'더 레드 신라면','500','800','60%',to_date('25/03/15','RR/MM/DD'),1010,to_date('24/11/14','RR/MM/DD'),1010,to_date('24/12/02','RR/MM/DD'),'월화수목금','Y',0,'2+1');
Insert into TBL_PRODUCT (PRODUCT_NO,CLASSIFICATION_NO,PRODUCT_NAME,COST,SAIL_PRICE,PROFIT_MARGIN,EXPIRATION_PERIOD,CREATER,CREATE_DATE,MODIFIER,MODIFY_DATE,DELIVERY_DATE,USE_YN,INVENTORY,EVENT) values (1004,5,'끌레도르 파스티치오앤초코 ','3800','1200','-68.42%',to_date('25/06/30','RR/MM/DD'),1010,to_date('24/11/14','RR/MM/DD'),1010,to_date('24/12/02','RR/MM/DD'),'월화수목금','Y',0,'2+1');
Insert into TBL_PRODUCT (PRODUCT_NO,CLASSIFICATION_NO,PRODUCT_NAME,COST,SAIL_PRICE,PROFIT_MARGIN,EXPIRATION_PERIOD,CREATER,CREATE_DATE,MODIFIER,MODIFY_DATE,DELIVERY_DATE,USE_YN,INVENTORY,EVENT) values (1005,2,'MOGU MOGU PEACH','2300','1000','-56.52',to_date('25/01/10','RR/MM/DD'),1010,to_date('24/11/14','RR/MM/DD'),1010,to_date('24/12/02','RR/MM/DD'),'월화수목금','Y',0,'1+1');
Insert into TBL_PRODUCT (PRODUCT_NO,CLASSIFICATION_NO,PRODUCT_NAME,COST,SAIL_PRICE,PROFIT_MARGIN,EXPIRATION_PERIOD,CREATER,CREATE_DATE,MODIFIER,MODIFY_DATE,DELIVERY_DATE,USE_YN,INVENTORY,EVENT) values (1006,1,'힘내!새우 삼각김밥','600','900','50%',to_date('24/11/10','RR/MM/DD'),1010,to_date('24/11/14','RR/MM/DD'),1010,to_date('24/12/02','RR/MM/DD'),'월화수목금','Y',0,null);
Insert into TBL_PRODUCT (PRODUCT_NO,CLASSIFICATION_NO,PRODUCT_NAME,COST,SAIL_PRICE,PROFIT_MARGIN,EXPIRATION_PERIOD,CREATER,CREATE_DATE,MODIFIER,MODIFY_DATE,DELIVERY_DATE,USE_YN,INVENTORY,EVENT) values (1007,2,'Maxim T.O.P  에스프레소','500','1000','100%',to_date('25/02/20','RR/MM/DD'),1010,to_date('24/11/14','RR/MM/DD'),1010,to_date('24/12/02','RR/MM/DD'),'월화수목금','Y',0,'2+1');
Insert into TBL_PRODUCT (PRODUCT_NO,CLASSIFICATION_NO,PRODUCT_NAME,COST,SAIL_PRICE,PROFIT_MARGIN,EXPIRATION_PERIOD,CREATER,CREATE_DATE,MODIFIER,MODIFY_DATE,DELIVERY_DATE,USE_YN,INVENTORY,EVENT) values (1008,4,'情 오리온 초코파이','1000','1500','50%',to_date('25/05/01','RR/MM/DD'),1010,to_date('24/11/14','RR/MM/DD'),1010,to_date('24/12/02','RR/MM/DD'),'월화수목금','Y',0,'2+1');
Insert into TBL_PRODUCT (PRODUCT_NO,CLASSIFICATION_NO,PRODUCT_NAME,COST,SAIL_PRICE,PROFIT_MARGIN,EXPIRATION_PERIOD,CREATER,CREATE_DATE,MODIFIER,MODIFY_DATE,DELIVERY_DATE,USE_YN,INVENTORY,EVENT) values (1009,1,'빽 라면','700','1000','42.86%',to_date('25/03/31','RR/MM/DD'),1010,to_date('24/11/14','RR/MM/DD'),1010,to_date('24/12/02','RR/MM/DD'),'월화수목금','Y',0,'2+1');
Insert into TBL_PRODUCT (PRODUCT_NO,CLASSIFICATION_NO,PRODUCT_NAME,COST,SAIL_PRICE,PROFIT_MARGIN,EXPIRATION_PERIOD,CREATER,CREATE_DATE,MODIFIER,MODIFY_DATE,DELIVERY_DATE,USE_YN,INVENTORY,EVENT) values (1010,1,'미정당 쌀 국물 떡볶이','5400','1800','-66.67',to_date('25/02/28','RR/MM/DD'),1010,to_date('24/11/14','RR/MM/DD'),1010,to_date('24/12/02','RR/MM/DD'),'월화수목금','Y',0,null);
Insert into TBL_PRODUCT (PRODUCT_NO,CLASSIFICATION_NO,PRODUCT_NAME,COST,SAIL_PRICE,PROFIT_MARGIN,EXPIRATION_PERIOD,CREATER,CREATE_DATE,MODIFIER,MODIFY_DATE,DELIVERY_DATE,USE_YN,INVENTORY,EVENT) values (1011,1,'팔도한끼 대파 김치찌개 ','5000','3000','-40%',to_date('25/01/15','RR/MM/DD'),1010,to_date('24/11/14','RR/MM/DD'),1010,to_date('24/12/02','RR/MM/DD'),'월화수목금','Y',0,'1+1');
Insert into TBL_PRODUCT (PRODUCT_NO,CLASSIFICATION_NO,PRODUCT_NAME,COST,SAIL_PRICE,PROFIT_MARGIN,EXPIRATION_PERIOD,CREATER,CREATE_DATE,MODIFIER,MODIFY_DATE,DELIVERY_DATE,USE_YN,INVENTORY,EVENT) values (1012,1,'함박소시지 치즈부리또','800','1500','87.5%',to_date('25/04/30','RR/MM/DD'),1010,to_date('24/11/14','RR/MM/DD'),1010,to_date('24/12/02','RR/MM/DD'),'월화수목금','Y',0,'1+1');
Insert into TBL_PRODUCT (PRODUCT_NO,CLASSIFICATION_NO,PRODUCT_NAME,COST,SAIL_PRICE,PROFIT_MARGIN,EXPIRATION_PERIOD,CREATER,CREATE_DATE,MODIFIER,MODIFY_DATE,DELIVERY_DATE,USE_YN,INVENTORY,EVENT) values (1013,5,'바삭한 붕어 꼬리빵 슈크림','950','1700','78.95%',to_date('25/08/15','RR/MM/DD'),1010,to_date('24/11/14','RR/MM/DD'),1010,to_date('24/12/02','RR/MM/DD'),'월화수목금','Y',0,'1+1');
Insert into TBL_PRODUCT (PRODUCT_NO,CLASSIFICATION_NO,PRODUCT_NAME,COST,SAIL_PRICE,PROFIT_MARGIN,EXPIRATION_PERIOD,CREATER,CREATE_DATE,MODIFIER,MODIFY_DATE,DELIVERY_DATE,USE_YN,INVENTORY,EVENT) values (1014,1,'콤피네이션 피자','4000','6000','50%',to_date('25/09/10','RR/MM/DD'),1010,to_date('24/11/14','RR/MM/DD'),1010,to_date('24/12/02','RR/MM/DD'),'월화수목금','Y',0,'1+1');
Insert into TBL_PRODUCT (PRODUCT_NO,CLASSIFICATION_NO,PRODUCT_NAME,COST,SAIL_PRICE,PROFIT_MARGIN,EXPIRATION_PERIOD,CREATER,CREATE_DATE,MODIFIER,MODIFY_DATE,DELIVERY_DATE,USE_YN,INVENTORY,EVENT) values (1015,1,'볼로네이즈 스파게티','2500','4000','60%',to_date('25/05/25','RR/MM/DD'),1010,to_date('24/11/14','RR/MM/DD'),1010,to_date('24/12/02','RR/MM/DD'),'월화수목금','Y',0,'1+1');
Insert into TBL_PRODUCT (PRODUCT_NO,CLASSIFICATION_NO,PRODUCT_NAME,COST,SAIL_PRICE,PROFIT_MARGIN,EXPIRATION_PERIOD,CREATER,CREATE_DATE,MODIFIER,MODIFY_DATE,DELIVERY_DATE,USE_YN,INVENTORY,EVENT) values (1016,3,'참이슬 Fresh 360ml','1200','2000','66.67%',to_date('25/08/30','RR/MM/DD'),1010,to_date('24/11/14','RR/MM/DD'),1010,to_date('24/11/14','RR/MM/DD'),'월화수목금','Y',100,null);
Insert into TBL_PRODUCT (PRODUCT_NO,CLASSIFICATION_NO,PRODUCT_NAME,COST,SAIL_PRICE,PROFIT_MARGIN,EXPIRATION_PERIOD,CREATER,CREATE_DATE,MODIFIER,MODIFY_DATE,DELIVERY_DATE,USE_YN,INVENTORY,EVENT) values (1017,3,'하이트 진로 500ml','1000','1500','50%',to_date('25/07/15','RR/MM/DD'),1010,to_date('24/11/14','RR/MM/DD'),1010,to_date('24/11/14','RR/MM/DD'),'월화수목금','Y',100,null);
Insert into TBL_PRODUCT (PRODUCT_NO,CLASSIFICATION_NO,PRODUCT_NAME,COST,SAIL_PRICE,PROFIT_MARGIN,EXPIRATION_PERIOD,CREATER,CREATE_DATE,MODIFIER,MODIFY_DATE,DELIVERY_DATE,USE_YN,INVENTORY,EVENT) values (1018,3,'맥스 500ml','1200','1800','50%',to_date('25/09/10','RR/MM/DD'),1010,to_date('24/11/14','RR/MM/DD'),1010,to_date('24/11/14','RR/MM/DD'),'월화수목금','Y',100,null);
Insert into TBL_PRODUCT (PRODUCT_NO,CLASSIFICATION_NO,PRODUCT_NAME,COST,SAIL_PRICE,PROFIT_MARGIN,EXPIRATION_PERIOD,CREATER,CREATE_DATE,MODIFIER,MODIFY_DATE,DELIVERY_DATE,USE_YN,INVENTORY,EVENT) values (1019,3,'롱섬 와인 750ml','3000','5000','66.67%',to_date('25/12/31','RR/MM/DD'),1010,to_date('24/11/14','RR/MM/DD'),1010,to_date('24/11/14','RR/MM/DD'),'월화수목금','Y',100,null);
Insert into TBL_PRODUCT (PRODUCT_NO,CLASSIFICATION_NO,PRODUCT_NAME,COST,SAIL_PRICE,PROFIT_MARGIN,EXPIRATION_PERIOD,CREATER,CREATE_DATE,MODIFIER,MODIFY_DATE,DELIVERY_DATE,USE_YN,INVENTORY,EVENT) values (1020,3,'발렌타인 12년 700ml','20000','30000','50.00%',to_date('26/01/08','RR/MM/DD'),1010,to_date('24/11/14','RR/MM/DD'),1010,to_date('24/12/10','RR/MM/DD'),'월화수목금','Y',0,null);
Insert into TBL_PRODUCT (PRODUCT_NO,CLASSIFICATION_NO,PRODUCT_NAME,COST,SAIL_PRICE,PROFIT_MARGIN,EXPIRATION_PERIOD,CREATER,CREATE_DATE,MODIFIER,MODIFY_DATE,DELIVERY_DATE,USE_YN,INVENTORY,EVENT) values (1021,null,'야마자키 12년산  700ml ','300000','500000','66.67%',to_date('99/12/31','RR/MM/DD'),1010,to_date('24/11/18','RR/MM/DD'),1010,to_date('24/12/10','RR/MM/DD'),'월','Y',0,null);
Insert into TBL_PRODUCT (PRODUCT_NO,CLASSIFICATION_NO,PRODUCT_NAME,COST,SAIL_PRICE,PROFIT_MARGIN,EXPIRATION_PERIOD,CREATER,CREATE_DATE,MODIFIER,MODIFY_DATE,DELIVERY_DATE,USE_YN,INVENTORY,EVENT) values (1033,null,null,null,null,null,null,1010,to_date('24/12/10','RR/MM/DD'),1010,to_date('24/12/10','RR/MM/DD'),null,null,0,null);
REM INSERTING into TBL_RECEPTION_NOTE
SET DEFINE OFF;
Insert into TBL_RECEPTION_NOTE (RECEPTION_NO,SEND_NO,SENT_ID,RECEP_ID,TITLE,REC_CHECK,REC_DATE,STATUS,DELETE_DATE,SENT_DATE) values (87,90,null,null,'내부 점검 일정 조율','N',null,'Y',null,to_date('24/12/02','RR/MM/DD'));
Insert into TBL_RECEPTION_NOTE (RECEPTION_NO,SEND_NO,SENT_ID,RECEP_ID,TITLE,REC_CHECK,REC_DATE,STATUS,DELETE_DATE,SENT_DATE) values (88,91,1001,1010,'내부 점검 일정 조율','Y',to_date('24/12/10','RR/MM/DD'),'N',to_date('24/12/10','RR/MM/DD'),to_date('24/12/02','RR/MM/DD'));
Insert into TBL_RECEPTION_NOTE (RECEPTION_NO,SEND_NO,SENT_ID,RECEP_ID,TITLE,REC_CHECK,REC_DATE,STATUS,DELETE_DATE,SENT_DATE) values (89,92,1001,1010,'월간 마케팅 프로모션 안내','N',null,'N',to_date('24/12/10','RR/MM/DD'),to_date('24/12/02','RR/MM/DD'));
Insert into TBL_RECEPTION_NOTE (RECEPTION_NO,SEND_NO,SENT_ID,RECEP_ID,TITLE,REC_CHECK,REC_DATE,STATUS,DELETE_DATE,SENT_DATE) values (90,93,1001,1010,'신입 직원 교육 관련 안내','Y',to_date('24/12/10','RR/MM/DD'),'Y',null,to_date('24/12/02','RR/MM/DD'));
Insert into TBL_RECEPTION_NOTE (RECEPTION_NO,SEND_NO,SENT_ID,RECEP_ID,TITLE,REC_CHECK,REC_DATE,STATUS,DELETE_DATE,SENT_DATE) values (91,94,1010,1001,'내부 점검 일정 조율','Y',to_date('24/12/03','RR/MM/DD'),'Y',null,to_date('24/12/02','RR/MM/DD'));
Insert into TBL_RECEPTION_NOTE (RECEPTION_NO,SEND_NO,SENT_ID,RECEP_ID,TITLE,REC_CHECK,REC_DATE,STATUS,DELETE_DATE,SENT_DATE) values (92,95,1010,null,'월간 마케팅 프로모션 안내','N',null,'Y',null,to_date('24/12/02','RR/MM/DD'));
Insert into TBL_RECEPTION_NOTE (RECEPTION_NO,SEND_NO,SENT_ID,RECEP_ID,TITLE,REC_CHECK,REC_DATE,STATUS,DELETE_DATE,SENT_DATE) values (93,96,1010,1010,'신입 직원 교육 관련 안내','Y',to_date('24/12/02','RR/MM/DD'),'Y',null,to_date('24/12/02','RR/MM/DD'));
Insert into TBL_RECEPTION_NOTE (RECEPTION_NO,SEND_NO,SENT_ID,RECEP_ID,TITLE,REC_CHECK,REC_DATE,STATUS,DELETE_DATE,SENT_DATE) values (94,97,1010,1001,'월간 마케팅 프로모션 안내','Y',to_date('24/12/10','RR/MM/DD'),'Y',null,to_date('24/12/02','RR/MM/DD'));
Insert into TBL_RECEPTION_NOTE (RECEPTION_NO,SEND_NO,SENT_ID,RECEP_ID,TITLE,REC_CHECK,REC_DATE,STATUS,DELETE_DATE,SENT_DATE) values (96,99,1001,1010,'재고 조사 요청','N',null,'Y',null,to_date('24/12/02','RR/MM/DD'));
Insert into TBL_RECEPTION_NOTE (RECEPTION_NO,SEND_NO,SENT_ID,RECEP_ID,TITLE,REC_CHECK,REC_DATE,STATUS,DELETE_DATE,SENT_DATE) values (97,100,1001,1010,'겨울철 난방 점검 안내','N',null,'Y',null,to_date('24/12/02','RR/MM/DD'));
Insert into TBL_RECEPTION_NOTE (RECEPTION_NO,SEND_NO,SENT_ID,RECEP_ID,TITLE,REC_CHECK,REC_DATE,STATUS,DELETE_DATE,SENT_DATE) values (85,88,1001,1010,'이번 월말 실적 보고 요청','N',null,'Y',null,to_date('24/12/02','RR/MM/DD'));
Insert into TBL_RECEPTION_NOTE (RECEPTION_NO,SEND_NO,SENT_ID,RECEP_ID,TITLE,REC_CHECK,REC_DATE,STATUS,DELETE_DATE,SENT_DATE) values (86,89,1001,1010,'고객 불만 접수 관련','N',null,'Y',null,to_date('24/12/02','RR/MM/DD'));
Insert into TBL_RECEPTION_NOTE (RECEPTION_NO,SEND_NO,SENT_ID,RECEP_ID,TITLE,REC_CHECK,REC_DATE,STATUS,DELETE_DATE,SENT_DATE) values (98,101,1001,1010,'연말 고객 이벤트 준비','N',null,'Y',null,to_date('24/12/02','RR/MM/DD'));
Insert into TBL_RECEPTION_NOTE (RECEPTION_NO,SEND_NO,SENT_ID,RECEP_ID,TITLE,REC_CHECK,REC_DATE,STATUS,DELETE_DATE,SENT_DATE) values (101,104,1010,1001,'안녕하세요','Y',to_date('24/12/03','RR/MM/DD'),'Y',null,to_date('24/12/03','RR/MM/DD'));
Insert into TBL_RECEPTION_NOTE (RECEPTION_NO,SEND_NO,SENT_ID,RECEP_ID,TITLE,REC_CHECK,REC_DATE,STATUS,DELETE_DATE,SENT_DATE) values (100,103,1001,1010,'안녕하세요 지점장님 ','Y',to_date('24/12/03','RR/MM/DD'),'N',to_date('24/12/10','RR/MM/DD'),to_date('24/12/03','RR/MM/DD'));
Insert into TBL_RECEPTION_NOTE (RECEPTION_NO,SEND_NO,SENT_ID,RECEP_ID,TITLE,REC_CHECK,REC_DATE,STATUS,DELETE_DATE,SENT_DATE) values (102,107,1001,null,null,'N',null,'Y',null,to_date('24/12/10','RR/MM/DD'));
Insert into TBL_RECEPTION_NOTE (RECEPTION_NO,SEND_NO,SENT_ID,RECEP_ID,TITLE,REC_CHECK,REC_DATE,STATUS,DELETE_DATE,SENT_DATE) values (103,105,1001,1001,null,'Y',to_date('24/12/10','RR/MM/DD'),'Y',to_date('24/12/10','RR/MM/DD'),to_date('24/12/10','RR/MM/DD'));
Insert into TBL_RECEPTION_NOTE (RECEPTION_NO,SEND_NO,SENT_ID,RECEP_ID,TITLE,REC_CHECK,REC_DATE,STATUS,DELETE_DATE,SENT_DATE) values (104,106,1001,null,null,'N',null,'Y',null,to_date('24/12/10','RR/MM/DD'));
Insert into TBL_RECEPTION_NOTE (RECEPTION_NO,SEND_NO,SENT_ID,RECEP_ID,TITLE,REC_CHECK,REC_DATE,STATUS,DELETE_DATE,SENT_DATE) values (105,108,1001,1010,'안녕하세요','Y',to_date('24/12/10','RR/MM/DD'),'Y',null,to_date('24/12/10','RR/MM/DD'));
Insert into TBL_RECEPTION_NOTE (RECEPTION_NO,SEND_NO,SENT_ID,RECEP_ID,TITLE,REC_CHECK,REC_DATE,STATUS,DELETE_DATE,SENT_DATE) values (106,109,1001,1001,'ㄴㅁㅇㅁㅇ','N',null,'Y',null,to_date('24/12/10','RR/MM/DD'));
REM INSERTING into TBL_REPLY
SET DEFINE OFF;
Insert into TBL_REPLY (REPLY_NO,REPLY_CONTENT,REF_BNO,UPR_REPLY_NO,STATUS,EMP_NO,CREATE_DATE,MODIFIER,MODIFY_DATE,USE_YN) values (1022,',ㅇㅇㅇㅇ',1165,null,'A',1003,to_date('24/11/29','RR/MM/DD'),null,to_date('24/11/29','RR/MM/DD'),'Y');
Insert into TBL_REPLY (REPLY_NO,REPLY_CONTENT,REF_BNO,UPR_REPLY_NO,STATUS,EMP_NO,CREATE_DATE,MODIFIER,MODIFY_DATE,USE_YN) values (1026,',sds',1165,null,'A',null,to_date('24/11/29','RR/MM/DD'),null,to_date('24/11/29','RR/MM/DD'),'Y');
Insert into TBL_REPLY (REPLY_NO,REPLY_CONTENT,REF_BNO,UPR_REPLY_NO,STATUS,EMP_NO,CREATE_DATE,MODIFIER,MODIFY_DATE,USE_YN) values (1024,',안녕하세요
',1165,null,'A',null,to_date('24/11/29','RR/MM/DD'),null,to_date('24/11/29','RR/MM/DD'),'Y');
Insert into TBL_REPLY (REPLY_NO,REPLY_CONTENT,REF_BNO,UPR_REPLY_NO,STATUS,EMP_NO,CREATE_DATE,MODIFIER,MODIFY_DATE,USE_YN) values (1027,',dd',1165,null,'A',1003,to_date('24/11/29','RR/MM/DD'),null,to_date('24/11/29','RR/MM/DD'),'Y');
Insert into TBL_REPLY (REPLY_NO,REPLY_CONTENT,REF_BNO,UPR_REPLY_NO,STATUS,EMP_NO,CREATE_DATE,MODIFIER,MODIFY_DATE,USE_YN) values (1028,',ddd',1165,null,'A',null,to_date('24/11/29','RR/MM/DD'),null,to_date('24/11/29','RR/MM/DD'),'Y');
Insert into TBL_REPLY (REPLY_NO,REPLY_CONTENT,REF_BNO,UPR_REPLY_NO,STATUS,EMP_NO,CREATE_DATE,MODIFIER,MODIFY_DATE,USE_YN) values (1029,',dkssud',1165,null,'A',null,to_date('24/11/29','RR/MM/DD'),null,to_date('24/11/29','RR/MM/DD'),'Y');
Insert into TBL_REPLY (REPLY_NO,REPLY_CONTENT,REF_BNO,UPR_REPLY_NO,STATUS,EMP_NO,CREATE_DATE,MODIFIER,MODIFY_DATE,USE_YN) values (1030,',sss',1165,null,'A',null,to_date('24/11/29','RR/MM/DD'),null,to_date('24/11/29','RR/MM/DD'),'Y');
Insert into TBL_REPLY (REPLY_NO,REPLY_CONTENT,REF_BNO,UPR_REPLY_NO,STATUS,EMP_NO,CREATE_DATE,MODIFIER,MODIFY_DATE,USE_YN) values (1032,',ssssssss',1165,null,'A',null,to_date('24/11/29','RR/MM/DD'),null,to_date('24/11/29','RR/MM/DD'),'Y');
Insert into TBL_REPLY (REPLY_NO,REPLY_CONTENT,REF_BNO,UPR_REPLY_NO,STATUS,EMP_NO,CREATE_DATE,MODIFIER,MODIFY_DATE,USE_YN) values (1033,',ddd',1165,null,'A',null,to_date('24/11/29','RR/MM/DD'),null,to_date('24/11/29','RR/MM/DD'),'Y');
Insert into TBL_REPLY (REPLY_NO,REPLY_CONTENT,REF_BNO,UPR_REPLY_NO,STATUS,EMP_NO,CREATE_DATE,MODIFIER,MODIFY_DATE,USE_YN) values (1001,'좋은 글 감사합니다',1165,null,'A',1003,to_date('24/05/10','RR/MM/DD'),null,to_date('24/11/28','RR/MM/DD'),'N');
Insert into TBL_REPLY (REPLY_NO,REPLY_CONTENT,REF_BNO,UPR_REPLY_NO,STATUS,EMP_NO,CREATE_DATE,MODIFIER,MODIFY_DATE,USE_YN) values (1002,'의견 감사합니다',1165,null,'A',1003,to_date('24/05/11','RR/MM/DD'),null,to_date('24/11/28','RR/MM/DD'),'N');
Insert into TBL_REPLY (REPLY_NO,REPLY_CONTENT,REF_BNO,UPR_REPLY_NO,STATUS,EMP_NO,CREATE_DATE,MODIFIER,MODIFY_DATE,USE_YN) values (1003,'잘 읽었습니다',1165,null,'A',1003,to_date('24/05/12','RR/MM/DD'),null,to_date('24/11/28','RR/MM/DD'),'Y');
Insert into TBL_REPLY (REPLY_NO,REPLY_CONTENT,REF_BNO,UPR_REPLY_NO,STATUS,EMP_NO,CREATE_DATE,MODIFIER,MODIFY_DATE,USE_YN) values (1004,'참 유익한 정보',1165,null,'A',1003,to_date('24/05/13','RR/MM/DD'),null,to_date('24/11/28','RR/MM/DD'),'Y');
Insert into TBL_REPLY (REPLY_NO,REPLY_CONTENT,REF_BNO,UPR_REPLY_NO,STATUS,EMP_NO,CREATE_DATE,MODIFIER,MODIFY_DATE,USE_YN) values (1005,'많은 도움이 되었습니다',1165,null,'A',1004,to_date('24/05/14','RR/MM/DD'),null,to_date('24/11/28','RR/MM/DD'),'Y');
Insert into TBL_REPLY (REPLY_NO,REPLY_CONTENT,REF_BNO,UPR_REPLY_NO,STATUS,EMP_NO,CREATE_DATE,MODIFIER,MODIFY_DATE,USE_YN) values (1046,'ㄴㄴㄴ',null,null,'A',1003,to_date('24/11/29','RR/MM/DD'),null,to_date('24/11/29','RR/MM/DD'),'Y');
Insert into TBL_REPLY (REPLY_NO,REPLY_CONTENT,REF_BNO,UPR_REPLY_NO,STATUS,EMP_NO,CREATE_DATE,MODIFIER,MODIFY_DATE,USE_YN) values (1034,'네 바뀝니다',1157,null,'A',1003,to_date('24/11/29','RR/MM/DD'),null,to_date('24/11/29','RR/MM/DD'),'Y');
Insert into TBL_REPLY (REPLY_NO,REPLY_CONTENT,REF_BNO,UPR_REPLY_NO,STATUS,EMP_NO,CREATE_DATE,MODIFIER,MODIFY_DATE,USE_YN) values (1035,',반갑습니다',1157,null,'A',1003,to_date('24/11/29','RR/MM/DD'),null,to_date('24/11/29','RR/MM/DD'),'Y');
Insert into TBL_REPLY (REPLY_NO,REPLY_CONTENT,REF_BNO,UPR_REPLY_NO,STATUS,EMP_NO,CREATE_DATE,MODIFIER,MODIFY_DATE,USE_YN) values (1036,'ㅇㅇ',null,null,'A',1003,to_date('24/11/29','RR/MM/DD'),null,to_date('24/11/29','RR/MM/DD'),'Y');
Insert into TBL_REPLY (REPLY_NO,REPLY_CONTENT,REF_BNO,UPR_REPLY_NO,STATUS,EMP_NO,CREATE_DATE,MODIFIER,MODIFY_DATE,USE_YN) values (1037,',ddd',1165,null,'A',1003,to_date('24/11/29','RR/MM/DD'),null,to_date('24/11/29','RR/MM/DD'),'Y');
Insert into TBL_REPLY (REPLY_NO,REPLY_CONTENT,REF_BNO,UPR_REPLY_NO,STATUS,EMP_NO,CREATE_DATE,MODIFIER,MODIFY_DATE,USE_YN) values (1038,',저도 감사합니다',1157,null,'A',1003,to_date('24/11/29','RR/MM/DD'),null,to_date('24/11/29','RR/MM/DD'),'Y');
Insert into TBL_REPLY (REPLY_NO,REPLY_CONTENT,REF_BNO,UPR_REPLY_NO,STATUS,EMP_NO,CREATE_DATE,MODIFIER,MODIFY_DATE,USE_YN) values (1039,'ㅇㅇㅇ',null,null,'A',1003,to_date('24/11/29','RR/MM/DD'),null,to_date('24/11/29','RR/MM/DD'),'Y');
Insert into TBL_REPLY (REPLY_NO,REPLY_CONTENT,REF_BNO,UPR_REPLY_NO,STATUS,EMP_NO,CREATE_DATE,MODIFIER,MODIFY_DATE,USE_YN) values (1047,',ㅇㅇ',1155,1041,'A',1003,to_date('24/11/29','RR/MM/DD'),null,to_date('24/11/29','RR/MM/DD'),'Y');
Insert into TBL_REPLY (REPLY_NO,REPLY_CONTENT,REF_BNO,UPR_REPLY_NO,STATUS,EMP_NO,CREATE_DATE,MODIFIER,MODIFY_DATE,USE_YN) values (1041,',ㅇㅇ',1155,null,'A',1003,to_date('24/11/29','RR/MM/DD'),null,to_date('24/11/29','RR/MM/DD'),'Y');
Insert into TBL_REPLY (REPLY_NO,REPLY_CONTENT,REF_BNO,UPR_REPLY_NO,STATUS,EMP_NO,CREATE_DATE,MODIFIER,MODIFY_DATE,USE_YN) values (1042,'ㄴㄴ',null,null,'A',1003,to_date('24/11/29','RR/MM/DD'),null,to_date('24/11/29','RR/MM/DD'),'Y');
Insert into TBL_REPLY (REPLY_NO,REPLY_CONTENT,REF_BNO,UPR_REPLY_NO,STATUS,EMP_NO,CREATE_DATE,MODIFIER,MODIFY_DATE,USE_YN) values (1048,',안녕하세요',1155,null,'A',1003,to_date('24/11/29','RR/MM/DD'),null,to_date('24/11/29','RR/MM/DD'),'Y');
Insert into TBL_REPLY (REPLY_NO,REPLY_CONTENT,REF_BNO,UPR_REPLY_NO,STATUS,EMP_NO,CREATE_DATE,MODIFIER,MODIFY_DATE,USE_YN) values (1044,'ㅇㅇ',null,null,'A',1003,to_date('24/11/29','RR/MM/DD'),null,to_date('24/11/29','RR/MM/DD'),'Y');
Insert into TBL_REPLY (REPLY_NO,REPLY_CONTENT,REF_BNO,UPR_REPLY_NO,STATUS,EMP_NO,CREATE_DATE,MODIFIER,MODIFY_DATE,USE_YN) values (1045,',ㅇㅇ',1155,null,'A',1003,to_date('24/11/29','RR/MM/DD'),null,to_date('24/11/29','RR/MM/DD'),'Y');
Insert into TBL_REPLY (REPLY_NO,REPLY_CONTENT,REF_BNO,UPR_REPLY_NO,STATUS,EMP_NO,CREATE_DATE,MODIFIER,MODIFY_DATE,USE_YN) values (1049,'ㅇㅉ
',null,null,'A',1003,to_date('24/11/29','RR/MM/DD'),null,to_date('24/11/29','RR/MM/DD'),'Y');
Insert into TBL_REPLY (REPLY_NO,REPLY_CONTENT,REF_BNO,UPR_REPLY_NO,STATUS,EMP_NO,CREATE_DATE,MODIFIER,MODIFY_DATE,USE_YN) values (1050,',ㅇㅇ',1155,1045,'A',1003,to_date('24/11/29','RR/MM/DD'),null,to_date('24/11/29','RR/MM/DD'),'Y');
Insert into TBL_REPLY (REPLY_NO,REPLY_CONTENT,REF_BNO,UPR_REPLY_NO,STATUS,EMP_NO,CREATE_DATE,MODIFIER,MODIFY_DATE,USE_YN) values (1051,',dd',1161,null,'A',1003,to_date('24/11/29','RR/MM/DD'),null,to_date('24/11/29','RR/MM/DD'),'N');
Insert into TBL_REPLY (REPLY_NO,REPLY_CONTENT,REF_BNO,UPR_REPLY_NO,STATUS,EMP_NO,CREATE_DATE,MODIFIER,MODIFY_DATE,USE_YN) values (1052,'ss',null,null,'A',1003,to_date('24/11/29','RR/MM/DD'),null,to_date('24/11/29','RR/MM/DD'),'Y');
Insert into TBL_REPLY (REPLY_NO,REPLY_CONTENT,REF_BNO,UPR_REPLY_NO,STATUS,EMP_NO,CREATE_DATE,MODIFIER,MODIFY_DATE,USE_YN) values (1053,'안녕하세요',1161,null,'A',1003,to_date('24/11/29','RR/MM/DD'),null,to_date('24/11/29','RR/MM/DD'),'Y');
Insert into TBL_REPLY (REPLY_NO,REPLY_CONTENT,REF_BNO,UPR_REPLY_NO,STATUS,EMP_NO,CREATE_DATE,MODIFIER,MODIFY_DATE,USE_YN) values (1009,'확인 감사합니다',null,null,'A',1008,to_date('24/05/18','RR/MM/DD'),null,to_date('24/11/28','RR/MM/DD'),'Y');
Insert into TBL_REPLY (REPLY_NO,REPLY_CONTENT,REF_BNO,UPR_REPLY_NO,STATUS,EMP_NO,CREATE_DATE,MODIFIER,MODIFY_DATE,USE_YN) values (1010,'너무 유익했습니다',null,null,'A',1009,to_date('24/05/19','RR/MM/DD'),null,to_date('24/11/28','RR/MM/DD'),'Y');
Insert into TBL_REPLY (REPLY_NO,REPLY_CONTENT,REF_BNO,UPR_REPLY_NO,STATUS,EMP_NO,CREATE_DATE,MODIFIER,MODIFY_DATE,USE_YN) values (1011,'정말 좋네요',null,null,'A',1004,to_date('24/05/20','RR/MM/DD'),null,to_date('24/11/28','RR/MM/DD'),'Y');
Insert into TBL_REPLY (REPLY_NO,REPLY_CONTENT,REF_BNO,UPR_REPLY_NO,STATUS,EMP_NO,CREATE_DATE,MODIFIER,MODIFY_DATE,USE_YN) values (1012,'잘 읽었습니다',null,null,'A',1005,to_date('24/05/21','RR/MM/DD'),null,to_date('24/11/28','RR/MM/DD'),'Y');
Insert into TBL_REPLY (REPLY_NO,REPLY_CONTENT,REF_BNO,UPR_REPLY_NO,STATUS,EMP_NO,CREATE_DATE,MODIFIER,MODIFY_DATE,USE_YN) values (1013,'정말 감사드립니다',null,null,'A',1006,to_date('24/05/22','RR/MM/DD'),null,to_date('24/11/28','RR/MM/DD'),'Y');
Insert into TBL_REPLY (REPLY_NO,REPLY_CONTENT,REF_BNO,UPR_REPLY_NO,STATUS,EMP_NO,CREATE_DATE,MODIFIER,MODIFY_DATE,USE_YN) values (1014,'좋은 정보 공유 감사합니다',null,null,'B',1007,to_date('24/05/23','RR/MM/DD'),null,to_date('24/11/28','RR/MM/DD'),'Y');
Insert into TBL_REPLY (REPLY_NO,REPLY_CONTENT,REF_BNO,UPR_REPLY_NO,STATUS,EMP_NO,CREATE_DATE,MODIFIER,MODIFY_DATE,USE_YN) values (1054,'dd',null,null,'A',1003,to_date('24/11/29','RR/MM/DD'),null,to_date('24/11/29','RR/MM/DD'),'Y');
Insert into TBL_REPLY (REPLY_NO,REPLY_CONTENT,REF_BNO,UPR_REPLY_NO,STATUS,EMP_NO,CREATE_DATE,MODIFIER,MODIFY_DATE,USE_YN) values (1056,'ddd',null,null,'A',1003,to_date('24/11/29','RR/MM/DD'),null,to_date('24/11/29','RR/MM/DD'),'Y');
Insert into TBL_REPLY (REPLY_NO,REPLY_CONTENT,REF_BNO,UPR_REPLY_NO,STATUS,EMP_NO,CREATE_DATE,MODIFIER,MODIFY_DATE,USE_YN) values (1057,',ㅇㅇ',1155,1045,'A',1003,to_date('24/11/29','RR/MM/DD'),null,to_date('24/11/29','RR/MM/DD'),'Y');
Insert into TBL_REPLY (REPLY_NO,REPLY_CONTENT,REF_BNO,UPR_REPLY_NO,STATUS,EMP_NO,CREATE_DATE,MODIFIER,MODIFY_DATE,USE_YN) values (1058,',ss',1155,null,'A',1003,to_date('24/11/29','RR/MM/DD'),null,to_date('24/11/29','RR/MM/DD'),'Y');
Insert into TBL_REPLY (REPLY_NO,REPLY_CONTENT,REF_BNO,UPR_REPLY_NO,STATUS,EMP_NO,CREATE_DATE,MODIFIER,MODIFY_DATE,USE_YN) values (1059,'ddd',null,null,'A',1003,to_date('24/11/29','RR/MM/DD'),null,to_date('24/11/29','RR/MM/DD'),'Y');
Insert into TBL_REPLY (REPLY_NO,REPLY_CONTENT,REF_BNO,UPR_REPLY_NO,STATUS,EMP_NO,CREATE_DATE,MODIFIER,MODIFY_DATE,USE_YN) values (1060,',ㅇㅇ',1155,1045,'A',1003,to_date('24/11/29','RR/MM/DD'),null,to_date('24/11/29','RR/MM/DD'),'Y');
Insert into TBL_REPLY (REPLY_NO,REPLY_CONTENT,REF_BNO,UPR_REPLY_NO,STATUS,EMP_NO,CREATE_DATE,MODIFIER,MODIFY_DATE,USE_YN) values (1061,'s',null,null,'A',1003,to_date('24/11/29','RR/MM/DD'),null,to_date('24/11/29','RR/MM/DD'),'Y');
Insert into TBL_REPLY (REPLY_NO,REPLY_CONTENT,REF_BNO,UPR_REPLY_NO,STATUS,EMP_NO,CREATE_DATE,MODIFIER,MODIFY_DATE,USE_YN) values (1062,',안녕하세요',1155,1048,'A',1003,to_date('24/11/29','RR/MM/DD'),null,to_date('24/11/29','RR/MM/DD'),'Y');
Insert into TBL_REPLY (REPLY_NO,REPLY_CONTENT,REF_BNO,UPR_REPLY_NO,STATUS,EMP_NO,CREATE_DATE,MODIFIER,MODIFY_DATE,USE_YN) values (1063,'ㄴ',null,null,'A',1003,to_date('24/11/29','RR/MM/DD'),null,to_date('24/11/29','RR/MM/DD'),'Y');
Insert into TBL_REPLY (REPLY_NO,REPLY_CONTENT,REF_BNO,UPR_REPLY_NO,STATUS,EMP_NO,CREATE_DATE,MODIFIER,MODIFY_DATE,USE_YN) values (1064,',안녕하세요',1155,1048,'A',1003,to_date('24/11/29','RR/MM/DD'),null,to_date('24/11/29','RR/MM/DD'),'Y');
Insert into TBL_REPLY (REPLY_NO,REPLY_CONTENT,REF_BNO,UPR_REPLY_NO,STATUS,EMP_NO,CREATE_DATE,MODIFIER,MODIFY_DATE,USE_YN) values (1065,'ㅇㅇ',null,null,'A',1003,to_date('24/11/29','RR/MM/DD'),null,to_date('24/11/29','RR/MM/DD'),'Y');
Insert into TBL_REPLY (REPLY_NO,REPLY_CONTENT,REF_BNO,UPR_REPLY_NO,STATUS,EMP_NO,CREATE_DATE,MODIFIER,MODIFY_DATE,USE_YN) values (1066,',ㅇㅇ',1155,1045,'A',1003,to_date('24/11/29','RR/MM/DD'),null,to_date('24/11/29','RR/MM/DD'),'Y');
Insert into TBL_REPLY (REPLY_NO,REPLY_CONTENT,REF_BNO,UPR_REPLY_NO,STATUS,EMP_NO,CREATE_DATE,MODIFIER,MODIFY_DATE,USE_YN) values (1067,null,1155,1045,'A',1003,to_date('24/11/29','RR/MM/DD'),null,to_date('24/11/29','RR/MM/DD'),'Y');
Insert into TBL_REPLY (REPLY_NO,REPLY_CONTENT,REF_BNO,UPR_REPLY_NO,STATUS,EMP_NO,CREATE_DATE,MODIFIER,MODIFY_DATE,USE_YN) values (1068,null,1155,1048,'A',1003,to_date('24/11/29','RR/MM/DD'),null,to_date('24/11/29','RR/MM/DD'),'Y');
Insert into TBL_REPLY (REPLY_NO,REPLY_CONTENT,REF_BNO,UPR_REPLY_NO,STATUS,EMP_NO,CREATE_DATE,MODIFIER,MODIFY_DATE,USE_YN) values (1069,',안녕하세요',1155,1048,'A',1003,to_date('24/11/29','RR/MM/DD'),null,to_date('24/11/29','RR/MM/DD'),'Y');
Insert into TBL_REPLY (REPLY_NO,REPLY_CONTENT,REF_BNO,UPR_REPLY_NO,STATUS,EMP_NO,CREATE_DATE,MODIFIER,MODIFY_DATE,USE_YN) values (1070,'ㅇㅇ',1155,1058,'A',1003,to_date('24/11/29','RR/MM/DD'),null,to_date('24/11/29','RR/MM/DD'),'Y');
Insert into TBL_REPLY (REPLY_NO,REPLY_CONTENT,REF_BNO,UPR_REPLY_NO,STATUS,EMP_NO,CREATE_DATE,MODIFIER,MODIFY_DATE,USE_YN) values (1071,',ss',1155,1058,'A',1003,to_date('24/11/29','RR/MM/DD'),null,to_date('24/11/29','RR/MM/DD'),'Y');
Insert into TBL_REPLY (REPLY_NO,REPLY_CONTENT,REF_BNO,UPR_REPLY_NO,STATUS,EMP_NO,CREATE_DATE,MODIFIER,MODIFY_DATE,USE_YN) values (1072,',ㄴㄴㄴ',1155,null,'A',1003,to_date('24/11/29','RR/MM/DD'),null,to_date('24/11/29','RR/MM/DD'),'Y');
Insert into TBL_REPLY (REPLY_NO,REPLY_CONTENT,REF_BNO,UPR_REPLY_NO,STATUS,EMP_NO,CREATE_DATE,MODIFIER,MODIFY_DATE,USE_YN) values (1073,',하하
',1156,null,'A',null,to_date('24/11/29','RR/MM/DD'),null,to_date('24/11/29','RR/MM/DD'),'Y');
Insert into TBL_REPLY (REPLY_NO,REPLY_CONTENT,REF_BNO,UPR_REPLY_NO,STATUS,EMP_NO,CREATE_DATE,MODIFIER,MODIFY_DATE,USE_YN) values (1074,',시러요
',1160,null,'A',1003,to_date('24/11/29','RR/MM/DD'),null,to_date('24/11/29','RR/MM/DD'),'Y');
Insert into TBL_REPLY (REPLY_NO,REPLY_CONTENT,REF_BNO,UPR_REPLY_NO,STATUS,EMP_NO,CREATE_DATE,MODIFIER,MODIFY_DATE,USE_YN) values (1075,'저두 ㅋ',1160,1074,'A',1003,to_date('24/11/29','RR/MM/DD'),null,to_date('24/11/29','RR/MM/DD'),'Y');
Insert into TBL_REPLY (REPLY_NO,REPLY_CONTENT,REF_BNO,UPR_REPLY_NO,STATUS,EMP_NO,CREATE_DATE,MODIFIER,MODIFY_DATE,USE_YN) values (1076,'응 아니야',1160,1074,'A',1003,to_date('24/11/29','RR/MM/DD'),null,to_date('24/11/29','RR/MM/DD'),'Y');
Insert into TBL_REPLY (REPLY_NO,REPLY_CONTENT,REF_BNO,UPR_REPLY_NO,STATUS,EMP_NO,CREATE_DATE,MODIFIER,MODIFY_DATE,USE_YN) values (1077,',ㅇㅇㅇ',1160,null,'A',1003,to_date('24/11/29','RR/MM/DD'),null,to_date('24/11/29','RR/MM/DD'),'Y');
Insert into TBL_REPLY (REPLY_NO,REPLY_CONTENT,REF_BNO,UPR_REPLY_NO,STATUS,EMP_NO,CREATE_DATE,MODIFIER,MODIFY_DATE,USE_YN) values (1078,',ㄴㄴ',1160,null,'A',1003,to_date('24/11/29','RR/MM/DD'),null,to_date('24/11/29','RR/MM/DD'),'Y');
Insert into TBL_REPLY (REPLY_NO,REPLY_CONTENT,REF_BNO,UPR_REPLY_NO,STATUS,EMP_NO,CREATE_DATE,MODIFIER,MODIFY_DATE,USE_YN) values (1079,',ㅇㄹㄴ',1160,null,'A',1003,to_date('24/11/29','RR/MM/DD'),null,to_date('24/11/29','RR/MM/DD'),'Y');
Insert into TBL_REPLY (REPLY_NO,REPLY_CONTENT,REF_BNO,UPR_REPLY_NO,STATUS,EMP_NO,CREATE_DATE,MODIFIER,MODIFY_DATE,USE_YN) values (1080,',ㅇㅇ',1165,null,'A',1003,to_date('24/11/29','RR/MM/DD'),null,to_date('24/11/29','RR/MM/DD'),'N');
Insert into TBL_REPLY (REPLY_NO,REPLY_CONTENT,REF_BNO,UPR_REPLY_NO,STATUS,EMP_NO,CREATE_DATE,MODIFIER,MODIFY_DATE,USE_YN) values (1081,',ㅇ',1160,null,'A',1003,to_date('24/11/29','RR/MM/DD'),null,to_date('24/11/29','RR/MM/DD'),'Y');
Insert into TBL_REPLY (REPLY_NO,REPLY_CONTENT,REF_BNO,UPR_REPLY_NO,STATUS,EMP_NO,CREATE_DATE,MODIFIER,MODIFY_DATE,USE_YN) values (1082,'ㄴㄴㄴㄴㅁㄴ',1160,null,'A',null,to_date('24/11/29','RR/MM/DD'),null,to_date('24/11/29','RR/MM/DD'),'Y');
Insert into TBL_REPLY (REPLY_NO,REPLY_CONTENT,REF_BNO,UPR_REPLY_NO,STATUS,EMP_NO,CREATE_DATE,MODIFIER,MODIFY_DATE,USE_YN) values (1083,'댓글테스트
',1166,null,'A',1003,to_date('24/11/29','RR/MM/DD'),null,to_date('24/11/29','RR/MM/DD'),'Y');
Insert into TBL_REPLY (REPLY_NO,REPLY_CONTENT,REF_BNO,UPR_REPLY_NO,STATUS,EMP_NO,CREATE_DATE,MODIFIER,MODIFY_DATE,USE_YN) values (1084,'한개더',1166,null,'A',1003,to_date('24/11/29','RR/MM/DD'),null,to_date('24/11/29','RR/MM/DD'),'Y');
Insert into TBL_REPLY (REPLY_NO,REPLY_CONTENT,REF_BNO,UPR_REPLY_NO,STATUS,EMP_NO,CREATE_DATE,MODIFIER,MODIFY_DATE,USE_YN) values (1085,'답글도 시작한다',1166,null,'A',1003,to_date('24/11/29','RR/MM/DD'),null,to_date('24/11/29','RR/MM/DD'),'Y');
Insert into TBL_REPLY (REPLY_NO,REPLY_CONTENT,REF_BNO,UPR_REPLY_NO,STATUS,EMP_NO,CREATE_DATE,MODIFIER,MODIFY_DATE,USE_YN) values (1086,'ㅋㅋㅋㅋ',1166,1083,'A',1003,to_date('24/11/29','RR/MM/DD'),null,to_date('24/11/29','RR/MM/DD'),'Y');
Insert into TBL_REPLY (REPLY_NO,REPLY_CONTENT,REF_BNO,UPR_REPLY_NO,STATUS,EMP_NO,CREATE_DATE,MODIFIER,MODIFY_DATE,USE_YN) values (1087,'예?
',1166,1084,'A',1003,to_date('24/11/29','RR/MM/DD'),null,to_date('24/11/29','RR/MM/DD'),'Y');
Insert into TBL_REPLY (REPLY_NO,REPLY_CONTENT,REF_BNO,UPR_REPLY_NO,STATUS,EMP_NO,CREATE_DATE,MODIFIER,MODIFY_DATE,USE_YN) values (1088,'안녕',1166,1084,'A',1003,to_date('24/11/29','RR/MM/DD'),null,to_date('24/11/29','RR/MM/DD'),'Y');
Insert into TBL_REPLY (REPLY_NO,REPLY_CONTENT,REF_BNO,UPR_REPLY_NO,STATUS,EMP_NO,CREATE_DATE,MODIFIER,MODIFY_DATE,USE_YN) values (1089,'ㅇㅉ',1166,1085,'A',1003,to_date('24/11/29','RR/MM/DD'),null,to_date('24/11/29','RR/MM/DD'),'Y');
Insert into TBL_REPLY (REPLY_NO,REPLY_CONTENT,REF_BNO,UPR_REPLY_NO,STATUS,EMP_NO,CREATE_DATE,MODIFIER,MODIFY_DATE,USE_YN) values (1090,'답글도 시작한다',1166,1085,'A',1003,to_date('24/11/29','RR/MM/DD'),null,to_date('24/11/29','RR/MM/DD'),'Y');
Insert into TBL_REPLY (REPLY_NO,REPLY_CONTENT,REF_BNO,UPR_REPLY_NO,STATUS,EMP_NO,CREATE_DATE,MODIFIER,MODIFY_DATE,USE_YN) values (1091,'ㅎㅎㅎ',1166,1083,'A',1003,to_date('24/11/29','RR/MM/DD'),null,to_date('24/11/29','RR/MM/DD'),'Y');
Insert into TBL_REPLY (REPLY_NO,REPLY_CONTENT,REF_BNO,UPR_REPLY_NO,STATUS,EMP_NO,CREATE_DATE,MODIFIER,MODIFY_DATE,USE_YN) values (1092,'답글도 시작한다',1166,1085,'A',1003,to_date('24/11/29','RR/MM/DD'),null,to_date('24/11/29','RR/MM/DD'),'Y');
Insert into TBL_REPLY (REPLY_NO,REPLY_CONTENT,REF_BNO,UPR_REPLY_NO,STATUS,EMP_NO,CREATE_DATE,MODIFIER,MODIFY_DATE,USE_YN) values (1093,'ㅇㅇㅇㅇ',1166,null,'A',1003,to_date('24/11/29','RR/MM/DD'),null,to_date('24/11/29','RR/MM/DD'),'Y');
Insert into TBL_REPLY (REPLY_NO,REPLY_CONTENT,REF_BNO,UPR_REPLY_NO,STATUS,EMP_NO,CREATE_DATE,MODIFIER,MODIFY_DATE,USE_YN) values (1094,null,1166,null,'A',1003,to_date('24/11/29','RR/MM/DD'),null,to_date('24/11/29','RR/MM/DD'),'Y');
Insert into TBL_REPLY (REPLY_NO,REPLY_CONTENT,REF_BNO,UPR_REPLY_NO,STATUS,EMP_NO,CREATE_DATE,MODIFIER,MODIFY_DATE,USE_YN) values (1095,'ㅇ',1166,1093,'A',1003,to_date('24/11/29','RR/MM/DD'),null,to_date('24/11/29','RR/MM/DD'),'Y');
Insert into TBL_REPLY (REPLY_NO,REPLY_CONTENT,REF_BNO,UPR_REPLY_NO,STATUS,EMP_NO,CREATE_DATE,MODIFIER,MODIFY_DATE,USE_YN) values (1096,'ㅇㅇㅇㅇ',1166,1093,'A',1003,to_date('24/11/29','RR/MM/DD'),null,to_date('24/11/29','RR/MM/DD'),'Y');
Insert into TBL_REPLY (REPLY_NO,REPLY_CONTENT,REF_BNO,UPR_REPLY_NO,STATUS,EMP_NO,CREATE_DATE,MODIFIER,MODIFY_DATE,USE_YN) values (1097,null,1166,null,'A',1003,to_date('24/11/29','RR/MM/DD'),null,to_date('24/11/29','RR/MM/DD'),'Y');
Insert into TBL_REPLY (REPLY_NO,REPLY_CONTENT,REF_BNO,UPR_REPLY_NO,STATUS,EMP_NO,CREATE_DATE,MODIFIER,MODIFY_DATE,USE_YN) values (1098,'안녕하세요
',1159,null,'A',1003,to_date('24/11/29','RR/MM/DD'),null,to_date('24/11/29','RR/MM/DD'),'Y');
Insert into TBL_REPLY (REPLY_NO,REPLY_CONTENT,REF_BNO,UPR_REPLY_NO,STATUS,EMP_NO,CREATE_DATE,MODIFIER,MODIFY_DATE,USE_YN) values (1099,null,1159,null,'A',1003,to_date('24/11/29','RR/MM/DD'),null,to_date('24/11/29','RR/MM/DD'),'Y');
Insert into TBL_REPLY (REPLY_NO,REPLY_CONTENT,REF_BNO,UPR_REPLY_NO,STATUS,EMP_NO,CREATE_DATE,MODIFIER,MODIFY_DATE,USE_YN) values (1100,null,1159,null,'A',1003,to_date('24/11/29','RR/MM/DD'),null,to_date('24/11/29','RR/MM/DD'),'Y');
Insert into TBL_REPLY (REPLY_NO,REPLY_CONTENT,REF_BNO,UPR_REPLY_NO,STATUS,EMP_NO,CREATE_DATE,MODIFIER,MODIFY_DATE,USE_YN) values (1101,'안녕하세요
',1159,1098,'A',1003,to_date('24/11/29','RR/MM/DD'),null,to_date('24/11/29','RR/MM/DD'),'Y');
Insert into TBL_REPLY (REPLY_NO,REPLY_CONTENT,REF_BNO,UPR_REPLY_NO,STATUS,EMP_NO,CREATE_DATE,MODIFIER,MODIFY_DATE,USE_YN) values (1102,null,1159,null,'A',1003,to_date('24/11/29','RR/MM/DD'),null,to_date('24/11/29','RR/MM/DD'),'Y');
Insert into TBL_REPLY (REPLY_NO,REPLY_CONTENT,REF_BNO,UPR_REPLY_NO,STATUS,EMP_NO,CREATE_DATE,MODIFIER,MODIFY_DATE,USE_YN) values (1103,'ㄴ',1159,null,'A',1003,to_date('24/11/29','RR/MM/DD'),null,to_date('24/11/29','RR/MM/DD'),'Y');
Insert into TBL_REPLY (REPLY_NO,REPLY_CONTENT,REF_BNO,UPR_REPLY_NO,STATUS,EMP_NO,CREATE_DATE,MODIFIER,MODIFY_DATE,USE_YN) values (1104,'ㅇ',1159,1098,'A',1003,to_date('24/11/29','RR/MM/DD'),null,to_date('24/11/29','RR/MM/DD'),'Y');
Insert into TBL_REPLY (REPLY_NO,REPLY_CONTENT,REF_BNO,UPR_REPLY_NO,STATUS,EMP_NO,CREATE_DATE,MODIFIER,MODIFY_DATE,USE_YN) values (1105,'와 쩐다',1142,null,'A',1003,to_date('24/11/29','RR/MM/DD'),null,to_date('24/11/29','RR/MM/DD'),'Y');
Insert into TBL_REPLY (REPLY_NO,REPLY_CONTENT,REF_BNO,UPR_REPLY_NO,STATUS,EMP_NO,CREATE_DATE,MODIFIER,MODIFY_DATE,USE_YN) values (1106,'갑니다',1142,null,'A',1003,to_date('24/11/29','RR/MM/DD'),null,to_date('24/11/29','RR/MM/DD'),'Y');
Insert into TBL_REPLY (REPLY_NO,REPLY_CONTENT,REF_BNO,UPR_REPLY_NO,STATUS,EMP_NO,CREATE_DATE,MODIFIER,MODIFY_DATE,USE_YN) values (1107,'ㄴㄴㄴㄴ',1142,null,'A',1003,to_date('24/11/29','RR/MM/DD'),null,to_date('24/11/29','RR/MM/DD'),'Y');
Insert into TBL_REPLY (REPLY_NO,REPLY_CONTENT,REF_BNO,UPR_REPLY_NO,STATUS,EMP_NO,CREATE_DATE,MODIFIER,MODIFY_DATE,USE_YN) values (1108,'공백',1142,1107,'A',1003,to_date('24/11/29','RR/MM/DD'),null,to_date('24/11/29','RR/MM/DD'),'Y');
Insert into TBL_REPLY (REPLY_NO,REPLY_CONTENT,REF_BNO,UPR_REPLY_NO,STATUS,EMP_NO,CREATE_DATE,MODIFIER,MODIFY_DATE,USE_YN) values (1109,'sdfsdf',1165,1001,'A',1003,to_date('24/11/29','RR/MM/DD'),null,to_date('24/11/29','RR/MM/DD'),'N');
Insert into TBL_REPLY (REPLY_NO,REPLY_CONTENT,REF_BNO,UPR_REPLY_NO,STATUS,EMP_NO,CREATE_DATE,MODIFIER,MODIFY_DATE,USE_YN) values (1110,'sdfdsfsdf',1161,1051,'A',1003,to_date('24/11/29','RR/MM/DD'),null,to_date('24/11/29','RR/MM/DD'),'N');
Insert into TBL_REPLY (REPLY_NO,REPLY_CONTENT,REF_BNO,UPR_REPLY_NO,STATUS,EMP_NO,CREATE_DATE,MODIFIER,MODIFY_DATE,USE_YN) values (1111,'asdfasdfasdfa',1161,1051,'A',1003,to_date('24/11/29','RR/MM/DD'),null,to_date('24/11/29','RR/MM/DD'),'N');
Insert into TBL_REPLY (REPLY_NO,REPLY_CONTENT,REF_BNO,UPR_REPLY_NO,STATUS,EMP_NO,CREATE_DATE,MODIFIER,MODIFY_DATE,USE_YN) values (1112,'ㅋㅋㅋㅋㅋㅋㅋ',1161,null,'A',1003,to_date('24/11/29','RR/MM/DD'),null,to_date('24/11/29','RR/MM/DD'),'Y');
Insert into TBL_REPLY (REPLY_NO,REPLY_CONTENT,REF_BNO,UPR_REPLY_NO,STATUS,EMP_NO,CREATE_DATE,MODIFIER,MODIFY_DATE,USE_YN) values (1113,'aaaaaaaaaaaaaaaaaa',1161,null,'A',1003,to_date('24/11/29','RR/MM/DD'),null,to_date('24/11/29','RR/MM/DD'),'Y');
Insert into TBL_REPLY (REPLY_NO,REPLY_CONTENT,REF_BNO,UPR_REPLY_NO,STATUS,EMP_NO,CREATE_DATE,MODIFIER,MODIFY_DATE,USE_YN) values (1114,'dfsdfsdfsdfsfdsfdsfdsdf',1161,null,'A',1003,to_date('24/11/29','RR/MM/DD'),null,to_date('24/11/29','RR/MM/DD'),'Y');
Insert into TBL_REPLY (REPLY_NO,REPLY_CONTENT,REF_BNO,UPR_REPLY_NO,STATUS,EMP_NO,CREATE_DATE,MODIFIER,MODIFY_DATE,USE_YN) values (1115,'멋진 댓글.',1165,null,'A',1003,to_date('24/11/29','RR/MM/DD'),null,to_date('24/11/29','RR/MM/DD'),'Y');
Insert into TBL_REPLY (REPLY_NO,REPLY_CONTENT,REF_BNO,UPR_REPLY_NO,STATUS,EMP_NO,CREATE_DATE,MODIFIER,MODIFY_DATE,USE_YN) values (1116,'마자여',1157,1034,'A',1003,to_date('24/11/29','RR/MM/DD'),null,to_date('24/11/29','RR/MM/DD'),'Y');
Insert into TBL_REPLY (REPLY_NO,REPLY_CONTENT,REF_BNO,UPR_REPLY_NO,STATUS,EMP_NO,CREATE_DATE,MODIFIER,MODIFY_DATE,USE_YN) values (1117,'ㅐㅐㅐ',1157,1034,'A',1003,to_date('24/11/29','RR/MM/DD'),null,to_date('24/11/29','RR/MM/DD'),'Y');
Insert into TBL_REPLY (REPLY_NO,REPLY_CONTENT,REF_BNO,UPR_REPLY_NO,STATUS,EMP_NO,CREATE_DATE,MODIFIER,MODIFY_DATE,USE_YN) values (1118,'에? ㅋㅋㅋㅋㅋㅋㅋㅋㅋ',1165,null,'A',1003,to_date('24/11/29','RR/MM/DD'),null,to_date('24/11/29','RR/MM/DD'),'N');
Insert into TBL_REPLY (REPLY_NO,REPLY_CONTENT,REF_BNO,UPR_REPLY_NO,STATUS,EMP_NO,CREATE_DATE,MODIFIER,MODIFY_DATE,USE_YN) values (1119,'멋진 준수 멋진기능 멋진 키보드 ',1165,1115,'A',1003,to_date('24/11/29','RR/MM/DD'),null,to_date('24/11/29','RR/MM/DD'),'Y');
Insert into TBL_REPLY (REPLY_NO,REPLY_CONTENT,REF_BNO,UPR_REPLY_NO,STATUS,EMP_NO,CREATE_DATE,MODIFIER,MODIFY_DATE,USE_YN) values (1120,'멋진 대댓글 멋진 하트 멋진 1',1165,1115,'A',1003,to_date('24/11/29','RR/MM/DD'),null,to_date('24/11/29','RR/MM/DD'),'Y');
Insert into TBL_REPLY (REPLY_NO,REPLY_CONTENT,REF_BNO,UPR_REPLY_NO,STATUS,EMP_NO,CREATE_DATE,MODIFIER,MODIFY_DATE,USE_YN) values (1121,'멋진 ui 멋진 칸 머ㅏㅅ빚',1165,1037,'A',1003,to_date('24/11/29','RR/MM/DD'),null,to_date('24/11/29','RR/MM/DD'),'Y');
Insert into TBL_REPLY (REPLY_NO,REPLY_CONTENT,REF_BNO,UPR_REPLY_NO,STATUS,EMP_NO,CREATE_DATE,MODIFIER,MODIFY_DATE,USE_YN) values (1122,'ㅇㅇㅇ',1168,null,'A',1003,to_date('24/12/02','RR/MM/DD'),null,to_date('24/12/02','RR/MM/DD'),'N');
Insert into TBL_REPLY (REPLY_NO,REPLY_CONTENT,REF_BNO,UPR_REPLY_NO,STATUS,EMP_NO,CREATE_DATE,MODIFIER,MODIFY_DATE,USE_YN) values (1123,'안녕하세요
',1168,null,'A',1003,to_date('24/12/02','RR/MM/DD'),null,to_date('24/12/02','RR/MM/DD'),'Y');
Insert into TBL_REPLY (REPLY_NO,REPLY_CONTENT,REF_BNO,UPR_REPLY_NO,STATUS,EMP_NO,CREATE_DATE,MODIFIER,MODIFY_DATE,USE_YN) values (1124,'ㅇㅇㅇ',1140,null,'A',1003,to_date('24/12/02','RR/MM/DD'),null,to_date('24/12/02','RR/MM/DD'),'N');
Insert into TBL_REPLY (REPLY_NO,REPLY_CONTENT,REF_BNO,UPR_REPLY_NO,STATUS,EMP_NO,CREATE_DATE,MODIFIER,MODIFY_DATE,USE_YN) values (1125,'ㄴㄴㄴ',1140,null,'A',1003,to_date('24/12/02','RR/MM/DD'),null,to_date('24/12/02','RR/MM/DD'),'N');
Insert into TBL_REPLY (REPLY_NO,REPLY_CONTENT,REF_BNO,UPR_REPLY_NO,STATUS,EMP_NO,CREATE_DATE,MODIFIER,MODIFY_DATE,USE_YN) values (1126,'반갑습니다
',1140,null,'A',1003,to_date('24/12/02','RR/MM/DD'),null,to_date('24/12/02','RR/MM/DD'),'N');
Insert into TBL_REPLY (REPLY_NO,REPLY_CONTENT,REF_BNO,UPR_REPLY_NO,STATUS,EMP_NO,CREATE_DATE,MODIFIER,MODIFY_DATE,USE_YN) values (1127,'ㄴㄴㄴㄴㄴ',1169,null,'A',1003,to_date('24/12/02','RR/MM/DD'),null,to_date('24/12/02','RR/MM/DD'),'N');
Insert into TBL_REPLY (REPLY_NO,REPLY_CONTENT,REF_BNO,UPR_REPLY_NO,STATUS,EMP_NO,CREATE_DATE,MODIFIER,MODIFY_DATE,USE_YN) values (1128,'ㅋㅋㅋㅋㅋㅋ',1169,null,'A',1003,to_date('24/12/02','RR/MM/DD'),null,to_date('24/12/02','RR/MM/DD'),'N');
Insert into TBL_REPLY (REPLY_NO,REPLY_CONTENT,REF_BNO,UPR_REPLY_NO,STATUS,EMP_NO,CREATE_DATE,MODIFIER,MODIFY_DATE,USE_YN) values (1129,'하하하',1169,1127,'A',1003,to_date('24/12/02','RR/MM/DD'),null,to_date('24/12/02','RR/MM/DD'),'N');
Insert into TBL_REPLY (REPLY_NO,REPLY_CONTENT,REF_BNO,UPR_REPLY_NO,STATUS,EMP_NO,CREATE_DATE,MODIFIER,MODIFY_DATE,USE_YN) values (1130,'호호호',1169,1127,'A',1003,to_date('24/12/02','RR/MM/DD'),null,to_date('24/12/02','RR/MM/DD'),'N');
Insert into TBL_REPLY (REPLY_NO,REPLY_CONTENT,REF_BNO,UPR_REPLY_NO,STATUS,EMP_NO,CREATE_DATE,MODIFIER,MODIFY_DATE,USE_YN) values (1131,'ㅋㅋㅋㅋㅋㅋ 네 안녕하세요',1169,null,'A',1003,to_date('24/12/02','RR/MM/DD'),null,to_date('24/12/02','RR/MM/DD'),'N');
Insert into TBL_REPLY (REPLY_NO,REPLY_CONTENT,REF_BNO,UPR_REPLY_NO,STATUS,EMP_NO,CREATE_DATE,MODIFIER,MODIFY_DATE,USE_YN) values (1132,'반갑
씁',1169,null,'A',1003,to_date('24/12/02','RR/MM/DD'),null,to_date('24/12/02','RR/MM/DD'),'N');
Insert into TBL_REPLY (REPLY_NO,REPLY_CONTENT,REF_BNO,UPR_REPLY_NO,STATUS,EMP_NO,CREATE_DATE,MODIFIER,MODIFY_DATE,USE_YN) values (1133,'ㅅㅄㅂ',1170,null,'A',1003,to_date('24/12/02','RR/MM/DD'),null,to_date('24/12/02','RR/MM/DD'),'Y');
Insert into TBL_REPLY (REPLY_NO,REPLY_CONTENT,REF_BNO,UPR_REPLY_NO,STATUS,EMP_NO,CREATE_DATE,MODIFIER,MODIFY_DATE,USE_YN) values (1134,'ㅁㄴㅇㄹ',1170,null,'A',1003,to_date('24/12/02','RR/MM/DD'),null,to_date('24/12/02','RR/MM/DD'),'Y');
Insert into TBL_REPLY (REPLY_NO,REPLY_CONTENT,REF_BNO,UPR_REPLY_NO,STATUS,EMP_NO,CREATE_DATE,MODIFIER,MODIFY_DATE,USE_YN) values (1135,'ㅁㄴㅇㄹ',1170,1133,'A',1003,to_date('24/12/02','RR/MM/DD'),null,to_date('24/12/02','RR/MM/DD'),'Y');
Insert into TBL_REPLY (REPLY_NO,REPLY_CONTENT,REF_BNO,UPR_REPLY_NO,STATUS,EMP_NO,CREATE_DATE,MODIFIER,MODIFY_DATE,USE_YN) values (1136,'ㅁㄴㅇㄹ',1170,1133,'A',1003,to_date('24/12/02','RR/MM/DD'),null,to_date('24/12/02','RR/MM/DD'),'Y');
Insert into TBL_REPLY (REPLY_NO,REPLY_CONTENT,REF_BNO,UPR_REPLY_NO,STATUS,EMP_NO,CREATE_DATE,MODIFIER,MODIFY_DATE,USE_YN) values (1137,'?',1170,1133,'A',1002,to_date('24/12/02','RR/MM/DD'),null,to_date('24/12/02','RR/MM/DD'),'Y');
Insert into TBL_REPLY (REPLY_NO,REPLY_CONTENT,REF_BNO,UPR_REPLY_NO,STATUS,EMP_NO,CREATE_DATE,MODIFIER,MODIFY_DATE,USE_YN) values (1138,'ㅁㄴㅇㄹ',1170,1134,'A',1003,to_date('24/12/02','RR/MM/DD'),null,to_date('24/12/02','RR/MM/DD'),'Y');
Insert into TBL_REPLY (REPLY_NO,REPLY_CONTENT,REF_BNO,UPR_REPLY_NO,STATUS,EMP_NO,CREATE_DATE,MODIFIER,MODIFY_DATE,USE_YN) values (1139,'ㅂㅇ',1168,1123,'A',1003,to_date('24/12/02','RR/MM/DD'),null,to_date('24/12/02','RR/MM/DD'),'Y');
Insert into TBL_REPLY (REPLY_NO,REPLY_CONTENT,REF_BNO,UPR_REPLY_NO,STATUS,EMP_NO,CREATE_DATE,MODIFIER,MODIFY_DATE,USE_YN) values (1140,'d=-=====',1171,null,'A',1009,to_date('24/12/02','RR/MM/DD'),null,to_date('24/12/02','RR/MM/DD'),'Y');
Insert into TBL_REPLY (REPLY_NO,REPLY_CONTENT,REF_BNO,UPR_REPLY_NO,STATUS,EMP_NO,CREATE_DATE,MODIFIER,MODIFY_DATE,USE_YN) values (1141,'sssss
',1171,1140,'A',1003,to_date('24/12/02','RR/MM/DD'),null,to_date('24/12/02','RR/MM/DD'),'N');
Insert into TBL_REPLY (REPLY_NO,REPLY_CONTENT,REF_BNO,UPR_REPLY_NO,STATUS,EMP_NO,CREATE_DATE,MODIFIER,MODIFY_DATE,USE_YN) values (1142,'dddd',1171,1140,'A',1009,to_date('24/12/02','RR/MM/DD'),null,to_date('24/12/02','RR/MM/DD'),'Y');
Insert into TBL_REPLY (REPLY_NO,REPLY_CONTENT,REF_BNO,UPR_REPLY_NO,STATUS,EMP_NO,CREATE_DATE,MODIFIER,MODIFY_DATE,USE_YN) values (1143,'asdasdgasdga',1171,1140,'A',1003,to_date('24/12/02','RR/MM/DD'),null,to_date('24/12/02','RR/MM/DD'),'Y');
Insert into TBL_REPLY (REPLY_NO,REPLY_CONTENT,REF_BNO,UPR_REPLY_NO,STATUS,EMP_NO,CREATE_DATE,MODIFIER,MODIFY_DATE,USE_YN) values (1144,'앙아앙
',1173,null,'A',1003,to_date('24/12/02','RR/MM/DD'),null,to_date('24/12/02','RR/MM/DD'),'Y');
Insert into TBL_REPLY (REPLY_NO,REPLY_CONTENT,REF_BNO,UPR_REPLY_NO,STATUS,EMP_NO,CREATE_DATE,MODIFIER,MODIFY_DATE,USE_YN) values (1145,'ㄴㅇㄴㄹㅇㅇㄹㄴㅇㄹㄴ',1173,1144,'A',1009,to_date('24/12/02','RR/MM/DD'),null,to_date('24/12/02','RR/MM/DD'),'N');
Insert into TBL_REPLY (REPLY_NO,REPLY_CONTENT,REF_BNO,UPR_REPLY_NO,STATUS,EMP_NO,CREATE_DATE,MODIFIER,MODIFY_DATE,USE_YN) values (1146,'안녕하세요4
',1174,null,'A',1003,to_date('24/12/02','RR/MM/DD'),null,to_date('24/12/02','RR/MM/DD'),'Y');
Insert into TBL_REPLY (REPLY_NO,REPLY_CONTENT,REF_BNO,UPR_REPLY_NO,STATUS,EMP_NO,CREATE_DATE,MODIFIER,MODIFY_DATE,USE_YN) values (1147,'ㄴㄴㄴㄴㄴ',1174,1146,'A',1009,to_date('24/12/02','RR/MM/DD'),null,to_date('24/12/02','RR/MM/DD'),'N');
Insert into TBL_REPLY (REPLY_NO,REPLY_CONTENT,REF_BNO,UPR_REPLY_NO,STATUS,EMP_NO,CREATE_DATE,MODIFIER,MODIFY_DATE,USE_YN) values (1148,'ㄴㄴㄴㄴ',1140,null,'A',1003,to_date('24/12/02','RR/MM/DD'),null,to_date('24/12/02','RR/MM/DD'),'N');
Insert into TBL_REPLY (REPLY_NO,REPLY_CONTENT,REF_BNO,UPR_REPLY_NO,STATUS,EMP_NO,CREATE_DATE,MODIFIER,MODIFY_DATE,USE_YN) values (1149,'ㅁㄴㅇㄻㄴㅇㄻㄴㅇㄹ',1139,null,'A',1003,to_date('24/12/03','RR/MM/DD'),null,to_date('24/12/03','RR/MM/DD'),'Y');
Insert into TBL_REPLY (REPLY_NO,REPLY_CONTENT,REF_BNO,UPR_REPLY_NO,STATUS,EMP_NO,CREATE_DATE,MODIFIER,MODIFY_DATE,USE_YN) values (1150,'dfgdfgdfg',1140,null,'A',1003,to_date('24/12/03','RR/MM/DD'),null,to_date('24/12/03','RR/MM/DD'),'N');
Insert into TBL_REPLY (REPLY_NO,REPLY_CONTENT,REF_BNO,UPR_REPLY_NO,STATUS,EMP_NO,CREATE_DATE,MODIFIER,MODIFY_DATE,USE_YN) values (1151,'ㅇㅇㅇ
',1176,null,'A',1009,to_date('24/12/03','RR/MM/DD'),null,to_date('24/12/03','RR/MM/DD'),'Y');
Insert into TBL_REPLY (REPLY_NO,REPLY_CONTENT,REF_BNO,UPR_REPLY_NO,STATUS,EMP_NO,CREATE_DATE,MODIFIER,MODIFY_DATE,USE_YN) values (1152,'ㅇㅇㅇ
',1176,1151,'A',1003,to_date('24/12/03','RR/MM/DD'),null,to_date('24/12/03','RR/MM/DD'),'Y');
REM INSERTING into TBL_SALARY
SET DEFINE OFF;
Insert into TBL_SALARY (SALARY_NO,EMP_NO,SAL_BASE,SAL_OVERTIME_PAY,BONUS,SAL_GROSS_PAY,SAL_NP,SAL_HI,SAL_EI,SAL_TOTAL_DD,SAL_NET_SALARY,CREATER,CREATE_DATE,MODIFIER,MODIFY_DATE) values (1001,1001,2500000,300000,150000,2950000,225000,150000,90000,515000,2435000,1003,to_date('24/11/14','RR/MM/DD'),1002,to_date('24/11/14','RR/MM/DD'));
Insert into TBL_SALARY (SALARY_NO,EMP_NO,SAL_BASE,SAL_OVERTIME_PAY,BONUS,SAL_GROSS_PAY,SAL_NP,SAL_HI,SAL_EI,SAL_TOTAL_DD,SAL_NET_SALARY,CREATER,CREATE_DATE,MODIFIER,MODIFY_DATE) values (1002,1002,2700000,250000,200000,3050000,230000,160000,95000,525000,2525000,1003,to_date('24/11/14','RR/MM/DD'),1002,to_date('24/11/14','RR/MM/DD'));
Insert into TBL_SALARY (SALARY_NO,EMP_NO,SAL_BASE,SAL_OVERTIME_PAY,BONUS,SAL_GROSS_PAY,SAL_NP,SAL_HI,SAL_EI,SAL_TOTAL_DD,SAL_NET_SALARY,CREATER,CREATE_DATE,MODIFIER,MODIFY_DATE) values (1003,1003,2300000,220000,180000,2700000,215000,140000,85000,440000,2260000,1003,to_date('24/11/14','RR/MM/DD'),1002,to_date('24/11/14','RR/MM/DD'));
Insert into TBL_SALARY (SALARY_NO,EMP_NO,SAL_BASE,SAL_OVERTIME_PAY,BONUS,SAL_GROSS_PAY,SAL_NP,SAL_HI,SAL_EI,SAL_TOTAL_DD,SAL_NET_SALARY,CREATER,CREATE_DATE,MODIFIER,MODIFY_DATE) values (1004,1004,2800000,350000,250000,3200000,240000,170000,100000,510000,2690000,1003,to_date('24/11/14','RR/MM/DD'),1004,to_date('24/11/14','RR/MM/DD'));
Insert into TBL_SALARY (SALARY_NO,EMP_NO,SAL_BASE,SAL_OVERTIME_PAY,BONUS,SAL_GROSS_PAY,SAL_NP,SAL_HI,SAL_EI,SAL_TOTAL_DD,SAL_NET_SALARY,CREATER,CREATE_DATE,MODIFIER,MODIFY_DATE) values (1005,1005,2600000,200000,120000,2800000,220000,145000,90000,455000,2345000,1003,to_date('24/11/14','RR/MM/DD'),1005,to_date('24/11/14','RR/MM/DD'));
Insert into TBL_SALARY (SALARY_NO,EMP_NO,SAL_BASE,SAL_OVERTIME_PAY,BONUS,SAL_GROSS_PAY,SAL_NP,SAL_HI,SAL_EI,SAL_TOTAL_DD,SAL_NET_SALARY,CREATER,CREATE_DATE,MODIFIER,MODIFY_DATE) values (1006,1006,2900000,180000,140000,3140000,225000,160000,100000,485000,2655000,1003,to_date('24/11/14','RR/MM/DD'),1006,to_date('24/11/14','RR/MM/DD'));
Insert into TBL_SALARY (SALARY_NO,EMP_NO,SAL_BASE,SAL_OVERTIME_PAY,BONUS,SAL_GROSS_PAY,SAL_NP,SAL_HI,SAL_EI,SAL_TOTAL_DD,SAL_NET_SALARY,CREATER,CREATE_DATE,MODIFIER,MODIFY_DATE) values (1007,1007,2400000,270000,130000,2900000,210000,150000,95000,440000,2460000,1003,to_date('24/11/14','RR/MM/DD'),1007,to_date('24/11/14','RR/MM/DD'));
Insert into TBL_SALARY (SALARY_NO,EMP_NO,SAL_BASE,SAL_OVERTIME_PAY,BONUS,SAL_GROSS_PAY,SAL_NP,SAL_HI,SAL_EI,SAL_TOTAL_DD,SAL_NET_SALARY,CREATER,CREATE_DATE,MODIFIER,MODIFY_DATE) values (1008,1008,2750000,230000,180000,3180000,235000,165000,105000,505000,2675000,1003,to_date('24/11/14','RR/MM/DD'),1008,to_date('24/11/14','RR/MM/DD'));
Insert into TBL_SALARY (SALARY_NO,EMP_NO,SAL_BASE,SAL_OVERTIME_PAY,BONUS,SAL_GROSS_PAY,SAL_NP,SAL_HI,SAL_EI,SAL_TOTAL_DD,SAL_NET_SALARY,CREATER,CREATE_DATE,MODIFIER,MODIFY_DATE) values (1009,1009,2650000,280000,210000,3030000,230000,160000,98000,528000,2502000,1003,to_date('24/11/14','RR/MM/DD'),1009,to_date('24/11/14','RR/MM/DD'));
Insert into TBL_SALARY (SALARY_NO,EMP_NO,SAL_BASE,SAL_OVERTIME_PAY,BONUS,SAL_GROSS_PAY,SAL_NP,SAL_HI,SAL_EI,SAL_TOTAL_DD,SAL_NET_SALARY,CREATER,CREATE_DATE,MODIFIER,MODIFY_DATE) values (1010,1010,2500000,210000,170000,2880000,220000,150000,92000,462000,2418000,1003,to_date('24/11/14','RR/MM/DD'),1010,to_date('24/11/14','RR/MM/DD'));
Insert into TBL_SALARY (SALARY_NO,EMP_NO,SAL_BASE,SAL_OVERTIME_PAY,BONUS,SAL_GROSS_PAY,SAL_NP,SAL_HI,SAL_EI,SAL_TOTAL_DD,SAL_NET_SALARY,CREATER,CREATE_DATE,MODIFIER,MODIFY_DATE) values (1038,1012,2300000,80000,12000,2880000,103500,80500,20700,528000,2095300,1003,to_date('24/11/28','RR/MM/DD'),1003,to_date('24/11/28','RR/MM/DD'));
Insert into TBL_SALARY (SALARY_NO,EMP_NO,SAL_BASE,SAL_OVERTIME_PAY,BONUS,SAL_GROSS_PAY,SAL_NP,SAL_HI,SAL_EI,SAL_TOTAL_DD,SAL_NET_SALARY,CREATER,CREATE_DATE,MODIFIER,MODIFY_DATE) values (1039,1013,2400000,80000,12000,2880000,108000,84000,21600,528000,2186400,1003,to_date('24/11/28','RR/MM/DD'),1003,to_date('24/11/28','RR/MM/DD'));
Insert into TBL_SALARY (SALARY_NO,EMP_NO,SAL_BASE,SAL_OVERTIME_PAY,BONUS,SAL_GROSS_PAY,SAL_NP,SAL_HI,SAL_EI,SAL_TOTAL_DD,SAL_NET_SALARY,CREATER,CREATE_DATE,MODIFIER,MODIFY_DATE) values (1040,1014,2550000,80000,12000,2880000,114750,89250,22950,528000,2323050,1003,to_date('24/11/28','RR/MM/DD'),1003,to_date('24/11/28','RR/MM/DD'));
Insert into TBL_SALARY (SALARY_NO,EMP_NO,SAL_BASE,SAL_OVERTIME_PAY,BONUS,SAL_GROSS_PAY,SAL_NP,SAL_HI,SAL_EI,SAL_TOTAL_DD,SAL_NET_SALARY,CREATER,CREATE_DATE,MODIFIER,MODIFY_DATE) values (1041,1015,2600000,80000,12000,2880000,117000,91000,23400,528000,2368600,1003,to_date('24/11/28','RR/MM/DD'),1003,to_date('24/11/28','RR/MM/DD'));
Insert into TBL_SALARY (SALARY_NO,EMP_NO,SAL_BASE,SAL_OVERTIME_PAY,BONUS,SAL_GROSS_PAY,SAL_NP,SAL_HI,SAL_EI,SAL_TOTAL_DD,SAL_NET_SALARY,CREATER,CREATE_DATE,MODIFIER,MODIFY_DATE) values (1042,1016,2700000,80000,12000,2880000,121500,94500,24300,528000,2459700,1003,to_date('24/11/28','RR/MM/DD'),1003,to_date('24/11/28','RR/MM/DD'));
Insert into TBL_SALARY (SALARY_NO,EMP_NO,SAL_BASE,SAL_OVERTIME_PAY,BONUS,SAL_GROSS_PAY,SAL_NP,SAL_HI,SAL_EI,SAL_TOTAL_DD,SAL_NET_SALARY,CREATER,CREATE_DATE,MODIFIER,MODIFY_DATE) values (1043,1017,2800000,80000,12000,2880000,126000,98000,25200,528000,2550800,1003,to_date('24/11/28','RR/MM/DD'),1003,to_date('24/11/28','RR/MM/DD'));
Insert into TBL_SALARY (SALARY_NO,EMP_NO,SAL_BASE,SAL_OVERTIME_PAY,BONUS,SAL_GROSS_PAY,SAL_NP,SAL_HI,SAL_EI,SAL_TOTAL_DD,SAL_NET_SALARY,CREATER,CREATE_DATE,MODIFIER,MODIFY_DATE) values (1044,1018,2900000,80000,12000,2880000,130500,101500,26100,528000,2641900,1003,to_date('24/11/28','RR/MM/DD'),1003,to_date('24/11/28','RR/MM/DD'));
Insert into TBL_SALARY (SALARY_NO,EMP_NO,SAL_BASE,SAL_OVERTIME_PAY,BONUS,SAL_GROSS_PAY,SAL_NP,SAL_HI,SAL_EI,SAL_TOTAL_DD,SAL_NET_SALARY,CREATER,CREATE_DATE,MODIFIER,MODIFY_DATE) values (1045,1019,3000000,80000,12000,2880000,135000,105000,27000,462000,2733000,1003,to_date('24/11/28','RR/MM/DD'),1003,to_date('24/11/28','RR/MM/DD'));
Insert into TBL_SALARY (SALARY_NO,EMP_NO,SAL_BASE,SAL_OVERTIME_PAY,BONUS,SAL_GROSS_PAY,SAL_NP,SAL_HI,SAL_EI,SAL_TOTAL_DD,SAL_NET_SALARY,CREATER,CREATE_DATE,MODIFIER,MODIFY_DATE) values (1046,1020,2100000,80000,12000,2880000,94500,73500,18900,462000,1913100,1003,to_date('24/11/28','RR/MM/DD'),1003,to_date('24/11/28','RR/MM/DD'));
Insert into TBL_SALARY (SALARY_NO,EMP_NO,SAL_BASE,SAL_OVERTIME_PAY,BONUS,SAL_GROSS_PAY,SAL_NP,SAL_HI,SAL_EI,SAL_TOTAL_DD,SAL_NET_SALARY,CREATER,CREATE_DATE,MODIFIER,MODIFY_DATE) values (1047,1021,2150000,80000,12000,2880000,96750,75250,19350,462000,1958650,1003,to_date('24/11/28','RR/MM/DD'),1003,to_date('24/11/28','RR/MM/DD'));
Insert into TBL_SALARY (SALARY_NO,EMP_NO,SAL_BASE,SAL_OVERTIME_PAY,BONUS,SAL_GROSS_PAY,SAL_NP,SAL_HI,SAL_EI,SAL_TOTAL_DD,SAL_NET_SALARY,CREATER,CREATE_DATE,MODIFIER,MODIFY_DATE) values (1048,1022,2200000,80000,12000,2880000,99000,77000,19800,462000,2004200,1003,to_date('24/11/28','RR/MM/DD'),1003,to_date('24/11/28','RR/MM/DD'));
Insert into TBL_SALARY (SALARY_NO,EMP_NO,SAL_BASE,SAL_OVERTIME_PAY,BONUS,SAL_GROSS_PAY,SAL_NP,SAL_HI,SAL_EI,SAL_TOTAL_DD,SAL_NET_SALARY,CREATER,CREATE_DATE,MODIFIER,MODIFY_DATE) values (1049,1023,2250000,80000,12000,2880000,101250,78750,20250,462000,2049750,1003,to_date('24/11/28','RR/MM/DD'),1003,to_date('24/11/28','RR/MM/DD'));
Insert into TBL_SALARY (SALARY_NO,EMP_NO,SAL_BASE,SAL_OVERTIME_PAY,BONUS,SAL_GROSS_PAY,SAL_NP,SAL_HI,SAL_EI,SAL_TOTAL_DD,SAL_NET_SALARY,CREATER,CREATE_DATE,MODIFIER,MODIFY_DATE) values (1050,1024,2300000,80000,12000,2880000,103500,80500,20700,462000,2095300,1003,to_date('24/11/28','RR/MM/DD'),1003,to_date('24/11/28','RR/MM/DD'));
Insert into TBL_SALARY (SALARY_NO,EMP_NO,SAL_BASE,SAL_OVERTIME_PAY,BONUS,SAL_GROSS_PAY,SAL_NP,SAL_HI,SAL_EI,SAL_TOTAL_DD,SAL_NET_SALARY,CREATER,CREATE_DATE,MODIFIER,MODIFY_DATE) values (1051,1025,2350000,80000,12000,2880000,105750,82250,21150,485000,2140850,1003,to_date('24/11/28','RR/MM/DD'),1003,to_date('24/11/28','RR/MM/DD'));
Insert into TBL_SALARY (SALARY_NO,EMP_NO,SAL_BASE,SAL_OVERTIME_PAY,BONUS,SAL_GROSS_PAY,SAL_NP,SAL_HI,SAL_EI,SAL_TOTAL_DD,SAL_NET_SALARY,CREATER,CREATE_DATE,MODIFIER,MODIFY_DATE) values (1052,1026,2400000,80000,12000,2880000,108000,84000,21600,485000,2186400,1003,to_date('24/11/28','RR/MM/DD'),1003,to_date('24/11/28','RR/MM/DD'));
Insert into TBL_SALARY (SALARY_NO,EMP_NO,SAL_BASE,SAL_OVERTIME_PAY,BONUS,SAL_GROSS_PAY,SAL_NP,SAL_HI,SAL_EI,SAL_TOTAL_DD,SAL_NET_SALARY,CREATER,CREATE_DATE,MODIFIER,MODIFY_DATE) values (1053,1027,2450000,80000,12000,2880000,110250,85750,22050,485000,2231950,1003,to_date('24/11/28','RR/MM/DD'),1003,to_date('24/11/28','RR/MM/DD'));
Insert into TBL_SALARY (SALARY_NO,EMP_NO,SAL_BASE,SAL_OVERTIME_PAY,BONUS,SAL_GROSS_PAY,SAL_NP,SAL_HI,SAL_EI,SAL_TOTAL_DD,SAL_NET_SALARY,CREATER,CREATE_DATE,MODIFIER,MODIFY_DATE) values (1054,1028,2500000,80000,12000,2880000,112500,87500,22500,485000,2277500,1003,to_date('24/11/28','RR/MM/DD'),1003,to_date('24/11/28','RR/MM/DD'));
Insert into TBL_SALARY (SALARY_NO,EMP_NO,SAL_BASE,SAL_OVERTIME_PAY,BONUS,SAL_GROSS_PAY,SAL_NP,SAL_HI,SAL_EI,SAL_TOTAL_DD,SAL_NET_SALARY,CREATER,CREATE_DATE,MODIFIER,MODIFY_DATE) values (1055,1029,2550000,80000,12000,2880000,114750,89250,22950,485000,2323050,1003,to_date('24/11/28','RR/MM/DD'),1003,to_date('24/11/28','RR/MM/DD'));
Insert into TBL_SALARY (SALARY_NO,EMP_NO,SAL_BASE,SAL_OVERTIME_PAY,BONUS,SAL_GROSS_PAY,SAL_NP,SAL_HI,SAL_EI,SAL_TOTAL_DD,SAL_NET_SALARY,CREATER,CREATE_DATE,MODIFIER,MODIFY_DATE) values (1056,1030,2600000,80000,12000,2880000,117000,91000,23400,485000,2368600,1003,to_date('24/11/28','RR/MM/DD'),1003,to_date('24/11/28','RR/MM/DD'));
Insert into TBL_SALARY (SALARY_NO,EMP_NO,SAL_BASE,SAL_OVERTIME_PAY,BONUS,SAL_GROSS_PAY,SAL_NP,SAL_HI,SAL_EI,SAL_TOTAL_DD,SAL_NET_SALARY,CREATER,CREATE_DATE,MODIFIER,MODIFY_DATE) values (1071,1050,2500000,null,null,null,112500,87500,22500,null,2277500,null,to_date('24/12/03','RR/MM/DD'),null,to_date('24/12/03','RR/MM/DD'));
Insert into TBL_SALARY (SALARY_NO,EMP_NO,SAL_BASE,SAL_OVERTIME_PAY,BONUS,SAL_GROSS_PAY,SAL_NP,SAL_HI,SAL_EI,SAL_TOTAL_DD,SAL_NET_SALARY,CREATER,CREATE_DATE,MODIFIER,MODIFY_DATE) values (1058,1011,2250000,80000,12000,2880000,101250,78750,20250,485000,2049750,1003,to_date('24/11/28','RR/MM/DD'),1003,to_date('24/11/28','RR/MM/DD'));
Insert into TBL_SALARY (SALARY_NO,EMP_NO,SAL_BASE,SAL_OVERTIME_PAY,BONUS,SAL_GROSS_PAY,SAL_NP,SAL_HI,SAL_EI,SAL_TOTAL_DD,SAL_NET_SALARY,CREATER,CREATE_DATE,MODIFIER,MODIFY_DATE) values (1059,1031,2800000,80000,12000,2880000,126000,98000,25200,485000,2550800,1003,to_date('24/11/28','RR/MM/DD'),1003,to_date('24/11/28','RR/MM/DD'));
Insert into TBL_SALARY (SALARY_NO,EMP_NO,SAL_BASE,SAL_OVERTIME_PAY,BONUS,SAL_GROSS_PAY,SAL_NP,SAL_HI,SAL_EI,SAL_TOTAL_DD,SAL_NET_SALARY,CREATER,CREATE_DATE,MODIFIER,MODIFY_DATE) values (1072,1054,2500000,null,null,null,112500,87500,22500,null,2277500,null,to_date('24/12/05','RR/MM/DD'),null,to_date('24/12/05','RR/MM/DD'));
REM INSERTING into TBL_SEND_NOTE
SET DEFINE OFF;
Insert into TBL_SEND_NOTE (SEND_NO,TITLE,SENT_DATE,SENT_ID,STATUS,TEMP_STORAGE,RECEPTION_ID,DELETE_DATE) values (103,'안녕하세요 지점장님 ',to_date('24/12/03','RR/MM/DD'),1001,'Y','N','1010',null);
Insert into TBL_SEND_NOTE (SEND_NO,TITLE,SENT_DATE,SENT_ID,STATUS,TEMP_STORAGE,RECEPTION_ID,DELETE_DATE) values (104,'안녕하세요',to_date('24/12/03','RR/MM/DD'),1010,'Y','N','1001',null);
Insert into TBL_SEND_NOTE (SEND_NO,TITLE,SENT_DATE,SENT_ID,STATUS,TEMP_STORAGE,RECEPTION_ID,DELETE_DATE) values (110,'테스트입니다.',to_date('24/12/10','RR/MM/DD'),1010,'Y','Y','1001',null);
Insert into TBL_SEND_NOTE (SEND_NO,TITLE,SENT_DATE,SENT_ID,STATUS,TEMP_STORAGE,RECEPTION_ID,DELETE_DATE) values (111,'안녕하세요',to_date('24/12/10','RR/MM/DD'),1010,'Y','Y','10052222',null);
Insert into TBL_SEND_NOTE (SEND_NO,TITLE,SENT_DATE,SENT_ID,STATUS,TEMP_STORAGE,RECEPTION_ID,DELETE_DATE) values (108,'안녕하세요',to_date('24/12/10','RR/MM/DD'),1001,'Y','N','1010',null);
Insert into TBL_SEND_NOTE (SEND_NO,TITLE,SENT_DATE,SENT_ID,STATUS,TEMP_STORAGE,RECEPTION_ID,DELETE_DATE) values (101,'연말 고객 이벤트 준비',to_date('24/12/02','RR/MM/DD'),1001,'Y','N','1010',null);
Insert into TBL_SEND_NOTE (SEND_NO,TITLE,SENT_DATE,SENT_ID,STATUS,TEMP_STORAGE,RECEPTION_ID,DELETE_DATE) values (102,'안녕하세요',to_date('24/12/03','RR/MM/DD'),1009,'Y','N','1001',null);
Insert into TBL_SEND_NOTE (SEND_NO,TITLE,SENT_DATE,SENT_ID,STATUS,TEMP_STORAGE,RECEPTION_ID,DELETE_DATE) values (90,'내부 점검 일정 조율',to_date('24/12/02','RR/MM/DD'),null,'Y','N',null,null);
Insert into TBL_SEND_NOTE (SEND_NO,TITLE,SENT_DATE,SENT_ID,STATUS,TEMP_STORAGE,RECEPTION_ID,DELETE_DATE) values (91,'내부 점검 일정 조율',to_date('24/12/02','RR/MM/DD'),1001,'Y','N','1010',null);
Insert into TBL_SEND_NOTE (SEND_NO,TITLE,SENT_DATE,SENT_ID,STATUS,TEMP_STORAGE,RECEPTION_ID,DELETE_DATE) values (92,'월간 마케팅 프로모션 안내',to_date('24/12/02','RR/MM/DD'),1001,'Y','N','1010',null);
Insert into TBL_SEND_NOTE (SEND_NO,TITLE,SENT_DATE,SENT_ID,STATUS,TEMP_STORAGE,RECEPTION_ID,DELETE_DATE) values (93,'신입 직원 교육 관련 안내',to_date('24/12/02','RR/MM/DD'),1001,'Y','N','1010',null);
Insert into TBL_SEND_NOTE (SEND_NO,TITLE,SENT_DATE,SENT_ID,STATUS,TEMP_STORAGE,RECEPTION_ID,DELETE_DATE) values (94,'내부 점검 일정 조율',to_date('24/12/02','RR/MM/DD'),1010,'Y','N','1001',null);
Insert into TBL_SEND_NOTE (SEND_NO,TITLE,SENT_DATE,SENT_ID,STATUS,TEMP_STORAGE,RECEPTION_ID,DELETE_DATE) values (95,'월간 마케팅 프로모션 안내',to_date('24/12/02','RR/MM/DD'),1010,'Y','N',null,null);
Insert into TBL_SEND_NOTE (SEND_NO,TITLE,SENT_DATE,SENT_ID,STATUS,TEMP_STORAGE,RECEPTION_ID,DELETE_DATE) values (96,'신입 직원 교육 관련 안내',to_date('24/12/02','RR/MM/DD'),1010,'Y','N','1010',null);
Insert into TBL_SEND_NOTE (SEND_NO,TITLE,SENT_DATE,SENT_ID,STATUS,TEMP_STORAGE,RECEPTION_ID,DELETE_DATE) values (97,'월간 마케팅 프로모션 안내',to_date('24/12/02','RR/MM/DD'),1010,'Y','N','1001',null);
Insert into TBL_SEND_NOTE (SEND_NO,TITLE,SENT_DATE,SENT_ID,STATUS,TEMP_STORAGE,RECEPTION_ID,DELETE_DATE) values (98,'신입 직원 교육 관련 안내',to_date('24/12/02','RR/MM/DD'),1010,'N','N','1001',to_date('24/12/10','RR/MM/DD'));
Insert into TBL_SEND_NOTE (SEND_NO,TITLE,SENT_DATE,SENT_ID,STATUS,TEMP_STORAGE,RECEPTION_ID,DELETE_DATE) values (99,'재고 조사 요청',to_date('24/12/02','RR/MM/DD'),1001,'Y','N','1010',null);
Insert into TBL_SEND_NOTE (SEND_NO,TITLE,SENT_DATE,SENT_ID,STATUS,TEMP_STORAGE,RECEPTION_ID,DELETE_DATE) values (100,'겨울철 난방 점검 안내',to_date('24/12/02','RR/MM/DD'),1001,'Y','N','1010',null);
Insert into TBL_SEND_NOTE (SEND_NO,TITLE,SENT_DATE,SENT_ID,STATUS,TEMP_STORAGE,RECEPTION_ID,DELETE_DATE) values (88,'이번 월말 실적 보고 요청',to_date('24/12/02','RR/MM/DD'),1001,'Y','N','1010',null);
Insert into TBL_SEND_NOTE (SEND_NO,TITLE,SENT_DATE,SENT_ID,STATUS,TEMP_STORAGE,RECEPTION_ID,DELETE_DATE) values (89,'고객 불만 접수 관련',to_date('24/12/02','RR/MM/DD'),1001,'Y','N','1010',null);
REM INSERTING into TBL_VACATION
SET DEFINE OFF;
REM INSERTING into TBL_WORK
SET DEFINE OFF;
Insert into TBL_WORK (WORK_NO,EMP_NO,WORK_TYPE_CODE,WORK_DAY,WORK_START_TIME,WORK_END_TIME,WORK_PERMIT,CREATE_DATE,MODIFIER,MODIFIER_DATE,USE_YN,WORK_ATTENDANCE) values (1000294,1002,'Y',to_date('24/11/27','RR/MM/DD'),'08:31:21','18:00:28','Y',to_date('24/11/27','RR/MM/DD'),0,to_date('24/11/27','RR/MM/DD'),'Y','O');
Insert into TBL_WORK (WORK_NO,EMP_NO,WORK_TYPE_CODE,WORK_DAY,WORK_START_TIME,WORK_END_TIME,WORK_PERMIT,CREATE_DATE,MODIFIER,MODIFIER_DATE,USE_YN,WORK_ATTENDANCE) values (1000070,1002,'Y',to_date('24/11/26','RR/MM/DD'),'08:51:35',null,'Y',to_date('24/11/26','RR/MM/DD'),0,to_date('24/11/26','RR/MM/DD'),'Y','N');
Insert into TBL_WORK (WORK_NO,EMP_NO,WORK_TYPE_CODE,WORK_DAY,WORK_START_TIME,WORK_END_TIME,WORK_PERMIT,CREATE_DATE,MODIFIER,MODIFIER_DATE,USE_YN,WORK_ATTENDANCE) values (1000073,1004,'Y',to_date('24/11/26','RR/MM/DD'),null,null,'Y',to_date('24/11/26','RR/MM/DD'),0,to_date('24/11/26','RR/MM/DD'),'Y','N');
Insert into TBL_WORK (WORK_NO,EMP_NO,WORK_TYPE_CODE,WORK_DAY,WORK_START_TIME,WORK_END_TIME,WORK_PERMIT,CREATE_DATE,MODIFIER,MODIFIER_DATE,USE_YN,WORK_ATTENDANCE) values (1000074,1005,'Y',to_date('24/11/26','RR/MM/DD'),null,null,'Y',to_date('24/11/26','RR/MM/DD'),0,to_date('24/11/26','RR/MM/DD'),'Y','N');
Insert into TBL_WORK (WORK_NO,EMP_NO,WORK_TYPE_CODE,WORK_DAY,WORK_START_TIME,WORK_END_TIME,WORK_PERMIT,CREATE_DATE,MODIFIER,MODIFIER_DATE,USE_YN,WORK_ATTENDANCE) values (1000075,1006,'Y',to_date('24/11/26','RR/MM/DD'),null,null,'Y',to_date('24/11/26','RR/MM/DD'),0,to_date('24/11/26','RR/MM/DD'),'Y','N');
Insert into TBL_WORK (WORK_NO,EMP_NO,WORK_TYPE_CODE,WORK_DAY,WORK_START_TIME,WORK_END_TIME,WORK_PERMIT,CREATE_DATE,MODIFIER,MODIFIER_DATE,USE_YN,WORK_ATTENDANCE) values (1000076,1007,'Y',to_date('24/11/26','RR/MM/DD'),null,null,'Y',to_date('24/11/26','RR/MM/DD'),0,to_date('24/11/26','RR/MM/DD'),'Y','N');
Insert into TBL_WORK (WORK_NO,EMP_NO,WORK_TYPE_CODE,WORK_DAY,WORK_START_TIME,WORK_END_TIME,WORK_PERMIT,CREATE_DATE,MODIFIER,MODIFIER_DATE,USE_YN,WORK_ATTENDANCE) values (1000077,1008,'Y',to_date('24/11/26','RR/MM/DD'),null,null,'Y',to_date('24/11/26','RR/MM/DD'),0,to_date('24/11/26','RR/MM/DD'),'Y','N');
Insert into TBL_WORK (WORK_NO,EMP_NO,WORK_TYPE_CODE,WORK_DAY,WORK_START_TIME,WORK_END_TIME,WORK_PERMIT,CREATE_DATE,MODIFIER,MODIFIER_DATE,USE_YN,WORK_ATTENDANCE) values (1000078,1009,'Y',to_date('24/11/26','RR/MM/DD'),null,null,'Y',to_date('24/11/26','RR/MM/DD'),0,to_date('24/11/26','RR/MM/DD'),'Y','N');
Insert into TBL_WORK (WORK_NO,EMP_NO,WORK_TYPE_CODE,WORK_DAY,WORK_START_TIME,WORK_END_TIME,WORK_PERMIT,CREATE_DATE,MODIFIER,MODIFIER_DATE,USE_YN,WORK_ATTENDANCE) values (1000079,1010,'Y',to_date('24/11/26','RR/MM/DD'),null,null,'Y',to_date('24/11/26','RR/MM/DD'),0,to_date('24/11/26','RR/MM/DD'),'Y','N');
Insert into TBL_WORK (WORK_NO,EMP_NO,WORK_TYPE_CODE,WORK_DAY,WORK_START_TIME,WORK_END_TIME,WORK_PERMIT,CREATE_DATE,MODIFIER,MODIFIER_DATE,USE_YN,WORK_ATTENDANCE) values (1000080,1011,'Y',to_date('24/11/26','RR/MM/DD'),null,null,'Y',to_date('24/11/26','RR/MM/DD'),0,to_date('24/11/26','RR/MM/DD'),'Y','N');
Insert into TBL_WORK (WORK_NO,EMP_NO,WORK_TYPE_CODE,WORK_DAY,WORK_START_TIME,WORK_END_TIME,WORK_PERMIT,CREATE_DATE,MODIFIER,MODIFIER_DATE,USE_YN,WORK_ATTENDANCE) values (1000081,1012,'Y',to_date('24/11/26','RR/MM/DD'),null,null,'Y',to_date('24/11/26','RR/MM/DD'),0,to_date('24/11/26','RR/MM/DD'),'Y','N');
Insert into TBL_WORK (WORK_NO,EMP_NO,WORK_TYPE_CODE,WORK_DAY,WORK_START_TIME,WORK_END_TIME,WORK_PERMIT,CREATE_DATE,MODIFIER,MODIFIER_DATE,USE_YN,WORK_ATTENDANCE) values (1000082,1013,'Y',to_date('24/11/26','RR/MM/DD'),null,null,'Y',to_date('24/11/26','RR/MM/DD'),0,to_date('24/11/26','RR/MM/DD'),'Y','N');
Insert into TBL_WORK (WORK_NO,EMP_NO,WORK_TYPE_CODE,WORK_DAY,WORK_START_TIME,WORK_END_TIME,WORK_PERMIT,CREATE_DATE,MODIFIER,MODIFIER_DATE,USE_YN,WORK_ATTENDANCE) values (1000083,1014,'Y',to_date('24/11/26','RR/MM/DD'),null,null,'Y',to_date('24/11/26','RR/MM/DD'),0,to_date('24/11/26','RR/MM/DD'),'Y','N');
Insert into TBL_WORK (WORK_NO,EMP_NO,WORK_TYPE_CODE,WORK_DAY,WORK_START_TIME,WORK_END_TIME,WORK_PERMIT,CREATE_DATE,MODIFIER,MODIFIER_DATE,USE_YN,WORK_ATTENDANCE) values (1000084,1015,'Y',to_date('24/11/26','RR/MM/DD'),null,null,'Y',to_date('24/11/26','RR/MM/DD'),0,to_date('24/11/26','RR/MM/DD'),'Y','N');
Insert into TBL_WORK (WORK_NO,EMP_NO,WORK_TYPE_CODE,WORK_DAY,WORK_START_TIME,WORK_END_TIME,WORK_PERMIT,CREATE_DATE,MODIFIER,MODIFIER_DATE,USE_YN,WORK_ATTENDANCE) values (1000085,1016,'Y',to_date('24/11/26','RR/MM/DD'),null,null,'Y',to_date('24/11/26','RR/MM/DD'),0,to_date('24/11/26','RR/MM/DD'),'Y','N');
Insert into TBL_WORK (WORK_NO,EMP_NO,WORK_TYPE_CODE,WORK_DAY,WORK_START_TIME,WORK_END_TIME,WORK_PERMIT,CREATE_DATE,MODIFIER,MODIFIER_DATE,USE_YN,WORK_ATTENDANCE) values (1000086,1017,'Y',to_date('24/11/26','RR/MM/DD'),null,null,'Y',to_date('24/11/26','RR/MM/DD'),0,to_date('24/11/26','RR/MM/DD'),'Y','N');
Insert into TBL_WORK (WORK_NO,EMP_NO,WORK_TYPE_CODE,WORK_DAY,WORK_START_TIME,WORK_END_TIME,WORK_PERMIT,CREATE_DATE,MODIFIER,MODIFIER_DATE,USE_YN,WORK_ATTENDANCE) values (1000087,1018,'Y',to_date('24/11/26','RR/MM/DD'),null,null,'Y',to_date('24/11/26','RR/MM/DD'),0,to_date('24/11/26','RR/MM/DD'),'Y','N');
Insert into TBL_WORK (WORK_NO,EMP_NO,WORK_TYPE_CODE,WORK_DAY,WORK_START_TIME,WORK_END_TIME,WORK_PERMIT,CREATE_DATE,MODIFIER,MODIFIER_DATE,USE_YN,WORK_ATTENDANCE) values (1000088,1019,'Y',to_date('24/11/26','RR/MM/DD'),null,null,'Y',to_date('24/11/26','RR/MM/DD'),0,to_date('24/11/26','RR/MM/DD'),'Y','N');
Insert into TBL_WORK (WORK_NO,EMP_NO,WORK_TYPE_CODE,WORK_DAY,WORK_START_TIME,WORK_END_TIME,WORK_PERMIT,CREATE_DATE,MODIFIER,MODIFIER_DATE,USE_YN,WORK_ATTENDANCE) values (1000089,1020,'Y',to_date('24/11/26','RR/MM/DD'),null,null,'Y',to_date('24/11/26','RR/MM/DD'),0,to_date('24/11/26','RR/MM/DD'),'Y','N');
Insert into TBL_WORK (WORK_NO,EMP_NO,WORK_TYPE_CODE,WORK_DAY,WORK_START_TIME,WORK_END_TIME,WORK_PERMIT,CREATE_DATE,MODIFIER,MODIFIER_DATE,USE_YN,WORK_ATTENDANCE) values (1000090,1021,'Y',to_date('24/11/26','RR/MM/DD'),null,null,'Y',to_date('24/11/26','RR/MM/DD'),0,to_date('24/11/26','RR/MM/DD'),'Y','N');
Insert into TBL_WORK (WORK_NO,EMP_NO,WORK_TYPE_CODE,WORK_DAY,WORK_START_TIME,WORK_END_TIME,WORK_PERMIT,CREATE_DATE,MODIFIER,MODIFIER_DATE,USE_YN,WORK_ATTENDANCE) values (1000091,1022,'Y',to_date('24/11/26','RR/MM/DD'),null,null,'Y',to_date('24/11/26','RR/MM/DD'),0,to_date('24/11/26','RR/MM/DD'),'Y','N');
Insert into TBL_WORK (WORK_NO,EMP_NO,WORK_TYPE_CODE,WORK_DAY,WORK_START_TIME,WORK_END_TIME,WORK_PERMIT,CREATE_DATE,MODIFIER,MODIFIER_DATE,USE_YN,WORK_ATTENDANCE) values (1000092,1023,'Y',to_date('24/11/26','RR/MM/DD'),null,null,'Y',to_date('24/11/26','RR/MM/DD'),0,to_date('24/11/26','RR/MM/DD'),'Y','N');
Insert into TBL_WORK (WORK_NO,EMP_NO,WORK_TYPE_CODE,WORK_DAY,WORK_START_TIME,WORK_END_TIME,WORK_PERMIT,CREATE_DATE,MODIFIER,MODIFIER_DATE,USE_YN,WORK_ATTENDANCE) values (1000093,1024,'Y',to_date('24/11/26','RR/MM/DD'),null,null,'Y',to_date('24/11/26','RR/MM/DD'),0,to_date('24/11/26','RR/MM/DD'),'Y','N');
Insert into TBL_WORK (WORK_NO,EMP_NO,WORK_TYPE_CODE,WORK_DAY,WORK_START_TIME,WORK_END_TIME,WORK_PERMIT,CREATE_DATE,MODIFIER,MODIFIER_DATE,USE_YN,WORK_ATTENDANCE) values (1000094,1025,'Y',to_date('24/11/26','RR/MM/DD'),null,null,'Y',to_date('24/11/26','RR/MM/DD'),0,to_date('24/11/26','RR/MM/DD'),'Y','N');
Insert into TBL_WORK (WORK_NO,EMP_NO,WORK_TYPE_CODE,WORK_DAY,WORK_START_TIME,WORK_END_TIME,WORK_PERMIT,CREATE_DATE,MODIFIER,MODIFIER_DATE,USE_YN,WORK_ATTENDANCE) values (1000095,1026,'Y',to_date('24/11/26','RR/MM/DD'),null,null,'Y',to_date('24/11/26','RR/MM/DD'),0,to_date('24/11/26','RR/MM/DD'),'Y','N');
Insert into TBL_WORK (WORK_NO,EMP_NO,WORK_TYPE_CODE,WORK_DAY,WORK_START_TIME,WORK_END_TIME,WORK_PERMIT,CREATE_DATE,MODIFIER,MODIFIER_DATE,USE_YN,WORK_ATTENDANCE) values (1000096,1027,'Y',to_date('24/11/26','RR/MM/DD'),null,null,'Y',to_date('24/11/26','RR/MM/DD'),0,to_date('24/11/26','RR/MM/DD'),'Y','N');
Insert into TBL_WORK (WORK_NO,EMP_NO,WORK_TYPE_CODE,WORK_DAY,WORK_START_TIME,WORK_END_TIME,WORK_PERMIT,CREATE_DATE,MODIFIER,MODIFIER_DATE,USE_YN,WORK_ATTENDANCE) values (1000097,1028,'Y',to_date('24/11/26','RR/MM/DD'),null,null,'Y',to_date('24/11/26','RR/MM/DD'),0,to_date('24/11/26','RR/MM/DD'),'Y','N');
Insert into TBL_WORK (WORK_NO,EMP_NO,WORK_TYPE_CODE,WORK_DAY,WORK_START_TIME,WORK_END_TIME,WORK_PERMIT,CREATE_DATE,MODIFIER,MODIFIER_DATE,USE_YN,WORK_ATTENDANCE) values (1000098,1029,'Y',to_date('24/11/26','RR/MM/DD'),null,null,'Y',to_date('24/11/26','RR/MM/DD'),0,to_date('24/11/26','RR/MM/DD'),'Y','N');
Insert into TBL_WORK (WORK_NO,EMP_NO,WORK_TYPE_CODE,WORK_DAY,WORK_START_TIME,WORK_END_TIME,WORK_PERMIT,CREATE_DATE,MODIFIER,MODIFIER_DATE,USE_YN,WORK_ATTENDANCE) values (1000099,1030,'Y',to_date('24/11/26','RR/MM/DD'),null,null,'Y',to_date('24/11/26','RR/MM/DD'),0,to_date('24/11/26','RR/MM/DD'),'Y','N');
Insert into TBL_WORK (WORK_NO,EMP_NO,WORK_TYPE_CODE,WORK_DAY,WORK_START_TIME,WORK_END_TIME,WORK_PERMIT,CREATE_DATE,MODIFIER,MODIFIER_DATE,USE_YN,WORK_ATTENDANCE) values (1000100,1031,'Y',to_date('24/11/26','RR/MM/DD'),null,null,'Y',to_date('24/11/26','RR/MM/DD'),0,to_date('24/11/26','RR/MM/DD'),'Y','N');
Insert into TBL_WORK (WORK_NO,EMP_NO,WORK_TYPE_CODE,WORK_DAY,WORK_START_TIME,WORK_END_TIME,WORK_PERMIT,CREATE_DATE,MODIFIER,MODIFIER_DATE,USE_YN,WORK_ATTENDANCE) values (1000297,1004,'Y',to_date('24/11/27','RR/MM/DD'),null,null,'Y',to_date('24/11/27','RR/MM/DD'),0,to_date('24/11/27','RR/MM/DD'),'Y','N');
Insert into TBL_WORK (WORK_NO,EMP_NO,WORK_TYPE_CODE,WORK_DAY,WORK_START_TIME,WORK_END_TIME,WORK_PERMIT,CREATE_DATE,MODIFIER,MODIFIER_DATE,USE_YN,WORK_ATTENDANCE) values (1000298,1005,'Y',to_date('24/11/27','RR/MM/DD'),null,null,'Y',to_date('24/11/27','RR/MM/DD'),0,to_date('24/11/27','RR/MM/DD'),'Y','N');
Insert into TBL_WORK (WORK_NO,EMP_NO,WORK_TYPE_CODE,WORK_DAY,WORK_START_TIME,WORK_END_TIME,WORK_PERMIT,CREATE_DATE,MODIFIER,MODIFIER_DATE,USE_YN,WORK_ATTENDANCE) values (1000299,1006,'Y',to_date('24/11/27','RR/MM/DD'),null,null,'Y',to_date('24/11/27','RR/MM/DD'),0,to_date('24/11/27','RR/MM/DD'),'Y','N');
Insert into TBL_WORK (WORK_NO,EMP_NO,WORK_TYPE_CODE,WORK_DAY,WORK_START_TIME,WORK_END_TIME,WORK_PERMIT,CREATE_DATE,MODIFIER,MODIFIER_DATE,USE_YN,WORK_ATTENDANCE) values (1000300,1007,'Y',to_date('24/11/27','RR/MM/DD'),null,null,'Y',to_date('24/11/27','RR/MM/DD'),0,to_date('24/11/27','RR/MM/DD'),'Y','N');
Insert into TBL_WORK (WORK_NO,EMP_NO,WORK_TYPE_CODE,WORK_DAY,WORK_START_TIME,WORK_END_TIME,WORK_PERMIT,CREATE_DATE,MODIFIER,MODIFIER_DATE,USE_YN,WORK_ATTENDANCE) values (1000301,1008,'Y',to_date('24/11/27','RR/MM/DD'),null,null,'Y',to_date('24/11/27','RR/MM/DD'),0,to_date('24/11/27','RR/MM/DD'),'Y','N');
Insert into TBL_WORK (WORK_NO,EMP_NO,WORK_TYPE_CODE,WORK_DAY,WORK_START_TIME,WORK_END_TIME,WORK_PERMIT,CREATE_DATE,MODIFIER,MODIFIER_DATE,USE_YN,WORK_ATTENDANCE) values (1000302,1009,'Y',to_date('24/11/27','RR/MM/DD'),null,null,'Y',to_date('24/11/27','RR/MM/DD'),0,to_date('24/11/27','RR/MM/DD'),'Y','N');
Insert into TBL_WORK (WORK_NO,EMP_NO,WORK_TYPE_CODE,WORK_DAY,WORK_START_TIME,WORK_END_TIME,WORK_PERMIT,CREATE_DATE,MODIFIER,MODIFIER_DATE,USE_YN,WORK_ATTENDANCE) values (1000303,1010,'Y',to_date('24/11/27','RR/MM/DD'),'14:15:12','14:15:31','Y',to_date('24/11/27','RR/MM/DD'),0,to_date('24/11/27','RR/MM/DD'),'Y','N');
Insert into TBL_WORK (WORK_NO,EMP_NO,WORK_TYPE_CODE,WORK_DAY,WORK_START_TIME,WORK_END_TIME,WORK_PERMIT,CREATE_DATE,MODIFIER,MODIFIER_DATE,USE_YN,WORK_ATTENDANCE) values (1000304,1011,'Y',to_date('24/11/27','RR/MM/DD'),null,null,'Y',to_date('24/11/27','RR/MM/DD'),0,to_date('24/11/27','RR/MM/DD'),'Y','N');
Insert into TBL_WORK (WORK_NO,EMP_NO,WORK_TYPE_CODE,WORK_DAY,WORK_START_TIME,WORK_END_TIME,WORK_PERMIT,CREATE_DATE,MODIFIER,MODIFIER_DATE,USE_YN,WORK_ATTENDANCE) values (1000305,1012,'Y',to_date('24/11/27','RR/MM/DD'),null,null,'Y',to_date('24/11/27','RR/MM/DD'),0,to_date('24/11/27','RR/MM/DD'),'Y','N');
Insert into TBL_WORK (WORK_NO,EMP_NO,WORK_TYPE_CODE,WORK_DAY,WORK_START_TIME,WORK_END_TIME,WORK_PERMIT,CREATE_DATE,MODIFIER,MODIFIER_DATE,USE_YN,WORK_ATTENDANCE) values (1000306,1013,'Y',to_date('24/11/27','RR/MM/DD'),null,null,'Y',to_date('24/11/27','RR/MM/DD'),0,to_date('24/11/27','RR/MM/DD'),'Y','N');
Insert into TBL_WORK (WORK_NO,EMP_NO,WORK_TYPE_CODE,WORK_DAY,WORK_START_TIME,WORK_END_TIME,WORK_PERMIT,CREATE_DATE,MODIFIER,MODIFIER_DATE,USE_YN,WORK_ATTENDANCE) values (1000307,1014,'Y',to_date('24/11/27','RR/MM/DD'),null,null,'Y',to_date('24/11/27','RR/MM/DD'),0,to_date('24/11/27','RR/MM/DD'),'Y','N');
Insert into TBL_WORK (WORK_NO,EMP_NO,WORK_TYPE_CODE,WORK_DAY,WORK_START_TIME,WORK_END_TIME,WORK_PERMIT,CREATE_DATE,MODIFIER,MODIFIER_DATE,USE_YN,WORK_ATTENDANCE) values (1000308,1015,'Y',to_date('24/11/27','RR/MM/DD'),null,null,'Y',to_date('24/11/27','RR/MM/DD'),0,to_date('24/11/27','RR/MM/DD'),'Y','N');
Insert into TBL_WORK (WORK_NO,EMP_NO,WORK_TYPE_CODE,WORK_DAY,WORK_START_TIME,WORK_END_TIME,WORK_PERMIT,CREATE_DATE,MODIFIER,MODIFIER_DATE,USE_YN,WORK_ATTENDANCE) values (1000309,1016,'Y',to_date('24/11/27','RR/MM/DD'),null,null,'Y',to_date('24/11/27','RR/MM/DD'),0,to_date('24/11/27','RR/MM/DD'),'Y','N');
Insert into TBL_WORK (WORK_NO,EMP_NO,WORK_TYPE_CODE,WORK_DAY,WORK_START_TIME,WORK_END_TIME,WORK_PERMIT,CREATE_DATE,MODIFIER,MODIFIER_DATE,USE_YN,WORK_ATTENDANCE) values (1000310,1017,'Y',to_date('24/11/27','RR/MM/DD'),null,null,'Y',to_date('24/11/27','RR/MM/DD'),0,to_date('24/11/27','RR/MM/DD'),'Y','N');
Insert into TBL_WORK (WORK_NO,EMP_NO,WORK_TYPE_CODE,WORK_DAY,WORK_START_TIME,WORK_END_TIME,WORK_PERMIT,CREATE_DATE,MODIFIER,MODIFIER_DATE,USE_YN,WORK_ATTENDANCE) values (1000311,1018,'Y',to_date('24/11/27','RR/MM/DD'),null,null,'Y',to_date('24/11/27','RR/MM/DD'),0,to_date('24/11/27','RR/MM/DD'),'Y','N');
Insert into TBL_WORK (WORK_NO,EMP_NO,WORK_TYPE_CODE,WORK_DAY,WORK_START_TIME,WORK_END_TIME,WORK_PERMIT,CREATE_DATE,MODIFIER,MODIFIER_DATE,USE_YN,WORK_ATTENDANCE) values (1000312,1019,'Y',to_date('24/11/27','RR/MM/DD'),null,null,'Y',to_date('24/11/27','RR/MM/DD'),0,to_date('24/11/27','RR/MM/DD'),'Y','N');
Insert into TBL_WORK (WORK_NO,EMP_NO,WORK_TYPE_CODE,WORK_DAY,WORK_START_TIME,WORK_END_TIME,WORK_PERMIT,CREATE_DATE,MODIFIER,MODIFIER_DATE,USE_YN,WORK_ATTENDANCE) values (1000313,1020,'Y',to_date('24/11/27','RR/MM/DD'),null,null,'Y',to_date('24/11/27','RR/MM/DD'),0,to_date('24/11/27','RR/MM/DD'),'Y','N');
Insert into TBL_WORK (WORK_NO,EMP_NO,WORK_TYPE_CODE,WORK_DAY,WORK_START_TIME,WORK_END_TIME,WORK_PERMIT,CREATE_DATE,MODIFIER,MODIFIER_DATE,USE_YN,WORK_ATTENDANCE) values (1000314,1021,'Y',to_date('24/11/27','RR/MM/DD'),null,null,'Y',to_date('24/11/27','RR/MM/DD'),0,to_date('24/11/27','RR/MM/DD'),'Y','N');
Insert into TBL_WORK (WORK_NO,EMP_NO,WORK_TYPE_CODE,WORK_DAY,WORK_START_TIME,WORK_END_TIME,WORK_PERMIT,CREATE_DATE,MODIFIER,MODIFIER_DATE,USE_YN,WORK_ATTENDANCE) values (1000315,1022,'Y',to_date('24/11/27','RR/MM/DD'),null,null,'Y',to_date('24/11/27','RR/MM/DD'),0,to_date('24/11/27','RR/MM/DD'),'Y','N');
Insert into TBL_WORK (WORK_NO,EMP_NO,WORK_TYPE_CODE,WORK_DAY,WORK_START_TIME,WORK_END_TIME,WORK_PERMIT,CREATE_DATE,MODIFIER,MODIFIER_DATE,USE_YN,WORK_ATTENDANCE) values (1000316,1023,'Y',to_date('24/11/27','RR/MM/DD'),null,null,'Y',to_date('24/11/27','RR/MM/DD'),0,to_date('24/11/27','RR/MM/DD'),'Y','N');
Insert into TBL_WORK (WORK_NO,EMP_NO,WORK_TYPE_CODE,WORK_DAY,WORK_START_TIME,WORK_END_TIME,WORK_PERMIT,CREATE_DATE,MODIFIER,MODIFIER_DATE,USE_YN,WORK_ATTENDANCE) values (1000317,1024,'Y',to_date('24/11/27','RR/MM/DD'),null,null,'Y',to_date('24/11/27','RR/MM/DD'),0,to_date('24/11/27','RR/MM/DD'),'Y','N');
Insert into TBL_WORK (WORK_NO,EMP_NO,WORK_TYPE_CODE,WORK_DAY,WORK_START_TIME,WORK_END_TIME,WORK_PERMIT,CREATE_DATE,MODIFIER,MODIFIER_DATE,USE_YN,WORK_ATTENDANCE) values (1000318,1025,'Y',to_date('24/11/27','RR/MM/DD'),null,null,'Y',to_date('24/11/27','RR/MM/DD'),0,to_date('24/11/27','RR/MM/DD'),'Y','N');
Insert into TBL_WORK (WORK_NO,EMP_NO,WORK_TYPE_CODE,WORK_DAY,WORK_START_TIME,WORK_END_TIME,WORK_PERMIT,CREATE_DATE,MODIFIER,MODIFIER_DATE,USE_YN,WORK_ATTENDANCE) values (1000319,1026,'Y',to_date('24/11/27','RR/MM/DD'),null,null,'Y',to_date('24/11/27','RR/MM/DD'),0,to_date('24/11/27','RR/MM/DD'),'Y','N');
Insert into TBL_WORK (WORK_NO,EMP_NO,WORK_TYPE_CODE,WORK_DAY,WORK_START_TIME,WORK_END_TIME,WORK_PERMIT,CREATE_DATE,MODIFIER,MODIFIER_DATE,USE_YN,WORK_ATTENDANCE) values (1000320,1027,'Y',to_date('24/11/27','RR/MM/DD'),null,null,'Y',to_date('24/11/27','RR/MM/DD'),0,to_date('24/11/27','RR/MM/DD'),'Y','N');
Insert into TBL_WORK (WORK_NO,EMP_NO,WORK_TYPE_CODE,WORK_DAY,WORK_START_TIME,WORK_END_TIME,WORK_PERMIT,CREATE_DATE,MODIFIER,MODIFIER_DATE,USE_YN,WORK_ATTENDANCE) values (1000321,1028,'Y',to_date('24/11/27','RR/MM/DD'),null,null,'Y',to_date('24/11/27','RR/MM/DD'),0,to_date('24/11/27','RR/MM/DD'),'Y','N');
Insert into TBL_WORK (WORK_NO,EMP_NO,WORK_TYPE_CODE,WORK_DAY,WORK_START_TIME,WORK_END_TIME,WORK_PERMIT,CREATE_DATE,MODIFIER,MODIFIER_DATE,USE_YN,WORK_ATTENDANCE) values (1000322,1029,'Y',to_date('24/11/27','RR/MM/DD'),null,null,'Y',to_date('24/11/27','RR/MM/DD'),0,to_date('24/11/27','RR/MM/DD'),'Y','N');
Insert into TBL_WORK (WORK_NO,EMP_NO,WORK_TYPE_CODE,WORK_DAY,WORK_START_TIME,WORK_END_TIME,WORK_PERMIT,CREATE_DATE,MODIFIER,MODIFIER_DATE,USE_YN,WORK_ATTENDANCE) values (1000323,1030,'Y',to_date('24/11/27','RR/MM/DD'),null,null,'Y',to_date('24/11/27','RR/MM/DD'),0,to_date('24/11/27','RR/MM/DD'),'Y','N');
Insert into TBL_WORK (WORK_NO,EMP_NO,WORK_TYPE_CODE,WORK_DAY,WORK_START_TIME,WORK_END_TIME,WORK_PERMIT,CREATE_DATE,MODIFIER,MODIFIER_DATE,USE_YN,WORK_ATTENDANCE) values (1000324,1031,'Y',to_date('24/11/27','RR/MM/DD'),null,null,'Y',to_date('24/11/27','RR/MM/DD'),0,to_date('24/11/27','RR/MM/DD'),'Y','N');
Insert into TBL_WORK (WORK_NO,EMP_NO,WORK_TYPE_CODE,WORK_DAY,WORK_START_TIME,WORK_END_TIME,WORK_PERMIT,CREATE_DATE,MODIFIER,MODIFIER_DATE,USE_YN,WORK_ATTENDANCE) values (1000325,1033,'Y',to_date('24/11/27','RR/MM/DD'),null,null,'Y',to_date('24/11/27','RR/MM/DD'),0,to_date('24/11/27','RR/MM/DD'),'Y','N');
Insert into TBL_WORK (WORK_NO,EMP_NO,WORK_TYPE_CODE,WORK_DAY,WORK_START_TIME,WORK_END_TIME,WORK_PERMIT,CREATE_DATE,MODIFIER,MODIFIER_DATE,USE_YN,WORK_ATTENDANCE) values (1000326,1002,'Y',to_date('24/11/28','RR/MM/DD'),'08:57:19','15:00:28','Y',to_date('24/11/28','RR/MM/DD'),0,to_date('24/11/28','RR/MM/DD'),'Y','J');
Insert into TBL_WORK (WORK_NO,EMP_NO,WORK_TYPE_CODE,WORK_DAY,WORK_START_TIME,WORK_END_TIME,WORK_PERMIT,CREATE_DATE,MODIFIER,MODIFIER_DATE,USE_YN,WORK_ATTENDANCE) values (1000329,1004,'Y',to_date('24/11/28','RR/MM/DD'),'09:12:38',null,'Y',to_date('24/11/28','RR/MM/DD'),0,to_date('24/11/28','RR/MM/DD'),'Y','N');
Insert into TBL_WORK (WORK_NO,EMP_NO,WORK_TYPE_CODE,WORK_DAY,WORK_START_TIME,WORK_END_TIME,WORK_PERMIT,CREATE_DATE,MODIFIER,MODIFIER_DATE,USE_YN,WORK_ATTENDANCE) values (1000330,1005,'Y',to_date('24/11/28','RR/MM/DD'),'08:57:19',null,'Y',to_date('24/11/28','RR/MM/DD'),0,to_date('24/11/28','RR/MM/DD'),'Y','N');
Insert into TBL_WORK (WORK_NO,EMP_NO,WORK_TYPE_CODE,WORK_DAY,WORK_START_TIME,WORK_END_TIME,WORK_PERMIT,CREATE_DATE,MODIFIER,MODIFIER_DATE,USE_YN,WORK_ATTENDANCE) values (1000331,1006,'Y',to_date('24/11/28','RR/MM/DD'),'09:12:38',null,'Y',to_date('24/11/28','RR/MM/DD'),0,to_date('24/11/28','RR/MM/DD'),'Y','N');
Insert into TBL_WORK (WORK_NO,EMP_NO,WORK_TYPE_CODE,WORK_DAY,WORK_START_TIME,WORK_END_TIME,WORK_PERMIT,CREATE_DATE,MODIFIER,MODIFIER_DATE,USE_YN,WORK_ATTENDANCE) values (1000332,1007,'Y',to_date('24/11/28','RR/MM/DD'),null,null,'Y',to_date('24/11/28','RR/MM/DD'),0,to_date('24/11/28','RR/MM/DD'),'Y','N');
Insert into TBL_WORK (WORK_NO,EMP_NO,WORK_TYPE_CODE,WORK_DAY,WORK_START_TIME,WORK_END_TIME,WORK_PERMIT,CREATE_DATE,MODIFIER,MODIFIER_DATE,USE_YN,WORK_ATTENDANCE) values (1000333,1008,'Y',to_date('24/11/28','RR/MM/DD'),null,null,'Y',to_date('24/11/28','RR/MM/DD'),0,to_date('24/11/28','RR/MM/DD'),'Y','N');
Insert into TBL_WORK (WORK_NO,EMP_NO,WORK_TYPE_CODE,WORK_DAY,WORK_START_TIME,WORK_END_TIME,WORK_PERMIT,CREATE_DATE,MODIFIER,MODIFIER_DATE,USE_YN,WORK_ATTENDANCE) values (1000334,1009,'Y',to_date('24/11/28','RR/MM/DD'),null,null,'Y',to_date('24/11/28','RR/MM/DD'),0,to_date('24/11/28','RR/MM/DD'),'Y','N');
Insert into TBL_WORK (WORK_NO,EMP_NO,WORK_TYPE_CODE,WORK_DAY,WORK_START_TIME,WORK_END_TIME,WORK_PERMIT,CREATE_DATE,MODIFIER,MODIFIER_DATE,USE_YN,WORK_ATTENDANCE) values (1000335,1010,'Y',to_date('24/11/28','RR/MM/DD'),null,null,'Y',to_date('24/11/28','RR/MM/DD'),0,to_date('24/11/28','RR/MM/DD'),'Y','N');
Insert into TBL_WORK (WORK_NO,EMP_NO,WORK_TYPE_CODE,WORK_DAY,WORK_START_TIME,WORK_END_TIME,WORK_PERMIT,CREATE_DATE,MODIFIER,MODIFIER_DATE,USE_YN,WORK_ATTENDANCE) values (1000336,1011,'Y',to_date('24/11/28','RR/MM/DD'),null,null,'Y',to_date('24/11/28','RR/MM/DD'),0,to_date('24/11/28','RR/MM/DD'),'Y','N');
Insert into TBL_WORK (WORK_NO,EMP_NO,WORK_TYPE_CODE,WORK_DAY,WORK_START_TIME,WORK_END_TIME,WORK_PERMIT,CREATE_DATE,MODIFIER,MODIFIER_DATE,USE_YN,WORK_ATTENDANCE) values (1000337,1012,'Y',to_date('24/11/28','RR/MM/DD'),null,null,'Y',to_date('24/11/28','RR/MM/DD'),0,to_date('24/11/28','RR/MM/DD'),'Y','N');
Insert into TBL_WORK (WORK_NO,EMP_NO,WORK_TYPE_CODE,WORK_DAY,WORK_START_TIME,WORK_END_TIME,WORK_PERMIT,CREATE_DATE,MODIFIER,MODIFIER_DATE,USE_YN,WORK_ATTENDANCE) values (1000338,1013,'Y',to_date('24/11/28','RR/MM/DD'),null,null,'Y',to_date('24/11/28','RR/MM/DD'),0,to_date('24/11/28','RR/MM/DD'),'Y','N');
Insert into TBL_WORK (WORK_NO,EMP_NO,WORK_TYPE_CODE,WORK_DAY,WORK_START_TIME,WORK_END_TIME,WORK_PERMIT,CREATE_DATE,MODIFIER,MODIFIER_DATE,USE_YN,WORK_ATTENDANCE) values (1000339,1014,'Y',to_date('24/11/28','RR/MM/DD'),null,null,'Y',to_date('24/11/28','RR/MM/DD'),0,to_date('24/11/28','RR/MM/DD'),'Y','N');
Insert into TBL_WORK (WORK_NO,EMP_NO,WORK_TYPE_CODE,WORK_DAY,WORK_START_TIME,WORK_END_TIME,WORK_PERMIT,CREATE_DATE,MODIFIER,MODIFIER_DATE,USE_YN,WORK_ATTENDANCE) values (1000340,1015,'Y',to_date('24/11/28','RR/MM/DD'),null,null,'Y',to_date('24/11/28','RR/MM/DD'),0,to_date('24/11/28','RR/MM/DD'),'Y','N');
Insert into TBL_WORK (WORK_NO,EMP_NO,WORK_TYPE_CODE,WORK_DAY,WORK_START_TIME,WORK_END_TIME,WORK_PERMIT,CREATE_DATE,MODIFIER,MODIFIER_DATE,USE_YN,WORK_ATTENDANCE) values (1000341,1016,'Y',to_date('24/11/28','RR/MM/DD'),null,null,'Y',to_date('24/11/28','RR/MM/DD'),0,to_date('24/11/28','RR/MM/DD'),'Y','N');
Insert into TBL_WORK (WORK_NO,EMP_NO,WORK_TYPE_CODE,WORK_DAY,WORK_START_TIME,WORK_END_TIME,WORK_PERMIT,CREATE_DATE,MODIFIER,MODIFIER_DATE,USE_YN,WORK_ATTENDANCE) values (1000342,1017,'Y',to_date('24/11/28','RR/MM/DD'),null,null,'Y',to_date('24/11/28','RR/MM/DD'),0,to_date('24/11/28','RR/MM/DD'),'Y','N');
Insert into TBL_WORK (WORK_NO,EMP_NO,WORK_TYPE_CODE,WORK_DAY,WORK_START_TIME,WORK_END_TIME,WORK_PERMIT,CREATE_DATE,MODIFIER,MODIFIER_DATE,USE_YN,WORK_ATTENDANCE) values (1000343,1018,'Y',to_date('24/11/28','RR/MM/DD'),null,null,'Y',to_date('24/11/28','RR/MM/DD'),0,to_date('24/11/28','RR/MM/DD'),'Y','N');
Insert into TBL_WORK (WORK_NO,EMP_NO,WORK_TYPE_CODE,WORK_DAY,WORK_START_TIME,WORK_END_TIME,WORK_PERMIT,CREATE_DATE,MODIFIER,MODIFIER_DATE,USE_YN,WORK_ATTENDANCE) values (1000344,1019,'Y',to_date('24/11/28','RR/MM/DD'),null,null,'Y',to_date('24/11/28','RR/MM/DD'),0,to_date('24/11/28','RR/MM/DD'),'Y','N');
Insert into TBL_WORK (WORK_NO,EMP_NO,WORK_TYPE_CODE,WORK_DAY,WORK_START_TIME,WORK_END_TIME,WORK_PERMIT,CREATE_DATE,MODIFIER,MODIFIER_DATE,USE_YN,WORK_ATTENDANCE) values (1000345,1020,'Y',to_date('24/11/28','RR/MM/DD'),null,null,'Y',to_date('24/11/28','RR/MM/DD'),0,to_date('24/11/28','RR/MM/DD'),'Y','N');
Insert into TBL_WORK (WORK_NO,EMP_NO,WORK_TYPE_CODE,WORK_DAY,WORK_START_TIME,WORK_END_TIME,WORK_PERMIT,CREATE_DATE,MODIFIER,MODIFIER_DATE,USE_YN,WORK_ATTENDANCE) values (1000346,1021,'Y',to_date('24/11/28','RR/MM/DD'),null,null,'Y',to_date('24/11/28','RR/MM/DD'),0,to_date('24/11/28','RR/MM/DD'),'Y','N');
Insert into TBL_WORK (WORK_NO,EMP_NO,WORK_TYPE_CODE,WORK_DAY,WORK_START_TIME,WORK_END_TIME,WORK_PERMIT,CREATE_DATE,MODIFIER,MODIFIER_DATE,USE_YN,WORK_ATTENDANCE) values (1000347,1022,'Y',to_date('24/11/28','RR/MM/DD'),null,null,'Y',to_date('24/11/28','RR/MM/DD'),0,to_date('24/11/28','RR/MM/DD'),'Y','N');
Insert into TBL_WORK (WORK_NO,EMP_NO,WORK_TYPE_CODE,WORK_DAY,WORK_START_TIME,WORK_END_TIME,WORK_PERMIT,CREATE_DATE,MODIFIER,MODIFIER_DATE,USE_YN,WORK_ATTENDANCE) values (1000348,1023,'Y',to_date('24/11/28','RR/MM/DD'),null,null,'Y',to_date('24/11/28','RR/MM/DD'),0,to_date('24/11/28','RR/MM/DD'),'Y','N');
Insert into TBL_WORK (WORK_NO,EMP_NO,WORK_TYPE_CODE,WORK_DAY,WORK_START_TIME,WORK_END_TIME,WORK_PERMIT,CREATE_DATE,MODIFIER,MODIFIER_DATE,USE_YN,WORK_ATTENDANCE) values (1000349,1024,'Y',to_date('24/11/28','RR/MM/DD'),null,null,'Y',to_date('24/11/28','RR/MM/DD'),0,to_date('24/11/28','RR/MM/DD'),'Y','N');
Insert into TBL_WORK (WORK_NO,EMP_NO,WORK_TYPE_CODE,WORK_DAY,WORK_START_TIME,WORK_END_TIME,WORK_PERMIT,CREATE_DATE,MODIFIER,MODIFIER_DATE,USE_YN,WORK_ATTENDANCE) values (1000350,1025,'Y',to_date('24/11/28','RR/MM/DD'),null,null,'Y',to_date('24/11/28','RR/MM/DD'),0,to_date('24/11/28','RR/MM/DD'),'Y','N');
Insert into TBL_WORK (WORK_NO,EMP_NO,WORK_TYPE_CODE,WORK_DAY,WORK_START_TIME,WORK_END_TIME,WORK_PERMIT,CREATE_DATE,MODIFIER,MODIFIER_DATE,USE_YN,WORK_ATTENDANCE) values (1000351,1026,'Y',to_date('24/11/28','RR/MM/DD'),null,null,'Y',to_date('24/11/28','RR/MM/DD'),0,to_date('24/11/28','RR/MM/DD'),'Y','N');
Insert into TBL_WORK (WORK_NO,EMP_NO,WORK_TYPE_CODE,WORK_DAY,WORK_START_TIME,WORK_END_TIME,WORK_PERMIT,CREATE_DATE,MODIFIER,MODIFIER_DATE,USE_YN,WORK_ATTENDANCE) values (1000352,1027,'Y',to_date('24/11/28','RR/MM/DD'),null,null,'Y',to_date('24/11/28','RR/MM/DD'),0,to_date('24/11/28','RR/MM/DD'),'Y','N');
Insert into TBL_WORK (WORK_NO,EMP_NO,WORK_TYPE_CODE,WORK_DAY,WORK_START_TIME,WORK_END_TIME,WORK_PERMIT,CREATE_DATE,MODIFIER,MODIFIER_DATE,USE_YN,WORK_ATTENDANCE) values (1000353,1028,'Y',to_date('24/11/28','RR/MM/DD'),null,null,'Y',to_date('24/11/28','RR/MM/DD'),0,to_date('24/11/28','RR/MM/DD'),'Y','N');
Insert into TBL_WORK (WORK_NO,EMP_NO,WORK_TYPE_CODE,WORK_DAY,WORK_START_TIME,WORK_END_TIME,WORK_PERMIT,CREATE_DATE,MODIFIER,MODIFIER_DATE,USE_YN,WORK_ATTENDANCE) values (1000354,1029,'Y',to_date('24/11/28','RR/MM/DD'),null,null,'Y',to_date('24/11/28','RR/MM/DD'),0,to_date('24/11/28','RR/MM/DD'),'Y','N');
Insert into TBL_WORK (WORK_NO,EMP_NO,WORK_TYPE_CODE,WORK_DAY,WORK_START_TIME,WORK_END_TIME,WORK_PERMIT,CREATE_DATE,MODIFIER,MODIFIER_DATE,USE_YN,WORK_ATTENDANCE) values (1000355,1030,'Y',to_date('24/11/28','RR/MM/DD'),null,null,'Y',to_date('24/11/28','RR/MM/DD'),0,to_date('24/11/28','RR/MM/DD'),'Y','N');
Insert into TBL_WORK (WORK_NO,EMP_NO,WORK_TYPE_CODE,WORK_DAY,WORK_START_TIME,WORK_END_TIME,WORK_PERMIT,CREATE_DATE,MODIFIER,MODIFIER_DATE,USE_YN,WORK_ATTENDANCE) values (1000356,1031,'Y',to_date('24/11/28','RR/MM/DD'),null,null,'Y',to_date('24/11/28','RR/MM/DD'),0,to_date('24/11/28','RR/MM/DD'),'Y','N');
Insert into TBL_WORK (WORK_NO,EMP_NO,WORK_TYPE_CODE,WORK_DAY,WORK_START_TIME,WORK_END_TIME,WORK_PERMIT,CREATE_DATE,MODIFIER,MODIFIER_DATE,USE_YN,WORK_ATTENDANCE) values (1000357,1033,'Y',to_date('24/11/28','RR/MM/DD'),'09:12:38','17:45:43','Y',to_date('24/11/28','RR/MM/DD'),0,to_date('24/11/28','RR/MM/DD'),'Y','N');
Insert into TBL_WORK (WORK_NO,EMP_NO,WORK_TYPE_CODE,WORK_DAY,WORK_START_TIME,WORK_END_TIME,WORK_PERMIT,CREATE_DATE,MODIFIER,MODIFIER_DATE,USE_YN,WORK_ATTENDANCE) values (1000420,1002,'Y',to_date('24/11/29','RR/MM/DD'),'09:00:35','18:31:28','Y',to_date('24/11/29','RR/MM/DD'),0,to_date('24/11/29','RR/MM/DD'),'Y','L');
Insert into TBL_WORK (WORK_NO,EMP_NO,WORK_TYPE_CODE,WORK_DAY,WORK_START_TIME,WORK_END_TIME,WORK_PERMIT,CREATE_DATE,MODIFIER,MODIFIER_DATE,USE_YN,WORK_ATTENDANCE) values (1000423,1004,'Y',to_date('24/11/29','RR/MM/DD'),null,null,'Y',to_date('24/11/29','RR/MM/DD'),0,to_date('24/11/29','RR/MM/DD'),'Y','N');
Insert into TBL_WORK (WORK_NO,EMP_NO,WORK_TYPE_CODE,WORK_DAY,WORK_START_TIME,WORK_END_TIME,WORK_PERMIT,CREATE_DATE,MODIFIER,MODIFIER_DATE,USE_YN,WORK_ATTENDANCE) values (1000424,1005,'Y',to_date('24/11/29','RR/MM/DD'),null,null,'Y',to_date('24/11/29','RR/MM/DD'),0,to_date('24/11/29','RR/MM/DD'),'Y','N');
Insert into TBL_WORK (WORK_NO,EMP_NO,WORK_TYPE_CODE,WORK_DAY,WORK_START_TIME,WORK_END_TIME,WORK_PERMIT,CREATE_DATE,MODIFIER,MODIFIER_DATE,USE_YN,WORK_ATTENDANCE) values (1000425,1006,'Y',to_date('24/11/29','RR/MM/DD'),null,null,'Y',to_date('24/11/29','RR/MM/DD'),0,to_date('24/11/29','RR/MM/DD'),'Y','N');
Insert into TBL_WORK (WORK_NO,EMP_NO,WORK_TYPE_CODE,WORK_DAY,WORK_START_TIME,WORK_END_TIME,WORK_PERMIT,CREATE_DATE,MODIFIER,MODIFIER_DATE,USE_YN,WORK_ATTENDANCE) values (1000426,1007,'Y',to_date('24/11/29','RR/MM/DD'),null,null,'Y',to_date('24/11/29','RR/MM/DD'),0,to_date('24/11/29','RR/MM/DD'),'Y','N');
Insert into TBL_WORK (WORK_NO,EMP_NO,WORK_TYPE_CODE,WORK_DAY,WORK_START_TIME,WORK_END_TIME,WORK_PERMIT,CREATE_DATE,MODIFIER,MODIFIER_DATE,USE_YN,WORK_ATTENDANCE) values (1000427,1008,'Y',to_date('24/11/29','RR/MM/DD'),null,null,'Y',to_date('24/11/29','RR/MM/DD'),0,to_date('24/11/29','RR/MM/DD'),'Y','N');
Insert into TBL_WORK (WORK_NO,EMP_NO,WORK_TYPE_CODE,WORK_DAY,WORK_START_TIME,WORK_END_TIME,WORK_PERMIT,CREATE_DATE,MODIFIER,MODIFIER_DATE,USE_YN,WORK_ATTENDANCE) values (1000428,1009,'Y',to_date('24/11/29','RR/MM/DD'),null,null,'Y',to_date('24/11/29','RR/MM/DD'),0,to_date('24/11/29','RR/MM/DD'),'Y','N');
Insert into TBL_WORK (WORK_NO,EMP_NO,WORK_TYPE_CODE,WORK_DAY,WORK_START_TIME,WORK_END_TIME,WORK_PERMIT,CREATE_DATE,MODIFIER,MODIFIER_DATE,USE_YN,WORK_ATTENDANCE) values (1000429,1010,'Y',to_date('24/11/29','RR/MM/DD'),null,null,'Y',to_date('24/11/29','RR/MM/DD'),0,to_date('24/11/29','RR/MM/DD'),'Y','N');
Insert into TBL_WORK (WORK_NO,EMP_NO,WORK_TYPE_CODE,WORK_DAY,WORK_START_TIME,WORK_END_TIME,WORK_PERMIT,CREATE_DATE,MODIFIER,MODIFIER_DATE,USE_YN,WORK_ATTENDANCE) values (1000430,1011,'Y',to_date('24/11/29','RR/MM/DD'),null,null,'Y',to_date('24/11/29','RR/MM/DD'),0,to_date('24/11/29','RR/MM/DD'),'Y','N');
Insert into TBL_WORK (WORK_NO,EMP_NO,WORK_TYPE_CODE,WORK_DAY,WORK_START_TIME,WORK_END_TIME,WORK_PERMIT,CREATE_DATE,MODIFIER,MODIFIER_DATE,USE_YN,WORK_ATTENDANCE) values (1000431,1012,'Y',to_date('24/11/29','RR/MM/DD'),null,null,'Y',to_date('24/11/29','RR/MM/DD'),0,to_date('24/11/29','RR/MM/DD'),'Y','N');
Insert into TBL_WORK (WORK_NO,EMP_NO,WORK_TYPE_CODE,WORK_DAY,WORK_START_TIME,WORK_END_TIME,WORK_PERMIT,CREATE_DATE,MODIFIER,MODIFIER_DATE,USE_YN,WORK_ATTENDANCE) values (1000432,1013,'Y',to_date('24/11/29','RR/MM/DD'),null,null,'Y',to_date('24/11/29','RR/MM/DD'),0,to_date('24/11/29','RR/MM/DD'),'Y','N');
Insert into TBL_WORK (WORK_NO,EMP_NO,WORK_TYPE_CODE,WORK_DAY,WORK_START_TIME,WORK_END_TIME,WORK_PERMIT,CREATE_DATE,MODIFIER,MODIFIER_DATE,USE_YN,WORK_ATTENDANCE) values (1000433,1014,'Y',to_date('24/11/29','RR/MM/DD'),null,null,'Y',to_date('24/11/29','RR/MM/DD'),0,to_date('24/11/29','RR/MM/DD'),'Y','N');
Insert into TBL_WORK (WORK_NO,EMP_NO,WORK_TYPE_CODE,WORK_DAY,WORK_START_TIME,WORK_END_TIME,WORK_PERMIT,CREATE_DATE,MODIFIER,MODIFIER_DATE,USE_YN,WORK_ATTENDANCE) values (1000434,1015,'Y',to_date('24/11/29','RR/MM/DD'),null,null,'Y',to_date('24/11/29','RR/MM/DD'),0,to_date('24/11/29','RR/MM/DD'),'Y','N');
Insert into TBL_WORK (WORK_NO,EMP_NO,WORK_TYPE_CODE,WORK_DAY,WORK_START_TIME,WORK_END_TIME,WORK_PERMIT,CREATE_DATE,MODIFIER,MODIFIER_DATE,USE_YN,WORK_ATTENDANCE) values (1000435,1016,'Y',to_date('24/11/29','RR/MM/DD'),null,null,'Y',to_date('24/11/29','RR/MM/DD'),0,to_date('24/11/29','RR/MM/DD'),'Y','N');
Insert into TBL_WORK (WORK_NO,EMP_NO,WORK_TYPE_CODE,WORK_DAY,WORK_START_TIME,WORK_END_TIME,WORK_PERMIT,CREATE_DATE,MODIFIER,MODIFIER_DATE,USE_YN,WORK_ATTENDANCE) values (1000436,1017,'Y',to_date('24/11/29','RR/MM/DD'),null,null,'Y',to_date('24/11/29','RR/MM/DD'),0,to_date('24/11/29','RR/MM/DD'),'Y','N');
Insert into TBL_WORK (WORK_NO,EMP_NO,WORK_TYPE_CODE,WORK_DAY,WORK_START_TIME,WORK_END_TIME,WORK_PERMIT,CREATE_DATE,MODIFIER,MODIFIER_DATE,USE_YN,WORK_ATTENDANCE) values (1000437,1018,'Y',to_date('24/11/29','RR/MM/DD'),null,null,'Y',to_date('24/11/29','RR/MM/DD'),0,to_date('24/11/29','RR/MM/DD'),'Y','N');
Insert into TBL_WORK (WORK_NO,EMP_NO,WORK_TYPE_CODE,WORK_DAY,WORK_START_TIME,WORK_END_TIME,WORK_PERMIT,CREATE_DATE,MODIFIER,MODIFIER_DATE,USE_YN,WORK_ATTENDANCE) values (1000438,1019,'Y',to_date('24/11/29','RR/MM/DD'),null,null,'Y',to_date('24/11/29','RR/MM/DD'),0,to_date('24/11/29','RR/MM/DD'),'Y','N');
Insert into TBL_WORK (WORK_NO,EMP_NO,WORK_TYPE_CODE,WORK_DAY,WORK_START_TIME,WORK_END_TIME,WORK_PERMIT,CREATE_DATE,MODIFIER,MODIFIER_DATE,USE_YN,WORK_ATTENDANCE) values (1000439,1020,'Y',to_date('24/11/29','RR/MM/DD'),null,null,'Y',to_date('24/11/29','RR/MM/DD'),0,to_date('24/11/29','RR/MM/DD'),'Y','N');
Insert into TBL_WORK (WORK_NO,EMP_NO,WORK_TYPE_CODE,WORK_DAY,WORK_START_TIME,WORK_END_TIME,WORK_PERMIT,CREATE_DATE,MODIFIER,MODIFIER_DATE,USE_YN,WORK_ATTENDANCE) values (1000440,1021,'Y',to_date('24/11/29','RR/MM/DD'),null,null,'Y',to_date('24/11/29','RR/MM/DD'),0,to_date('24/11/29','RR/MM/DD'),'Y','N');
Insert into TBL_WORK (WORK_NO,EMP_NO,WORK_TYPE_CODE,WORK_DAY,WORK_START_TIME,WORK_END_TIME,WORK_PERMIT,CREATE_DATE,MODIFIER,MODIFIER_DATE,USE_YN,WORK_ATTENDANCE) values (1000441,1022,'Y',to_date('24/11/29','RR/MM/DD'),null,null,'Y',to_date('24/11/29','RR/MM/DD'),0,to_date('24/11/29','RR/MM/DD'),'Y','N');
Insert into TBL_WORK (WORK_NO,EMP_NO,WORK_TYPE_CODE,WORK_DAY,WORK_START_TIME,WORK_END_TIME,WORK_PERMIT,CREATE_DATE,MODIFIER,MODIFIER_DATE,USE_YN,WORK_ATTENDANCE) values (1000442,1023,'Y',to_date('24/11/29','RR/MM/DD'),null,null,'Y',to_date('24/11/29','RR/MM/DD'),0,to_date('24/11/29','RR/MM/DD'),'Y','N');
Insert into TBL_WORK (WORK_NO,EMP_NO,WORK_TYPE_CODE,WORK_DAY,WORK_START_TIME,WORK_END_TIME,WORK_PERMIT,CREATE_DATE,MODIFIER,MODIFIER_DATE,USE_YN,WORK_ATTENDANCE) values (1000443,1024,'Y',to_date('24/11/29','RR/MM/DD'),null,null,'Y',to_date('24/11/29','RR/MM/DD'),0,to_date('24/11/29','RR/MM/DD'),'Y','N');
Insert into TBL_WORK (WORK_NO,EMP_NO,WORK_TYPE_CODE,WORK_DAY,WORK_START_TIME,WORK_END_TIME,WORK_PERMIT,CREATE_DATE,MODIFIER,MODIFIER_DATE,USE_YN,WORK_ATTENDANCE) values (1000444,1025,'Y',to_date('24/11/29','RR/MM/DD'),null,null,'Y',to_date('24/11/29','RR/MM/DD'),0,to_date('24/11/29','RR/MM/DD'),'Y','N');
Insert into TBL_WORK (WORK_NO,EMP_NO,WORK_TYPE_CODE,WORK_DAY,WORK_START_TIME,WORK_END_TIME,WORK_PERMIT,CREATE_DATE,MODIFIER,MODIFIER_DATE,USE_YN,WORK_ATTENDANCE) values (1000445,1026,'Y',to_date('24/11/29','RR/MM/DD'),null,null,'Y',to_date('24/11/29','RR/MM/DD'),0,to_date('24/11/29','RR/MM/DD'),'Y','N');
Insert into TBL_WORK (WORK_NO,EMP_NO,WORK_TYPE_CODE,WORK_DAY,WORK_START_TIME,WORK_END_TIME,WORK_PERMIT,CREATE_DATE,MODIFIER,MODIFIER_DATE,USE_YN,WORK_ATTENDANCE) values (1000446,1027,'Y',to_date('24/11/29','RR/MM/DD'),null,null,'Y',to_date('24/11/29','RR/MM/DD'),0,to_date('24/11/29','RR/MM/DD'),'Y','N');
Insert into TBL_WORK (WORK_NO,EMP_NO,WORK_TYPE_CODE,WORK_DAY,WORK_START_TIME,WORK_END_TIME,WORK_PERMIT,CREATE_DATE,MODIFIER,MODIFIER_DATE,USE_YN,WORK_ATTENDANCE) values (1000447,1028,'Y',to_date('24/11/29','RR/MM/DD'),null,null,'Y',to_date('24/11/29','RR/MM/DD'),0,to_date('24/11/29','RR/MM/DD'),'Y','N');
Insert into TBL_WORK (WORK_NO,EMP_NO,WORK_TYPE_CODE,WORK_DAY,WORK_START_TIME,WORK_END_TIME,WORK_PERMIT,CREATE_DATE,MODIFIER,MODIFIER_DATE,USE_YN,WORK_ATTENDANCE) values (1000448,1029,'Y',to_date('24/11/29','RR/MM/DD'),null,null,'Y',to_date('24/11/29','RR/MM/DD'),0,to_date('24/11/29','RR/MM/DD'),'Y','N');
Insert into TBL_WORK (WORK_NO,EMP_NO,WORK_TYPE_CODE,WORK_DAY,WORK_START_TIME,WORK_END_TIME,WORK_PERMIT,CREATE_DATE,MODIFIER,MODIFIER_DATE,USE_YN,WORK_ATTENDANCE) values (1000449,1030,'Y',to_date('24/11/29','RR/MM/DD'),null,null,'Y',to_date('24/11/29','RR/MM/DD'),0,to_date('24/11/29','RR/MM/DD'),'Y','N');
Insert into TBL_WORK (WORK_NO,EMP_NO,WORK_TYPE_CODE,WORK_DAY,WORK_START_TIME,WORK_END_TIME,WORK_PERMIT,CREATE_DATE,MODIFIER,MODIFIER_DATE,USE_YN,WORK_ATTENDANCE) values (1000450,1031,'Y',to_date('24/11/29','RR/MM/DD'),null,null,'Y',to_date('24/11/29','RR/MM/DD'),0,to_date('24/11/29','RR/MM/DD'),'Y','N');
Insert into TBL_WORK (WORK_NO,EMP_NO,WORK_TYPE_CODE,WORK_DAY,WORK_START_TIME,WORK_END_TIME,WORK_PERMIT,CREATE_DATE,MODIFIER,MODIFIER_DATE,USE_YN,WORK_ATTENDANCE) values (1000451,1034,'Y',to_date('24/11/29','RR/MM/DD'),null,null,'Y',to_date('24/11/29','RR/MM/DD'),9999,to_date('24/11/29','RR/MM/DD'),'Y','N');
Insert into TBL_WORK (WORK_NO,EMP_NO,WORK_TYPE_CODE,WORK_DAY,WORK_START_TIME,WORK_END_TIME,WORK_PERMIT,CREATE_DATE,MODIFIER,MODIFIER_DATE,USE_YN,WORK_ATTENDANCE) values (1000456,1002,'Y',to_date('24/11/01','RR/MM/DD'),'08:45:10','18:00:28','Y',to_date('24/11/29','RR/MM/DD'),9999,to_date('24/11/29','RR/MM/DD'),'Y','O');
Insert into TBL_WORK (WORK_NO,EMP_NO,WORK_TYPE_CODE,WORK_DAY,WORK_START_TIME,WORK_END_TIME,WORK_PERMIT,CREATE_DATE,MODIFIER,MODIFIER_DATE,USE_YN,WORK_ATTENDANCE) values (1000453,1042,'Y',to_date('24/11/29','RR/MM/DD'),null,null,'Y',to_date('24/11/29','RR/MM/DD'),9999,to_date('24/11/29','RR/MM/DD'),'Y','N');
Insert into TBL_WORK (WORK_NO,EMP_NO,WORK_TYPE_CODE,WORK_DAY,WORK_START_TIME,WORK_END_TIME,WORK_PERMIT,CREATE_DATE,MODIFIER,MODIFIER_DATE,USE_YN,WORK_ATTENDANCE) values (1000454,1043,'Y',to_date('24/11/29','RR/MM/DD'),null,null,'Y',to_date('24/11/29','RR/MM/DD'),9999,to_date('24/11/29','RR/MM/DD'),'Y','N');
Insert into TBL_WORK (WORK_NO,EMP_NO,WORK_TYPE_CODE,WORK_DAY,WORK_START_TIME,WORK_END_TIME,WORK_PERMIT,CREATE_DATE,MODIFIER,MODIFIER_DATE,USE_YN,WORK_ATTENDANCE) values (1000455,1044,'Y',to_date('24/11/29','RR/MM/DD'),null,null,'Y',to_date('24/11/29','RR/MM/DD'),9999,to_date('24/11/29','RR/MM/DD'),'Y','N');
Insert into TBL_WORK (WORK_NO,EMP_NO,WORK_TYPE_CODE,WORK_DAY,WORK_START_TIME,WORK_END_TIME,WORK_PERMIT,CREATE_DATE,MODIFIER,MODIFIER_DATE,USE_YN,WORK_ATTENDANCE) values (1000482,1045,'Y',to_date('24/11/29','RR/MM/DD'),'17:19:01','17:25:25','Y',to_date('24/11/29','RR/MM/DD'),9999,to_date('24/11/29','RR/MM/DD'),'Y','N');
Insert into TBL_WORK (WORK_NO,EMP_NO,WORK_TYPE_CODE,WORK_DAY,WORK_START_TIME,WORK_END_TIME,WORK_PERMIT,CREATE_DATE,MODIFIER,MODIFIER_DATE,USE_YN,WORK_ATTENDANCE) values (1000459,1002,'Y',to_date('24/11/04','RR/MM/DD'),'08:51:35','18:00:28','Y',to_date('24/11/29','RR/MM/DD'),9999,to_date('24/11/29','RR/MM/DD'),'Y','O');
Insert into TBL_WORK (WORK_NO,EMP_NO,WORK_TYPE_CODE,WORK_DAY,WORK_START_TIME,WORK_END_TIME,WORK_PERMIT,CREATE_DATE,MODIFIER,MODIFIER_DATE,USE_YN,WORK_ATTENDANCE) values (1000460,1002,'Y',to_date('24/11/05','RR/MM/DD'),'08:45:10','18:01:20','Y',to_date('24/11/29','RR/MM/DD'),9999,to_date('24/11/29','RR/MM/DD'),'Y','O');
Insert into TBL_WORK (WORK_NO,EMP_NO,WORK_TYPE_CODE,WORK_DAY,WORK_START_TIME,WORK_END_TIME,WORK_PERMIT,CREATE_DATE,MODIFIER,MODIFIER_DATE,USE_YN,WORK_ATTENDANCE) values (1000462,1002,'Y',to_date('24/11/06','RR/MM/DD'),'08:51:35','18:00:28','Y',to_date('24/11/29','RR/MM/DD'),9999,to_date('24/11/29','RR/MM/DD'),'Y','O');
Insert into TBL_WORK (WORK_NO,EMP_NO,WORK_TYPE_CODE,WORK_DAY,WORK_START_TIME,WORK_END_TIME,WORK_PERMIT,CREATE_DATE,MODIFIER,MODIFIER_DATE,USE_YN,WORK_ATTENDANCE) values (1000463,1002,'Y',to_date('24/11/07','RR/MM/DD'),'08:51:35','18:01:20','Y',to_date('24/11/29','RR/MM/DD'),9999,to_date('24/11/29','RR/MM/DD'),'Y','O');
Insert into TBL_WORK (WORK_NO,EMP_NO,WORK_TYPE_CODE,WORK_DAY,WORK_START_TIME,WORK_END_TIME,WORK_PERMIT,CREATE_DATE,MODIFIER,MODIFIER_DATE,USE_YN,WORK_ATTENDANCE) values (1000464,1002,'Y',to_date('24/11/08','RR/MM/DD'),'08:45:10','18:00:28','Y',to_date('24/11/29','RR/MM/DD'),9999,to_date('24/11/29','RR/MM/DD'),'Y','J');
Insert into TBL_WORK (WORK_NO,EMP_NO,WORK_TYPE_CODE,WORK_DAY,WORK_START_TIME,WORK_END_TIME,WORK_PERMIT,CREATE_DATE,MODIFIER,MODIFIER_DATE,USE_YN,WORK_ATTENDANCE) values (1000467,1002,'Y',to_date('24/11/11','RR/MM/DD'),'08:45:10','18:31:28','Y',to_date('24/11/29','RR/MM/DD'),9999,to_date('24/11/29','RR/MM/DD'),'Y','O');
Insert into TBL_WORK (WORK_NO,EMP_NO,WORK_TYPE_CODE,WORK_DAY,WORK_START_TIME,WORK_END_TIME,WORK_PERMIT,CREATE_DATE,MODIFIER,MODIFIER_DATE,USE_YN,WORK_ATTENDANCE) values (1000468,1002,'Y',to_date('24/11/12','RR/MM/DD'),'08:51:35','18:00:28','Y',to_date('24/11/29','RR/MM/DD'),9999,to_date('24/11/29','RR/MM/DD'),'Y','O');
Insert into TBL_WORK (WORK_NO,EMP_NO,WORK_TYPE_CODE,WORK_DAY,WORK_START_TIME,WORK_END_TIME,WORK_PERMIT,CREATE_DATE,MODIFIER,MODIFIER_DATE,USE_YN,WORK_ATTENDANCE) values (1000469,1002,'Y',to_date('24/11/13','RR/MM/DD'),'08:51:35','18:00:28','Y',to_date('24/11/29','RR/MM/DD'),9999,to_date('24/11/29','RR/MM/DD'),'Y','O');
Insert into TBL_WORK (WORK_NO,EMP_NO,WORK_TYPE_CODE,WORK_DAY,WORK_START_TIME,WORK_END_TIME,WORK_PERMIT,CREATE_DATE,MODIFIER,MODIFIER_DATE,USE_YN,WORK_ATTENDANCE) values (1000470,1002,'Y',to_date('24/11/14','RR/MM/DD'),'08:51:35','18:31:28','Y',to_date('24/11/29','RR/MM/DD'),9999,to_date('24/11/29','RR/MM/DD'),'Y','O');
Insert into TBL_WORK (WORK_NO,EMP_NO,WORK_TYPE_CODE,WORK_DAY,WORK_START_TIME,WORK_END_TIME,WORK_PERMIT,CREATE_DATE,MODIFIER,MODIFIER_DATE,USE_YN,WORK_ATTENDANCE) values (1000471,1002,'Y',to_date('24/11/15','RR/MM/DD'),'08:51:35','18:00:28','Y',to_date('24/11/29','RR/MM/DD'),9999,to_date('24/11/29','RR/MM/DD'),'Y','O');
Insert into TBL_WORK (WORK_NO,EMP_NO,WORK_TYPE_CODE,WORK_DAY,WORK_START_TIME,WORK_END_TIME,WORK_PERMIT,CREATE_DATE,MODIFIER,MODIFIER_DATE,USE_YN,WORK_ATTENDANCE) values (1000474,1002,'Y',to_date('24/11/18','RR/MM/DD'),'08:51:35','18:00:28','Y',to_date('24/11/29','RR/MM/DD'),9999,to_date('24/11/29','RR/MM/DD'),'Y','O');
Insert into TBL_WORK (WORK_NO,EMP_NO,WORK_TYPE_CODE,WORK_DAY,WORK_START_TIME,WORK_END_TIME,WORK_PERMIT,CREATE_DATE,MODIFIER,MODIFIER_DATE,USE_YN,WORK_ATTENDANCE) values (1000475,1002,'Y',to_date('24/11/19','RR/MM/DD'),'08:57:19','18:00:28','Y',to_date('24/11/29','RR/MM/DD'),9999,to_date('24/11/29','RR/MM/DD'),'Y','O');
Insert into TBL_WORK (WORK_NO,EMP_NO,WORK_TYPE_CODE,WORK_DAY,WORK_START_TIME,WORK_END_TIME,WORK_PERMIT,CREATE_DATE,MODIFIER,MODIFIER_DATE,USE_YN,WORK_ATTENDANCE) values (1000476,1002,'Y',to_date('24/11/20','RR/MM/DD'),'08:51:35','18:31:28','Y',to_date('24/11/29','RR/MM/DD'),9999,to_date('24/11/29','RR/MM/DD'),'Y','O');
Insert into TBL_WORK (WORK_NO,EMP_NO,WORK_TYPE_CODE,WORK_DAY,WORK_START_TIME,WORK_END_TIME,WORK_PERMIT,CREATE_DATE,MODIFIER,MODIFIER_DATE,USE_YN,WORK_ATTENDANCE) values (1000477,1002,'Y',to_date('24/11/21','RR/MM/DD'),'08:51:35','18:31:28','Y',to_date('24/11/29','RR/MM/DD'),9999,to_date('24/11/29','RR/MM/DD'),'Y','O');
Insert into TBL_WORK (WORK_NO,EMP_NO,WORK_TYPE_CODE,WORK_DAY,WORK_START_TIME,WORK_END_TIME,WORK_PERMIT,CREATE_DATE,MODIFIER,MODIFIER_DATE,USE_YN,WORK_ATTENDANCE) values (1000478,1002,'Y',to_date('24/11/22','RR/MM/DD'),'08:51:35','18:00:28','Y',to_date('24/11/29','RR/MM/DD'),9999,to_date('24/11/29','RR/MM/DD'),'Y','O');
Insert into TBL_WORK (WORK_NO,EMP_NO,WORK_TYPE_CODE,WORK_DAY,WORK_START_TIME,WORK_END_TIME,WORK_PERMIT,CREATE_DATE,MODIFIER,MODIFIER_DATE,USE_YN,WORK_ATTENDANCE) values (1000481,1002,'Y',to_date('24/11/25','RR/MM/DD'),'08:57:19','18:31:28','Y',to_date('24/11/29','RR/MM/DD'),9999,to_date('24/11/29','RR/MM/DD'),'Y','O');
Insert into TBL_WORK (WORK_NO,EMP_NO,WORK_TYPE_CODE,WORK_DAY,WORK_START_TIME,WORK_END_TIME,WORK_PERMIT,CREATE_DATE,MODIFIER,MODIFIER_DATE,USE_YN,WORK_ATTENDANCE) values (1000579,1002,'Y',to_date('24/12/02','RR/MM/DD'),'08:51:35','10:31:28','Y',to_date('24/12/02','RR/MM/DD'),9999,to_date('24/12/02','RR/MM/DD'),'Y','N');
Insert into TBL_WORK (WORK_NO,EMP_NO,WORK_TYPE_CODE,WORK_DAY,WORK_START_TIME,WORK_END_TIME,WORK_PERMIT,CREATE_DATE,MODIFIER,MODIFIER_DATE,USE_YN,WORK_ATTENDANCE) values (1000582,1004,'Y',to_date('24/12/02','RR/MM/DD'),'14:35:24',null,'Y',to_date('24/12/02','RR/MM/DD'),9999,to_date('24/12/02','RR/MM/DD'),'Y','N');
Insert into TBL_WORK (WORK_NO,EMP_NO,WORK_TYPE_CODE,WORK_DAY,WORK_START_TIME,WORK_END_TIME,WORK_PERMIT,CREATE_DATE,MODIFIER,MODIFIER_DATE,USE_YN,WORK_ATTENDANCE) values (1000583,1005,'Y',to_date('24/12/02','RR/MM/DD'),'14:36:36','14:36:41','Y',to_date('24/12/02','RR/MM/DD'),9999,to_date('24/12/02','RR/MM/DD'),'Y','N');
Insert into TBL_WORK (WORK_NO,EMP_NO,WORK_TYPE_CODE,WORK_DAY,WORK_START_TIME,WORK_END_TIME,WORK_PERMIT,CREATE_DATE,MODIFIER,MODIFIER_DATE,USE_YN,WORK_ATTENDANCE) values (1000584,1006,'Y',to_date('24/12/02','RR/MM/DD'),'14:37:51',null,'Y',to_date('24/12/02','RR/MM/DD'),9999,to_date('24/12/02','RR/MM/DD'),'Y','N');
Insert into TBL_WORK (WORK_NO,EMP_NO,WORK_TYPE_CODE,WORK_DAY,WORK_START_TIME,WORK_END_TIME,WORK_PERMIT,CREATE_DATE,MODIFIER,MODIFIER_DATE,USE_YN,WORK_ATTENDANCE) values (1000585,1007,'Y',to_date('24/12/02','RR/MM/DD'),'14:38:08',null,'Y',to_date('24/12/02','RR/MM/DD'),9999,to_date('24/12/02','RR/MM/DD'),'Y','N');
Insert into TBL_WORK (WORK_NO,EMP_NO,WORK_TYPE_CODE,WORK_DAY,WORK_START_TIME,WORK_END_TIME,WORK_PERMIT,CREATE_DATE,MODIFIER,MODIFIER_DATE,USE_YN,WORK_ATTENDANCE) values (1000586,1008,'Y',to_date('24/12/02','RR/MM/DD'),'14:40:49','14:49:44','Y',to_date('24/12/02','RR/MM/DD'),9999,to_date('24/12/02','RR/MM/DD'),'Y','N');
Insert into TBL_WORK (WORK_NO,EMP_NO,WORK_TYPE_CODE,WORK_DAY,WORK_START_TIME,WORK_END_TIME,WORK_PERMIT,CREATE_DATE,MODIFIER,MODIFIER_DATE,USE_YN,WORK_ATTENDANCE) values (1000587,1003,'Y',to_date('24/12/03','RR/MM/DD'),null,null,'Y',to_date('24/12/03','RR/MM/DD'),9999,to_date('24/12/03','RR/MM/DD'),'Y','N');
Insert into TBL_WORK (WORK_NO,EMP_NO,WORK_TYPE_CODE,WORK_DAY,WORK_START_TIME,WORK_END_TIME,WORK_PERMIT,CREATE_DATE,MODIFIER,MODIFIER_DATE,USE_YN,WORK_ATTENDANCE) values (1000588,1010,'Y',to_date('24/12/02','RR/MM/DD'),'14:31:10','23:19:36','Y',to_date('24/12/02','RR/MM/DD'),9999,to_date('24/12/02','RR/MM/DD'),'Y','J');
Insert into TBL_WORK (WORK_NO,EMP_NO,WORK_TYPE_CODE,WORK_DAY,WORK_START_TIME,WORK_END_TIME,WORK_PERMIT,CREATE_DATE,MODIFIER,MODIFIER_DATE,USE_YN,WORK_ATTENDANCE) values (1000589,1011,'Y',to_date('24/12/02','RR/MM/DD'),null,null,'Y',to_date('24/12/02','RR/MM/DD'),9999,to_date('24/12/02','RR/MM/DD'),'Y','N');
Insert into TBL_WORK (WORK_NO,EMP_NO,WORK_TYPE_CODE,WORK_DAY,WORK_START_TIME,WORK_END_TIME,WORK_PERMIT,CREATE_DATE,MODIFIER,MODIFIER_DATE,USE_YN,WORK_ATTENDANCE) values (1000590,1012,'Y',to_date('24/12/02','RR/MM/DD'),null,null,'Y',to_date('24/12/02','RR/MM/DD'),9999,to_date('24/12/02','RR/MM/DD'),'Y','N');
Insert into TBL_WORK (WORK_NO,EMP_NO,WORK_TYPE_CODE,WORK_DAY,WORK_START_TIME,WORK_END_TIME,WORK_PERMIT,CREATE_DATE,MODIFIER,MODIFIER_DATE,USE_YN,WORK_ATTENDANCE) values (1000591,1013,'Y',to_date('24/12/02','RR/MM/DD'),null,null,'Y',to_date('24/12/02','RR/MM/DD'),9999,to_date('24/12/02','RR/MM/DD'),'Y','N');
Insert into TBL_WORK (WORK_NO,EMP_NO,WORK_TYPE_CODE,WORK_DAY,WORK_START_TIME,WORK_END_TIME,WORK_PERMIT,CREATE_DATE,MODIFIER,MODIFIER_DATE,USE_YN,WORK_ATTENDANCE) values (1000592,1014,'Y',to_date('24/12/02','RR/MM/DD'),null,null,'Y',to_date('24/12/02','RR/MM/DD'),9999,to_date('24/12/02','RR/MM/DD'),'Y','N');
Insert into TBL_WORK (WORK_NO,EMP_NO,WORK_TYPE_CODE,WORK_DAY,WORK_START_TIME,WORK_END_TIME,WORK_PERMIT,CREATE_DATE,MODIFIER,MODIFIER_DATE,USE_YN,WORK_ATTENDANCE) values (1000593,1015,'Y',to_date('24/12/02','RR/MM/DD'),null,null,'Y',to_date('24/12/02','RR/MM/DD'),9999,to_date('24/12/02','RR/MM/DD'),'Y','N');
Insert into TBL_WORK (WORK_NO,EMP_NO,WORK_TYPE_CODE,WORK_DAY,WORK_START_TIME,WORK_END_TIME,WORK_PERMIT,CREATE_DATE,MODIFIER,MODIFIER_DATE,USE_YN,WORK_ATTENDANCE) values (1000594,1016,'Y',to_date('24/12/02','RR/MM/DD'),null,null,'Y',to_date('24/12/02','RR/MM/DD'),9999,to_date('24/12/02','RR/MM/DD'),'Y','N');
Insert into TBL_WORK (WORK_NO,EMP_NO,WORK_TYPE_CODE,WORK_DAY,WORK_START_TIME,WORK_END_TIME,WORK_PERMIT,CREATE_DATE,MODIFIER,MODIFIER_DATE,USE_YN,WORK_ATTENDANCE) values (1000595,1017,'Y',to_date('24/12/02','RR/MM/DD'),null,null,'Y',to_date('24/12/02','RR/MM/DD'),9999,to_date('24/12/02','RR/MM/DD'),'Y','N');
Insert into TBL_WORK (WORK_NO,EMP_NO,WORK_TYPE_CODE,WORK_DAY,WORK_START_TIME,WORK_END_TIME,WORK_PERMIT,CREATE_DATE,MODIFIER,MODIFIER_DATE,USE_YN,WORK_ATTENDANCE) values (1000596,1019,'Y',to_date('24/12/02','RR/MM/DD'),null,null,'Y',to_date('24/12/02','RR/MM/DD'),9999,to_date('24/12/02','RR/MM/DD'),'Y','N');
Insert into TBL_WORK (WORK_NO,EMP_NO,WORK_TYPE_CODE,WORK_DAY,WORK_START_TIME,WORK_END_TIME,WORK_PERMIT,CREATE_DATE,MODIFIER,MODIFIER_DATE,USE_YN,WORK_ATTENDANCE) values (1000597,1020,'Y',to_date('24/12/02','RR/MM/DD'),null,null,'Y',to_date('24/12/02','RR/MM/DD'),9999,to_date('24/12/02','RR/MM/DD'),'Y','N');
Insert into TBL_WORK (WORK_NO,EMP_NO,WORK_TYPE_CODE,WORK_DAY,WORK_START_TIME,WORK_END_TIME,WORK_PERMIT,CREATE_DATE,MODIFIER,MODIFIER_DATE,USE_YN,WORK_ATTENDANCE) values (1000598,1021,'Y',to_date('24/12/02','RR/MM/DD'),null,null,'Y',to_date('24/12/02','RR/MM/DD'),9999,to_date('24/12/02','RR/MM/DD'),'Y','N');
Insert into TBL_WORK (WORK_NO,EMP_NO,WORK_TYPE_CODE,WORK_DAY,WORK_START_TIME,WORK_END_TIME,WORK_PERMIT,CREATE_DATE,MODIFIER,MODIFIER_DATE,USE_YN,WORK_ATTENDANCE) values (1000599,1022,'Y',to_date('24/12/02','RR/MM/DD'),null,null,'Y',to_date('24/12/02','RR/MM/DD'),9999,to_date('24/12/02','RR/MM/DD'),'Y','N');
Insert into TBL_WORK (WORK_NO,EMP_NO,WORK_TYPE_CODE,WORK_DAY,WORK_START_TIME,WORK_END_TIME,WORK_PERMIT,CREATE_DATE,MODIFIER,MODIFIER_DATE,USE_YN,WORK_ATTENDANCE) values (1000600,1023,'Y',to_date('24/12/02','RR/MM/DD'),null,null,'Y',to_date('24/12/02','RR/MM/DD'),9999,to_date('24/12/02','RR/MM/DD'),'Y','N');
Insert into TBL_WORK (WORK_NO,EMP_NO,WORK_TYPE_CODE,WORK_DAY,WORK_START_TIME,WORK_END_TIME,WORK_PERMIT,CREATE_DATE,MODIFIER,MODIFIER_DATE,USE_YN,WORK_ATTENDANCE) values (1000601,1025,'Y',to_date('24/12/02','RR/MM/DD'),null,null,'Y',to_date('24/12/02','RR/MM/DD'),9999,to_date('24/12/02','RR/MM/DD'),'Y','N');
Insert into TBL_WORK (WORK_NO,EMP_NO,WORK_TYPE_CODE,WORK_DAY,WORK_START_TIME,WORK_END_TIME,WORK_PERMIT,CREATE_DATE,MODIFIER,MODIFIER_DATE,USE_YN,WORK_ATTENDANCE) values (1000602,1026,'Y',to_date('24/12/02','RR/MM/DD'),null,null,'Y',to_date('24/12/02','RR/MM/DD'),9999,to_date('24/12/02','RR/MM/DD'),'Y','N');
Insert into TBL_WORK (WORK_NO,EMP_NO,WORK_TYPE_CODE,WORK_DAY,WORK_START_TIME,WORK_END_TIME,WORK_PERMIT,CREATE_DATE,MODIFIER,MODIFIER_DATE,USE_YN,WORK_ATTENDANCE) values (1000603,1027,'Y',to_date('24/12/02','RR/MM/DD'),null,null,'Y',to_date('24/12/02','RR/MM/DD'),9999,to_date('24/12/02','RR/MM/DD'),'Y','N');
Insert into TBL_WORK (WORK_NO,EMP_NO,WORK_TYPE_CODE,WORK_DAY,WORK_START_TIME,WORK_END_TIME,WORK_PERMIT,CREATE_DATE,MODIFIER,MODIFIER_DATE,USE_YN,WORK_ATTENDANCE) values (1000604,1028,'Y',to_date('24/12/02','RR/MM/DD'),null,null,'Y',to_date('24/12/02','RR/MM/DD'),9999,to_date('24/12/02','RR/MM/DD'),'Y','N');
Insert into TBL_WORK (WORK_NO,EMP_NO,WORK_TYPE_CODE,WORK_DAY,WORK_START_TIME,WORK_END_TIME,WORK_PERMIT,CREATE_DATE,MODIFIER,MODIFIER_DATE,USE_YN,WORK_ATTENDANCE) values (1000605,1029,'Y',to_date('24/12/02','RR/MM/DD'),null,null,'Y',to_date('24/12/02','RR/MM/DD'),9999,to_date('24/12/02','RR/MM/DD'),'Y','N');
Insert into TBL_WORK (WORK_NO,EMP_NO,WORK_TYPE_CODE,WORK_DAY,WORK_START_TIME,WORK_END_TIME,WORK_PERMIT,CREATE_DATE,MODIFIER,MODIFIER_DATE,USE_YN,WORK_ATTENDANCE) values (1000606,1030,'Y',to_date('24/12/02','RR/MM/DD'),null,null,'Y',to_date('24/12/02','RR/MM/DD'),9999,to_date('24/12/02','RR/MM/DD'),'Y','N');
Insert into TBL_WORK (WORK_NO,EMP_NO,WORK_TYPE_CODE,WORK_DAY,WORK_START_TIME,WORK_END_TIME,WORK_PERMIT,CREATE_DATE,MODIFIER,MODIFIER_DATE,USE_YN,WORK_ATTENDANCE) values (1000607,1031,'Y',to_date('24/12/02','RR/MM/DD'),null,null,'Y',to_date('24/12/02','RR/MM/DD'),9999,to_date('24/12/02','RR/MM/DD'),'Y','N');
Insert into TBL_WORK (WORK_NO,EMP_NO,WORK_TYPE_CODE,WORK_DAY,WORK_START_TIME,WORK_END_TIME,WORK_PERMIT,CREATE_DATE,MODIFIER,MODIFIER_DATE,USE_YN,WORK_ATTENDANCE) values (1000608,1018,'Y',to_date('24/12/02','RR/MM/DD'),'14:39:52',null,'Y',to_date('24/12/02','RR/MM/DD'),9999,to_date('24/12/02','RR/MM/DD'),'Y','N');
Insert into TBL_WORK (WORK_NO,EMP_NO,WORK_TYPE_CODE,WORK_DAY,WORK_START_TIME,WORK_END_TIME,WORK_PERMIT,CREATE_DATE,MODIFIER,MODIFIER_DATE,USE_YN,WORK_ATTENDANCE) values (1000609,1024,'Y',to_date('24/12/02','RR/MM/DD'),null,null,'Y',to_date('24/12/02','RR/MM/DD'),9999,to_date('24/12/02','RR/MM/DD'),'Y','N');
Insert into TBL_WORK (WORK_NO,EMP_NO,WORK_TYPE_CODE,WORK_DAY,WORK_START_TIME,WORK_END_TIME,WORK_PERMIT,CREATE_DATE,MODIFIER,MODIFIER_DATE,USE_YN,WORK_ATTENDANCE) values (1000610,1045,'Y',to_date('24/12/02','RR/MM/DD'),'11:48:31','11:48:38','Y',to_date('24/12/02','RR/MM/DD'),9999,to_date('24/12/02','RR/MM/DD'),'Y','N');
Insert into TBL_WORK (WORK_NO,EMP_NO,WORK_TYPE_CODE,WORK_DAY,WORK_START_TIME,WORK_END_TIME,WORK_PERMIT,CREATE_DATE,MODIFIER,MODIFIER_DATE,USE_YN,WORK_ATTENDANCE) values (1000611,1046,'Y',to_date('24/12/02','RR/MM/DD'),null,null,'Y',to_date('24/12/02','RR/MM/DD'),9999,to_date('24/12/02','RR/MM/DD'),'Y','N');
Insert into TBL_WORK (WORK_NO,EMP_NO,WORK_TYPE_CODE,WORK_DAY,WORK_START_TIME,WORK_END_TIME,WORK_PERMIT,CREATE_DATE,MODIFIER,MODIFIER_DATE,USE_YN,WORK_ATTENDANCE) values (1000612,1047,'Y',to_date('24/12/02','RR/MM/DD'),null,null,'Y',to_date('24/12/02','RR/MM/DD'),9999,to_date('24/12/02','RR/MM/DD'),'Y','N');
Insert into TBL_WORK (WORK_NO,EMP_NO,WORK_TYPE_CODE,WORK_DAY,WORK_START_TIME,WORK_END_TIME,WORK_PERMIT,CREATE_DATE,MODIFIER,MODIFIER_DATE,USE_YN,WORK_ATTENDANCE) values (1000613,1048,'Y',to_date('24/12/02','RR/MM/DD'),null,null,'Y',to_date('24/12/02','RR/MM/DD'),9999,to_date('24/12/02','RR/MM/DD'),'Y','N');
Insert into TBL_WORK (WORK_NO,EMP_NO,WORK_TYPE_CODE,WORK_DAY,WORK_START_TIME,WORK_END_TIME,WORK_PERMIT,CREATE_DATE,MODIFIER,MODIFIER_DATE,USE_YN,WORK_ATTENDANCE) values (1000614,1001,'Y',to_date('24/12/03','RR/MM/DD'),null,null,'Y',to_date('24/12/03','RR/MM/DD'),9999,to_date('24/12/03','RR/MM/DD'),'Y','N');
Insert into TBL_WORK (WORK_NO,EMP_NO,WORK_TYPE_CODE,WORK_DAY,WORK_START_TIME,WORK_END_TIME,WORK_PERMIT,CREATE_DATE,MODIFIER,MODIFIER_DATE,USE_YN,WORK_ATTENDANCE) values (1000615,1002,'Y',to_date('24/12/03','RR/MM/DD'),'12:06:29','12:06:40','Y',to_date('24/12/03','RR/MM/DD'),9999,to_date('24/12/03','RR/MM/DD'),'Y','N');
Insert into TBL_WORK (WORK_NO,EMP_NO,WORK_TYPE_CODE,WORK_DAY,WORK_START_TIME,WORK_END_TIME,WORK_PERMIT,CREATE_DATE,MODIFIER,MODIFIER_DATE,USE_YN,WORK_ATTENDANCE) values (1000649,1052,'Y',to_date('24/12/03','RR/MM/DD'),null,null,'Y',to_date('24/12/03','RR/MM/DD'),9999,to_date('24/12/03','RR/MM/DD'),'Y','N');
Insert into TBL_WORK (WORK_NO,EMP_NO,WORK_TYPE_CODE,WORK_DAY,WORK_START_TIME,WORK_END_TIME,WORK_PERMIT,CREATE_DATE,MODIFIER,MODIFIER_DATE,USE_YN,WORK_ATTENDANCE) values (1000617,1004,'Y',to_date('24/12/03','RR/MM/DD'),null,null,'Y',to_date('24/12/03','RR/MM/DD'),9999,to_date('24/12/03','RR/MM/DD'),'Y','N');
Insert into TBL_WORK (WORK_NO,EMP_NO,WORK_TYPE_CODE,WORK_DAY,WORK_START_TIME,WORK_END_TIME,WORK_PERMIT,CREATE_DATE,MODIFIER,MODIFIER_DATE,USE_YN,WORK_ATTENDANCE) values (1000618,1005,'Y',to_date('24/12/03','RR/MM/DD'),null,null,'Y',to_date('24/12/03','RR/MM/DD'),9999,to_date('24/12/03','RR/MM/DD'),'Y','N');
Insert into TBL_WORK (WORK_NO,EMP_NO,WORK_TYPE_CODE,WORK_DAY,WORK_START_TIME,WORK_END_TIME,WORK_PERMIT,CREATE_DATE,MODIFIER,MODIFIER_DATE,USE_YN,WORK_ATTENDANCE) values (1000619,1006,'Y',to_date('24/12/03','RR/MM/DD'),null,null,'Y',to_date('24/12/03','RR/MM/DD'),9999,to_date('24/12/03','RR/MM/DD'),'Y','N');
Insert into TBL_WORK (WORK_NO,EMP_NO,WORK_TYPE_CODE,WORK_DAY,WORK_START_TIME,WORK_END_TIME,WORK_PERMIT,CREATE_DATE,MODIFIER,MODIFIER_DATE,USE_YN,WORK_ATTENDANCE) values (1000620,1007,'Y',to_date('24/12/03','RR/MM/DD'),null,null,'Y',to_date('24/12/03','RR/MM/DD'),9999,to_date('24/12/03','RR/MM/DD'),'Y','N');
Insert into TBL_WORK (WORK_NO,EMP_NO,WORK_TYPE_CODE,WORK_DAY,WORK_START_TIME,WORK_END_TIME,WORK_PERMIT,CREATE_DATE,MODIFIER,MODIFIER_DATE,USE_YN,WORK_ATTENDANCE) values (1000621,1008,'Y',to_date('24/12/03','RR/MM/DD'),null,null,'Y',to_date('24/12/03','RR/MM/DD'),9999,to_date('24/12/03','RR/MM/DD'),'Y','N');
Insert into TBL_WORK (WORK_NO,EMP_NO,WORK_TYPE_CODE,WORK_DAY,WORK_START_TIME,WORK_END_TIME,WORK_PERMIT,CREATE_DATE,MODIFIER,MODIFIER_DATE,USE_YN,WORK_ATTENDANCE) values (1000622,1009,'Y',to_date('24/12/03','RR/MM/DD'),null,null,'Y',to_date('24/12/03','RR/MM/DD'),9999,to_date('24/12/03','RR/MM/DD'),'Y','N');
Insert into TBL_WORK (WORK_NO,EMP_NO,WORK_TYPE_CODE,WORK_DAY,WORK_START_TIME,WORK_END_TIME,WORK_PERMIT,CREATE_DATE,MODIFIER,MODIFIER_DATE,USE_YN,WORK_ATTENDANCE) values (1000623,1010,'Y',to_date('24/12/03','RR/MM/DD'),null,null,'Y',to_date('24/12/03','RR/MM/DD'),9999,to_date('24/12/03','RR/MM/DD'),'Y','N');
Insert into TBL_WORK (WORK_NO,EMP_NO,WORK_TYPE_CODE,WORK_DAY,WORK_START_TIME,WORK_END_TIME,WORK_PERMIT,CREATE_DATE,MODIFIER,MODIFIER_DATE,USE_YN,WORK_ATTENDANCE) values (1000624,1011,'Y',to_date('24/12/03','RR/MM/DD'),null,null,'Y',to_date('24/12/03','RR/MM/DD'),9999,to_date('24/12/03','RR/MM/DD'),'Y','N');
Insert into TBL_WORK (WORK_NO,EMP_NO,WORK_TYPE_CODE,WORK_DAY,WORK_START_TIME,WORK_END_TIME,WORK_PERMIT,CREATE_DATE,MODIFIER,MODIFIER_DATE,USE_YN,WORK_ATTENDANCE) values (1000625,1012,'Y',to_date('24/12/03','RR/MM/DD'),null,null,'Y',to_date('24/12/03','RR/MM/DD'),9999,to_date('24/12/03','RR/MM/DD'),'Y','N');
Insert into TBL_WORK (WORK_NO,EMP_NO,WORK_TYPE_CODE,WORK_DAY,WORK_START_TIME,WORK_END_TIME,WORK_PERMIT,CREATE_DATE,MODIFIER,MODIFIER_DATE,USE_YN,WORK_ATTENDANCE) values (1000626,1013,'Y',to_date('24/12/03','RR/MM/DD'),null,null,'Y',to_date('24/12/03','RR/MM/DD'),9999,to_date('24/12/03','RR/MM/DD'),'Y','N');
Insert into TBL_WORK (WORK_NO,EMP_NO,WORK_TYPE_CODE,WORK_DAY,WORK_START_TIME,WORK_END_TIME,WORK_PERMIT,CREATE_DATE,MODIFIER,MODIFIER_DATE,USE_YN,WORK_ATTENDANCE) values (1000627,1014,'Y',to_date('24/12/03','RR/MM/DD'),null,null,'Y',to_date('24/12/03','RR/MM/DD'),9999,to_date('24/12/03','RR/MM/DD'),'Y','N');
Insert into TBL_WORK (WORK_NO,EMP_NO,WORK_TYPE_CODE,WORK_DAY,WORK_START_TIME,WORK_END_TIME,WORK_PERMIT,CREATE_DATE,MODIFIER,MODIFIER_DATE,USE_YN,WORK_ATTENDANCE) values (1000628,1015,'Y',to_date('24/12/03','RR/MM/DD'),null,null,'Y',to_date('24/12/03','RR/MM/DD'),9999,to_date('24/12/03','RR/MM/DD'),'Y','N');
Insert into TBL_WORK (WORK_NO,EMP_NO,WORK_TYPE_CODE,WORK_DAY,WORK_START_TIME,WORK_END_TIME,WORK_PERMIT,CREATE_DATE,MODIFIER,MODIFIER_DATE,USE_YN,WORK_ATTENDANCE) values (1000629,1016,'Y',to_date('24/12/03','RR/MM/DD'),null,null,'Y',to_date('24/12/03','RR/MM/DD'),9999,to_date('24/12/03','RR/MM/DD'),'Y','N');
Insert into TBL_WORK (WORK_NO,EMP_NO,WORK_TYPE_CODE,WORK_DAY,WORK_START_TIME,WORK_END_TIME,WORK_PERMIT,CREATE_DATE,MODIFIER,MODIFIER_DATE,USE_YN,WORK_ATTENDANCE) values (1000630,1017,'Y',to_date('24/12/03','RR/MM/DD'),null,null,'Y',to_date('24/12/03','RR/MM/DD'),9999,to_date('24/12/03','RR/MM/DD'),'Y','N');
Insert into TBL_WORK (WORK_NO,EMP_NO,WORK_TYPE_CODE,WORK_DAY,WORK_START_TIME,WORK_END_TIME,WORK_PERMIT,CREATE_DATE,MODIFIER,MODIFIER_DATE,USE_YN,WORK_ATTENDANCE) values (1000631,1019,'Y',to_date('24/12/03','RR/MM/DD'),null,null,'Y',to_date('24/12/03','RR/MM/DD'),9999,to_date('24/12/03','RR/MM/DD'),'Y','N');
Insert into TBL_WORK (WORK_NO,EMP_NO,WORK_TYPE_CODE,WORK_DAY,WORK_START_TIME,WORK_END_TIME,WORK_PERMIT,CREATE_DATE,MODIFIER,MODIFIER_DATE,USE_YN,WORK_ATTENDANCE) values (1000632,1020,'Y',to_date('24/12/03','RR/MM/DD'),null,null,'Y',to_date('24/12/03','RR/MM/DD'),9999,to_date('24/12/03','RR/MM/DD'),'Y','N');
Insert into TBL_WORK (WORK_NO,EMP_NO,WORK_TYPE_CODE,WORK_DAY,WORK_START_TIME,WORK_END_TIME,WORK_PERMIT,CREATE_DATE,MODIFIER,MODIFIER_DATE,USE_YN,WORK_ATTENDANCE) values (1000633,1021,'Y',to_date('24/12/03','RR/MM/DD'),null,null,'Y',to_date('24/12/03','RR/MM/DD'),9999,to_date('24/12/03','RR/MM/DD'),'Y','N');
Insert into TBL_WORK (WORK_NO,EMP_NO,WORK_TYPE_CODE,WORK_DAY,WORK_START_TIME,WORK_END_TIME,WORK_PERMIT,CREATE_DATE,MODIFIER,MODIFIER_DATE,USE_YN,WORK_ATTENDANCE) values (1000634,1022,'Y',to_date('24/12/03','RR/MM/DD'),null,null,'Y',to_date('24/12/03','RR/MM/DD'),9999,to_date('24/12/03','RR/MM/DD'),'Y','N');
Insert into TBL_WORK (WORK_NO,EMP_NO,WORK_TYPE_CODE,WORK_DAY,WORK_START_TIME,WORK_END_TIME,WORK_PERMIT,CREATE_DATE,MODIFIER,MODIFIER_DATE,USE_YN,WORK_ATTENDANCE) values (1000635,1023,'Y',to_date('24/12/03','RR/MM/DD'),null,null,'Y',to_date('24/12/03','RR/MM/DD'),9999,to_date('24/12/03','RR/MM/DD'),'Y','N');
Insert into TBL_WORK (WORK_NO,EMP_NO,WORK_TYPE_CODE,WORK_DAY,WORK_START_TIME,WORK_END_TIME,WORK_PERMIT,CREATE_DATE,MODIFIER,MODIFIER_DATE,USE_YN,WORK_ATTENDANCE) values (1000636,1025,'Y',to_date('24/12/03','RR/MM/DD'),null,null,'Y',to_date('24/12/03','RR/MM/DD'),9999,to_date('24/12/03','RR/MM/DD'),'Y','N');
Insert into TBL_WORK (WORK_NO,EMP_NO,WORK_TYPE_CODE,WORK_DAY,WORK_START_TIME,WORK_END_TIME,WORK_PERMIT,CREATE_DATE,MODIFIER,MODIFIER_DATE,USE_YN,WORK_ATTENDANCE) values (1000637,1026,'Y',to_date('24/12/03','RR/MM/DD'),null,null,'Y',to_date('24/12/03','RR/MM/DD'),9999,to_date('24/12/03','RR/MM/DD'),'Y','N');
Insert into TBL_WORK (WORK_NO,EMP_NO,WORK_TYPE_CODE,WORK_DAY,WORK_START_TIME,WORK_END_TIME,WORK_PERMIT,CREATE_DATE,MODIFIER,MODIFIER_DATE,USE_YN,WORK_ATTENDANCE) values (1000638,1027,'Y',to_date('24/12/03','RR/MM/DD'),null,null,'Y',to_date('24/12/03','RR/MM/DD'),9999,to_date('24/12/03','RR/MM/DD'),'Y','N');
Insert into TBL_WORK (WORK_NO,EMP_NO,WORK_TYPE_CODE,WORK_DAY,WORK_START_TIME,WORK_END_TIME,WORK_PERMIT,CREATE_DATE,MODIFIER,MODIFIER_DATE,USE_YN,WORK_ATTENDANCE) values (1000639,1028,'Y',to_date('24/12/03','RR/MM/DD'),null,null,'Y',to_date('24/12/03','RR/MM/DD'),9999,to_date('24/12/03','RR/MM/DD'),'Y','N');
Insert into TBL_WORK (WORK_NO,EMP_NO,WORK_TYPE_CODE,WORK_DAY,WORK_START_TIME,WORK_END_TIME,WORK_PERMIT,CREATE_DATE,MODIFIER,MODIFIER_DATE,USE_YN,WORK_ATTENDANCE) values (1000640,1029,'Y',to_date('24/12/03','RR/MM/DD'),null,null,'Y',to_date('24/12/03','RR/MM/DD'),9999,to_date('24/12/03','RR/MM/DD'),'Y','N');
Insert into TBL_WORK (WORK_NO,EMP_NO,WORK_TYPE_CODE,WORK_DAY,WORK_START_TIME,WORK_END_TIME,WORK_PERMIT,CREATE_DATE,MODIFIER,MODIFIER_DATE,USE_YN,WORK_ATTENDANCE) values (1000641,1030,'Y',to_date('24/12/03','RR/MM/DD'),null,null,'Y',to_date('24/12/03','RR/MM/DD'),9999,to_date('24/12/03','RR/MM/DD'),'Y','N');
Insert into TBL_WORK (WORK_NO,EMP_NO,WORK_TYPE_CODE,WORK_DAY,WORK_START_TIME,WORK_END_TIME,WORK_PERMIT,CREATE_DATE,MODIFIER,MODIFIER_DATE,USE_YN,WORK_ATTENDANCE) values (1000642,1031,'Y',to_date('24/12/03','RR/MM/DD'),null,null,'Y',to_date('24/12/03','RR/MM/DD'),9999,to_date('24/12/03','RR/MM/DD'),'Y','N');
Insert into TBL_WORK (WORK_NO,EMP_NO,WORK_TYPE_CODE,WORK_DAY,WORK_START_TIME,WORK_END_TIME,WORK_PERMIT,CREATE_DATE,MODIFIER,MODIFIER_DATE,USE_YN,WORK_ATTENDANCE) values (1000643,1018,'Y',to_date('24/12/03','RR/MM/DD'),null,null,'Y',to_date('24/12/03','RR/MM/DD'),9999,to_date('24/12/03','RR/MM/DD'),'Y','N');
Insert into TBL_WORK (WORK_NO,EMP_NO,WORK_TYPE_CODE,WORK_DAY,WORK_START_TIME,WORK_END_TIME,WORK_PERMIT,CREATE_DATE,MODIFIER,MODIFIER_DATE,USE_YN,WORK_ATTENDANCE) values (1000644,1048,'Y',to_date('24/12/03','RR/MM/DD'),null,null,'Y',to_date('24/12/03','RR/MM/DD'),9999,to_date('24/12/03','RR/MM/DD'),'Y','N');
Insert into TBL_WORK (WORK_NO,EMP_NO,WORK_TYPE_CODE,WORK_DAY,WORK_START_TIME,WORK_END_TIME,WORK_PERMIT,CREATE_DATE,MODIFIER,MODIFIER_DATE,USE_YN,WORK_ATTENDANCE) values (1000645,1024,'Y',to_date('24/12/03','RR/MM/DD'),null,null,'Y',to_date('24/12/03','RR/MM/DD'),9999,to_date('24/12/03','RR/MM/DD'),'Y','N');
Insert into TBL_WORK (WORK_NO,EMP_NO,WORK_TYPE_CODE,WORK_DAY,WORK_START_TIME,WORK_END_TIME,WORK_PERMIT,CREATE_DATE,MODIFIER,MODIFIER_DATE,USE_YN,WORK_ATTENDANCE) values (1000646,1049,'Y',to_date('24/12/03','RR/MM/DD'),null,null,'Y',to_date('24/12/03','RR/MM/DD'),9999,to_date('24/12/03','RR/MM/DD'),'Y','N');
Insert into TBL_WORK (WORK_NO,EMP_NO,WORK_TYPE_CODE,WORK_DAY,WORK_START_TIME,WORK_END_TIME,WORK_PERMIT,CREATE_DATE,MODIFIER,MODIFIER_DATE,USE_YN,WORK_ATTENDANCE) values (1000647,1050,'Y',to_date('24/12/03','RR/MM/DD'),null,null,'Y',to_date('24/12/03','RR/MM/DD'),9999,to_date('24/12/03','RR/MM/DD'),'Y','N');
Insert into TBL_WORK (WORK_NO,EMP_NO,WORK_TYPE_CODE,WORK_DAY,WORK_START_TIME,WORK_END_TIME,WORK_PERMIT,CREATE_DATE,MODIFIER,MODIFIER_DATE,USE_YN,WORK_ATTENDANCE) values (1000648,1051,'Y',to_date('24/12/03','RR/MM/DD'),null,null,'Y',to_date('24/12/03','RR/MM/DD'),9999,to_date('24/12/03','RR/MM/DD'),'Y','N');
Insert into TBL_WORK (WORK_NO,EMP_NO,WORK_TYPE_CODE,WORK_DAY,WORK_START_TIME,WORK_END_TIME,WORK_PERMIT,CREATE_DATE,MODIFIER,MODIFIER_DATE,USE_YN,WORK_ATTENDANCE) values (1000650,1053,'Y',to_date('24/12/03','RR/MM/DD'),null,null,'Y',to_date('24/12/03','RR/MM/DD'),9999,to_date('24/12/03','RR/MM/DD'),'Y','N');
Insert into TBL_WORK (WORK_NO,EMP_NO,WORK_TYPE_CODE,WORK_DAY,WORK_START_TIME,WORK_END_TIME,WORK_PERMIT,CREATE_DATE,MODIFIER,MODIFIER_DATE,USE_YN,WORK_ATTENDANCE) values (1000651,1001,'Y',to_date('24/12/05','RR/MM/DD'),null,null,'Y',to_date('24/12/05','RR/MM/DD'),9999,to_date('24/12/05','RR/MM/DD'),'Y','N');
Insert into TBL_WORK (WORK_NO,EMP_NO,WORK_TYPE_CODE,WORK_DAY,WORK_START_TIME,WORK_END_TIME,WORK_PERMIT,CREATE_DATE,MODIFIER,MODIFIER_DATE,USE_YN,WORK_ATTENDANCE) values (1000652,1002,'Y',to_date('24/12/05','RR/MM/DD'),null,null,'Y',to_date('24/12/05','RR/MM/DD'),9999,to_date('24/12/05','RR/MM/DD'),'Y','N');
Insert into TBL_WORK (WORK_NO,EMP_NO,WORK_TYPE_CODE,WORK_DAY,WORK_START_TIME,WORK_END_TIME,WORK_PERMIT,CREATE_DATE,MODIFIER,MODIFIER_DATE,USE_YN,WORK_ATTENDANCE) values (1000653,1003,'Y',to_date('24/12/05','RR/MM/DD'),null,null,'Y',to_date('24/12/05','RR/MM/DD'),9999,to_date('24/12/05','RR/MM/DD'),'Y','N');
Insert into TBL_WORK (WORK_NO,EMP_NO,WORK_TYPE_CODE,WORK_DAY,WORK_START_TIME,WORK_END_TIME,WORK_PERMIT,CREATE_DATE,MODIFIER,MODIFIER_DATE,USE_YN,WORK_ATTENDANCE) values (1000654,1004,'Y',to_date('24/12/05','RR/MM/DD'),null,null,'Y',to_date('24/12/05','RR/MM/DD'),9999,to_date('24/12/05','RR/MM/DD'),'Y','N');
Insert into TBL_WORK (WORK_NO,EMP_NO,WORK_TYPE_CODE,WORK_DAY,WORK_START_TIME,WORK_END_TIME,WORK_PERMIT,CREATE_DATE,MODIFIER,MODIFIER_DATE,USE_YN,WORK_ATTENDANCE) values (1000655,1005,'Y',to_date('24/12/05','RR/MM/DD'),null,null,'Y',to_date('24/12/05','RR/MM/DD'),9999,to_date('24/12/05','RR/MM/DD'),'Y','N');
Insert into TBL_WORK (WORK_NO,EMP_NO,WORK_TYPE_CODE,WORK_DAY,WORK_START_TIME,WORK_END_TIME,WORK_PERMIT,CREATE_DATE,MODIFIER,MODIFIER_DATE,USE_YN,WORK_ATTENDANCE) values (1000656,1006,'Y',to_date('24/12/05','RR/MM/DD'),null,null,'Y',to_date('24/12/05','RR/MM/DD'),9999,to_date('24/12/05','RR/MM/DD'),'Y','N');
Insert into TBL_WORK (WORK_NO,EMP_NO,WORK_TYPE_CODE,WORK_DAY,WORK_START_TIME,WORK_END_TIME,WORK_PERMIT,CREATE_DATE,MODIFIER,MODIFIER_DATE,USE_YN,WORK_ATTENDANCE) values (1000657,1007,'Y',to_date('24/12/05','RR/MM/DD'),null,null,'Y',to_date('24/12/05','RR/MM/DD'),9999,to_date('24/12/05','RR/MM/DD'),'Y','N');
Insert into TBL_WORK (WORK_NO,EMP_NO,WORK_TYPE_CODE,WORK_DAY,WORK_START_TIME,WORK_END_TIME,WORK_PERMIT,CREATE_DATE,MODIFIER,MODIFIER_DATE,USE_YN,WORK_ATTENDANCE) values (1000658,1008,'Y',to_date('24/12/05','RR/MM/DD'),null,null,'Y',to_date('24/12/05','RR/MM/DD'),9999,to_date('24/12/05','RR/MM/DD'),'Y','N');
Insert into TBL_WORK (WORK_NO,EMP_NO,WORK_TYPE_CODE,WORK_DAY,WORK_START_TIME,WORK_END_TIME,WORK_PERMIT,CREATE_DATE,MODIFIER,MODIFIER_DATE,USE_YN,WORK_ATTENDANCE) values (1000659,1009,'Y',to_date('24/12/05','RR/MM/DD'),null,null,'Y',to_date('24/12/05','RR/MM/DD'),9999,to_date('24/12/05','RR/MM/DD'),'Y','N');
Insert into TBL_WORK (WORK_NO,EMP_NO,WORK_TYPE_CODE,WORK_DAY,WORK_START_TIME,WORK_END_TIME,WORK_PERMIT,CREATE_DATE,MODIFIER,MODIFIER_DATE,USE_YN,WORK_ATTENDANCE) values (1000660,1010,'Y',to_date('24/12/05','RR/MM/DD'),null,null,'Y',to_date('24/12/05','RR/MM/DD'),9999,to_date('24/12/05','RR/MM/DD'),'Y','N');
Insert into TBL_WORK (WORK_NO,EMP_NO,WORK_TYPE_CODE,WORK_DAY,WORK_START_TIME,WORK_END_TIME,WORK_PERMIT,CREATE_DATE,MODIFIER,MODIFIER_DATE,USE_YN,WORK_ATTENDANCE) values (1000661,1011,'Y',to_date('24/12/05','RR/MM/DD'),null,null,'Y',to_date('24/12/05','RR/MM/DD'),9999,to_date('24/12/05','RR/MM/DD'),'Y','N');
Insert into TBL_WORK (WORK_NO,EMP_NO,WORK_TYPE_CODE,WORK_DAY,WORK_START_TIME,WORK_END_TIME,WORK_PERMIT,CREATE_DATE,MODIFIER,MODIFIER_DATE,USE_YN,WORK_ATTENDANCE) values (1000662,1012,'Y',to_date('24/12/05','RR/MM/DD'),null,null,'Y',to_date('24/12/05','RR/MM/DD'),9999,to_date('24/12/05','RR/MM/DD'),'Y','N');
Insert into TBL_WORK (WORK_NO,EMP_NO,WORK_TYPE_CODE,WORK_DAY,WORK_START_TIME,WORK_END_TIME,WORK_PERMIT,CREATE_DATE,MODIFIER,MODIFIER_DATE,USE_YN,WORK_ATTENDANCE) values (1000663,1013,'Y',to_date('24/12/05','RR/MM/DD'),null,null,'Y',to_date('24/12/05','RR/MM/DD'),9999,to_date('24/12/05','RR/MM/DD'),'Y','N');
Insert into TBL_WORK (WORK_NO,EMP_NO,WORK_TYPE_CODE,WORK_DAY,WORK_START_TIME,WORK_END_TIME,WORK_PERMIT,CREATE_DATE,MODIFIER,MODIFIER_DATE,USE_YN,WORK_ATTENDANCE) values (1000664,1014,'Y',to_date('24/12/05','RR/MM/DD'),null,null,'Y',to_date('24/12/05','RR/MM/DD'),9999,to_date('24/12/05','RR/MM/DD'),'Y','N');
Insert into TBL_WORK (WORK_NO,EMP_NO,WORK_TYPE_CODE,WORK_DAY,WORK_START_TIME,WORK_END_TIME,WORK_PERMIT,CREATE_DATE,MODIFIER,MODIFIER_DATE,USE_YN,WORK_ATTENDANCE) values (1000665,1015,'Y',to_date('24/12/05','RR/MM/DD'),null,null,'Y',to_date('24/12/05','RR/MM/DD'),9999,to_date('24/12/05','RR/MM/DD'),'Y','N');
Insert into TBL_WORK (WORK_NO,EMP_NO,WORK_TYPE_CODE,WORK_DAY,WORK_START_TIME,WORK_END_TIME,WORK_PERMIT,CREATE_DATE,MODIFIER,MODIFIER_DATE,USE_YN,WORK_ATTENDANCE) values (1000666,1016,'Y',to_date('24/12/05','RR/MM/DD'),null,null,'Y',to_date('24/12/05','RR/MM/DD'),9999,to_date('24/12/05','RR/MM/DD'),'Y','N');
Insert into TBL_WORK (WORK_NO,EMP_NO,WORK_TYPE_CODE,WORK_DAY,WORK_START_TIME,WORK_END_TIME,WORK_PERMIT,CREATE_DATE,MODIFIER,MODIFIER_DATE,USE_YN,WORK_ATTENDANCE) values (1000667,1017,'Y',to_date('24/12/05','RR/MM/DD'),null,null,'Y',to_date('24/12/05','RR/MM/DD'),9999,to_date('24/12/05','RR/MM/DD'),'Y','N');
Insert into TBL_WORK (WORK_NO,EMP_NO,WORK_TYPE_CODE,WORK_DAY,WORK_START_TIME,WORK_END_TIME,WORK_PERMIT,CREATE_DATE,MODIFIER,MODIFIER_DATE,USE_YN,WORK_ATTENDANCE) values (1000668,1019,'Y',to_date('24/12/05','RR/MM/DD'),null,null,'Y',to_date('24/12/05','RR/MM/DD'),9999,to_date('24/12/05','RR/MM/DD'),'Y','N');
Insert into TBL_WORK (WORK_NO,EMP_NO,WORK_TYPE_CODE,WORK_DAY,WORK_START_TIME,WORK_END_TIME,WORK_PERMIT,CREATE_DATE,MODIFIER,MODIFIER_DATE,USE_YN,WORK_ATTENDANCE) values (1000669,1020,'Y',to_date('24/12/05','RR/MM/DD'),null,null,'Y',to_date('24/12/05','RR/MM/DD'),9999,to_date('24/12/05','RR/MM/DD'),'Y','N');
Insert into TBL_WORK (WORK_NO,EMP_NO,WORK_TYPE_CODE,WORK_DAY,WORK_START_TIME,WORK_END_TIME,WORK_PERMIT,CREATE_DATE,MODIFIER,MODIFIER_DATE,USE_YN,WORK_ATTENDANCE) values (1000670,1021,'Y',to_date('24/12/05','RR/MM/DD'),null,null,'Y',to_date('24/12/05','RR/MM/DD'),9999,to_date('24/12/05','RR/MM/DD'),'Y','N');
Insert into TBL_WORK (WORK_NO,EMP_NO,WORK_TYPE_CODE,WORK_DAY,WORK_START_TIME,WORK_END_TIME,WORK_PERMIT,CREATE_DATE,MODIFIER,MODIFIER_DATE,USE_YN,WORK_ATTENDANCE) values (1000671,1022,'Y',to_date('24/12/05','RR/MM/DD'),null,null,'Y',to_date('24/12/05','RR/MM/DD'),9999,to_date('24/12/05','RR/MM/DD'),'Y','N');
Insert into TBL_WORK (WORK_NO,EMP_NO,WORK_TYPE_CODE,WORK_DAY,WORK_START_TIME,WORK_END_TIME,WORK_PERMIT,CREATE_DATE,MODIFIER,MODIFIER_DATE,USE_YN,WORK_ATTENDANCE) values (1000672,1023,'Y',to_date('24/12/05','RR/MM/DD'),null,null,'Y',to_date('24/12/05','RR/MM/DD'),9999,to_date('24/12/05','RR/MM/DD'),'Y','N');
Insert into TBL_WORK (WORK_NO,EMP_NO,WORK_TYPE_CODE,WORK_DAY,WORK_START_TIME,WORK_END_TIME,WORK_PERMIT,CREATE_DATE,MODIFIER,MODIFIER_DATE,USE_YN,WORK_ATTENDANCE) values (1000673,1025,'Y',to_date('24/12/05','RR/MM/DD'),null,null,'Y',to_date('24/12/05','RR/MM/DD'),9999,to_date('24/12/05','RR/MM/DD'),'Y','N');
Insert into TBL_WORK (WORK_NO,EMP_NO,WORK_TYPE_CODE,WORK_DAY,WORK_START_TIME,WORK_END_TIME,WORK_PERMIT,CREATE_DATE,MODIFIER,MODIFIER_DATE,USE_YN,WORK_ATTENDANCE) values (1000674,1026,'Y',to_date('24/12/05','RR/MM/DD'),null,null,'Y',to_date('24/12/05','RR/MM/DD'),9999,to_date('24/12/05','RR/MM/DD'),'Y','N');
Insert into TBL_WORK (WORK_NO,EMP_NO,WORK_TYPE_CODE,WORK_DAY,WORK_START_TIME,WORK_END_TIME,WORK_PERMIT,CREATE_DATE,MODIFIER,MODIFIER_DATE,USE_YN,WORK_ATTENDANCE) values (1000675,1027,'Y',to_date('24/12/05','RR/MM/DD'),null,null,'Y',to_date('24/12/05','RR/MM/DD'),9999,to_date('24/12/05','RR/MM/DD'),'Y','N');
Insert into TBL_WORK (WORK_NO,EMP_NO,WORK_TYPE_CODE,WORK_DAY,WORK_START_TIME,WORK_END_TIME,WORK_PERMIT,CREATE_DATE,MODIFIER,MODIFIER_DATE,USE_YN,WORK_ATTENDANCE) values (1000676,1028,'Y',to_date('24/12/05','RR/MM/DD'),null,null,'Y',to_date('24/12/05','RR/MM/DD'),9999,to_date('24/12/05','RR/MM/DD'),'Y','N');
Insert into TBL_WORK (WORK_NO,EMP_NO,WORK_TYPE_CODE,WORK_DAY,WORK_START_TIME,WORK_END_TIME,WORK_PERMIT,CREATE_DATE,MODIFIER,MODIFIER_DATE,USE_YN,WORK_ATTENDANCE) values (1000677,1029,'Y',to_date('24/12/05','RR/MM/DD'),null,null,'Y',to_date('24/12/05','RR/MM/DD'),9999,to_date('24/12/05','RR/MM/DD'),'Y','N');
Insert into TBL_WORK (WORK_NO,EMP_NO,WORK_TYPE_CODE,WORK_DAY,WORK_START_TIME,WORK_END_TIME,WORK_PERMIT,CREATE_DATE,MODIFIER,MODIFIER_DATE,USE_YN,WORK_ATTENDANCE) values (1000678,1030,'Y',to_date('24/12/05','RR/MM/DD'),null,null,'Y',to_date('24/12/05','RR/MM/DD'),9999,to_date('24/12/05','RR/MM/DD'),'Y','N');
Insert into TBL_WORK (WORK_NO,EMP_NO,WORK_TYPE_CODE,WORK_DAY,WORK_START_TIME,WORK_END_TIME,WORK_PERMIT,CREATE_DATE,MODIFIER,MODIFIER_DATE,USE_YN,WORK_ATTENDANCE) values (1000679,1031,'Y',to_date('24/12/05','RR/MM/DD'),null,null,'Y',to_date('24/12/05','RR/MM/DD'),9999,to_date('24/12/05','RR/MM/DD'),'Y','N');
Insert into TBL_WORK (WORK_NO,EMP_NO,WORK_TYPE_CODE,WORK_DAY,WORK_START_TIME,WORK_END_TIME,WORK_PERMIT,CREATE_DATE,MODIFIER,MODIFIER_DATE,USE_YN,WORK_ATTENDANCE) values (1000680,1018,'Y',to_date('24/12/05','RR/MM/DD'),null,null,'Y',to_date('24/12/05','RR/MM/DD'),9999,to_date('24/12/05','RR/MM/DD'),'Y','N');
Insert into TBL_WORK (WORK_NO,EMP_NO,WORK_TYPE_CODE,WORK_DAY,WORK_START_TIME,WORK_END_TIME,WORK_PERMIT,CREATE_DATE,MODIFIER,MODIFIER_DATE,USE_YN,WORK_ATTENDANCE) values (1000681,1024,'Y',to_date('24/12/05','RR/MM/DD'),null,null,'Y',to_date('24/12/05','RR/MM/DD'),9999,to_date('24/12/05','RR/MM/DD'),'Y','N');
Insert into TBL_WORK (WORK_NO,EMP_NO,WORK_TYPE_CODE,WORK_DAY,WORK_START_TIME,WORK_END_TIME,WORK_PERMIT,CREATE_DATE,MODIFIER,MODIFIER_DATE,USE_YN,WORK_ATTENDANCE) values (1000682,1050,'Y',to_date('24/12/05','RR/MM/DD'),null,null,'Y',to_date('24/12/05','RR/MM/DD'),9999,to_date('24/12/05','RR/MM/DD'),'Y','N');
Insert into TBL_WORK (WORK_NO,EMP_NO,WORK_TYPE_CODE,WORK_DAY,WORK_START_TIME,WORK_END_TIME,WORK_PERMIT,CREATE_DATE,MODIFIER,MODIFIER_DATE,USE_YN,WORK_ATTENDANCE) values (1000683,1054,'Y',to_date('24/12/05','RR/MM/DD'),null,null,'Y',to_date('24/12/05','RR/MM/DD'),9999,to_date('24/12/05','RR/MM/DD'),'Y','N');
Insert into TBL_WORK (WORK_NO,EMP_NO,WORK_TYPE_CODE,WORK_DAY,WORK_START_TIME,WORK_END_TIME,WORK_PERMIT,CREATE_DATE,MODIFIER,MODIFIER_DATE,USE_YN,WORK_ATTENDANCE) values (1000684,1055,'Y',to_date('24/12/05','RR/MM/DD'),null,null,'Y',to_date('24/12/05','RR/MM/DD'),9999,to_date('24/12/05','RR/MM/DD'),'Y','N');
Insert into TBL_WORK (WORK_NO,EMP_NO,WORK_TYPE_CODE,WORK_DAY,WORK_START_TIME,WORK_END_TIME,WORK_PERMIT,CREATE_DATE,MODIFIER,MODIFIER_DATE,USE_YN,WORK_ATTENDANCE) values (1000685,1001,'Y',to_date('24/12/06','RR/MM/DD'),null,null,'Y',to_date('24/12/06','RR/MM/DD'),9999,to_date('24/12/06','RR/MM/DD'),'Y','N');
Insert into TBL_WORK (WORK_NO,EMP_NO,WORK_TYPE_CODE,WORK_DAY,WORK_START_TIME,WORK_END_TIME,WORK_PERMIT,CREATE_DATE,MODIFIER,MODIFIER_DATE,USE_YN,WORK_ATTENDANCE) values (1000686,1002,'Y',to_date('24/12/06','RR/MM/DD'),null,null,'Y',to_date('24/12/06','RR/MM/DD'),9999,to_date('24/12/06','RR/MM/DD'),'Y','N');
Insert into TBL_WORK (WORK_NO,EMP_NO,WORK_TYPE_CODE,WORK_DAY,WORK_START_TIME,WORK_END_TIME,WORK_PERMIT,CREATE_DATE,MODIFIER,MODIFIER_DATE,USE_YN,WORK_ATTENDANCE) values (1000687,1003,'Y',to_date('24/12/06','RR/MM/DD'),null,null,'Y',to_date('24/12/06','RR/MM/DD'),9999,to_date('24/12/06','RR/MM/DD'),'Y','N');
Insert into TBL_WORK (WORK_NO,EMP_NO,WORK_TYPE_CODE,WORK_DAY,WORK_START_TIME,WORK_END_TIME,WORK_PERMIT,CREATE_DATE,MODIFIER,MODIFIER_DATE,USE_YN,WORK_ATTENDANCE) values (1000688,1004,'Y',to_date('24/12/06','RR/MM/DD'),null,null,'Y',to_date('24/12/06','RR/MM/DD'),9999,to_date('24/12/06','RR/MM/DD'),'Y','N');
Insert into TBL_WORK (WORK_NO,EMP_NO,WORK_TYPE_CODE,WORK_DAY,WORK_START_TIME,WORK_END_TIME,WORK_PERMIT,CREATE_DATE,MODIFIER,MODIFIER_DATE,USE_YN,WORK_ATTENDANCE) values (1000689,1005,'Y',to_date('24/12/06','RR/MM/DD'),null,null,'Y',to_date('24/12/06','RR/MM/DD'),9999,to_date('24/12/06','RR/MM/DD'),'Y','N');
Insert into TBL_WORK (WORK_NO,EMP_NO,WORK_TYPE_CODE,WORK_DAY,WORK_START_TIME,WORK_END_TIME,WORK_PERMIT,CREATE_DATE,MODIFIER,MODIFIER_DATE,USE_YN,WORK_ATTENDANCE) values (1000690,1006,'Y',to_date('24/12/06','RR/MM/DD'),null,null,'Y',to_date('24/12/06','RR/MM/DD'),9999,to_date('24/12/06','RR/MM/DD'),'Y','N');
Insert into TBL_WORK (WORK_NO,EMP_NO,WORK_TYPE_CODE,WORK_DAY,WORK_START_TIME,WORK_END_TIME,WORK_PERMIT,CREATE_DATE,MODIFIER,MODIFIER_DATE,USE_YN,WORK_ATTENDANCE) values (1000691,1007,'Y',to_date('24/12/06','RR/MM/DD'),null,null,'Y',to_date('24/12/06','RR/MM/DD'),9999,to_date('24/12/06','RR/MM/DD'),'Y','N');
Insert into TBL_WORK (WORK_NO,EMP_NO,WORK_TYPE_CODE,WORK_DAY,WORK_START_TIME,WORK_END_TIME,WORK_PERMIT,CREATE_DATE,MODIFIER,MODIFIER_DATE,USE_YN,WORK_ATTENDANCE) values (1000692,1008,'Y',to_date('24/12/06','RR/MM/DD'),null,null,'Y',to_date('24/12/06','RR/MM/DD'),9999,to_date('24/12/06','RR/MM/DD'),'Y','N');
Insert into TBL_WORK (WORK_NO,EMP_NO,WORK_TYPE_CODE,WORK_DAY,WORK_START_TIME,WORK_END_TIME,WORK_PERMIT,CREATE_DATE,MODIFIER,MODIFIER_DATE,USE_YN,WORK_ATTENDANCE) values (1000693,1009,'Y',to_date('24/12/06','RR/MM/DD'),null,null,'Y',to_date('24/12/06','RR/MM/DD'),9999,to_date('24/12/06','RR/MM/DD'),'Y','N');
Insert into TBL_WORK (WORK_NO,EMP_NO,WORK_TYPE_CODE,WORK_DAY,WORK_START_TIME,WORK_END_TIME,WORK_PERMIT,CREATE_DATE,MODIFIER,MODIFIER_DATE,USE_YN,WORK_ATTENDANCE) values (1000694,1010,'Y',to_date('24/12/06','RR/MM/DD'),null,null,'Y',to_date('24/12/06','RR/MM/DD'),9999,to_date('24/12/06','RR/MM/DD'),'Y','N');
Insert into TBL_WORK (WORK_NO,EMP_NO,WORK_TYPE_CODE,WORK_DAY,WORK_START_TIME,WORK_END_TIME,WORK_PERMIT,CREATE_DATE,MODIFIER,MODIFIER_DATE,USE_YN,WORK_ATTENDANCE) values (1000695,1011,'Y',to_date('24/12/06','RR/MM/DD'),null,null,'Y',to_date('24/12/06','RR/MM/DD'),9999,to_date('24/12/06','RR/MM/DD'),'Y','N');
Insert into TBL_WORK (WORK_NO,EMP_NO,WORK_TYPE_CODE,WORK_DAY,WORK_START_TIME,WORK_END_TIME,WORK_PERMIT,CREATE_DATE,MODIFIER,MODIFIER_DATE,USE_YN,WORK_ATTENDANCE) values (1000696,1012,'Y',to_date('24/12/06','RR/MM/DD'),null,null,'Y',to_date('24/12/06','RR/MM/DD'),9999,to_date('24/12/06','RR/MM/DD'),'Y','N');
Insert into TBL_WORK (WORK_NO,EMP_NO,WORK_TYPE_CODE,WORK_DAY,WORK_START_TIME,WORK_END_TIME,WORK_PERMIT,CREATE_DATE,MODIFIER,MODIFIER_DATE,USE_YN,WORK_ATTENDANCE) values (1000697,1013,'Y',to_date('24/12/06','RR/MM/DD'),null,null,'Y',to_date('24/12/06','RR/MM/DD'),9999,to_date('24/12/06','RR/MM/DD'),'Y','N');
Insert into TBL_WORK (WORK_NO,EMP_NO,WORK_TYPE_CODE,WORK_DAY,WORK_START_TIME,WORK_END_TIME,WORK_PERMIT,CREATE_DATE,MODIFIER,MODIFIER_DATE,USE_YN,WORK_ATTENDANCE) values (1000698,1014,'Y',to_date('24/12/06','RR/MM/DD'),null,null,'Y',to_date('24/12/06','RR/MM/DD'),9999,to_date('24/12/06','RR/MM/DD'),'Y','N');
Insert into TBL_WORK (WORK_NO,EMP_NO,WORK_TYPE_CODE,WORK_DAY,WORK_START_TIME,WORK_END_TIME,WORK_PERMIT,CREATE_DATE,MODIFIER,MODIFIER_DATE,USE_YN,WORK_ATTENDANCE) values (1000699,1015,'Y',to_date('24/12/06','RR/MM/DD'),null,null,'Y',to_date('24/12/06','RR/MM/DD'),9999,to_date('24/12/06','RR/MM/DD'),'Y','N');
Insert into TBL_WORK (WORK_NO,EMP_NO,WORK_TYPE_CODE,WORK_DAY,WORK_START_TIME,WORK_END_TIME,WORK_PERMIT,CREATE_DATE,MODIFIER,MODIFIER_DATE,USE_YN,WORK_ATTENDANCE) values (1000700,1016,'Y',to_date('24/12/06','RR/MM/DD'),null,null,'Y',to_date('24/12/06','RR/MM/DD'),9999,to_date('24/12/06','RR/MM/DD'),'Y','N');
Insert into TBL_WORK (WORK_NO,EMP_NO,WORK_TYPE_CODE,WORK_DAY,WORK_START_TIME,WORK_END_TIME,WORK_PERMIT,CREATE_DATE,MODIFIER,MODIFIER_DATE,USE_YN,WORK_ATTENDANCE) values (1000701,1017,'Y',to_date('24/12/06','RR/MM/DD'),null,null,'Y',to_date('24/12/06','RR/MM/DD'),9999,to_date('24/12/06','RR/MM/DD'),'Y','N');
Insert into TBL_WORK (WORK_NO,EMP_NO,WORK_TYPE_CODE,WORK_DAY,WORK_START_TIME,WORK_END_TIME,WORK_PERMIT,CREATE_DATE,MODIFIER,MODIFIER_DATE,USE_YN,WORK_ATTENDANCE) values (1000702,1019,'Y',to_date('24/12/06','RR/MM/DD'),null,null,'Y',to_date('24/12/06','RR/MM/DD'),9999,to_date('24/12/06','RR/MM/DD'),'Y','N');
Insert into TBL_WORK (WORK_NO,EMP_NO,WORK_TYPE_CODE,WORK_DAY,WORK_START_TIME,WORK_END_TIME,WORK_PERMIT,CREATE_DATE,MODIFIER,MODIFIER_DATE,USE_YN,WORK_ATTENDANCE) values (1000703,1020,'Y',to_date('24/12/06','RR/MM/DD'),null,null,'Y',to_date('24/12/06','RR/MM/DD'),9999,to_date('24/12/06','RR/MM/DD'),'Y','N');
Insert into TBL_WORK (WORK_NO,EMP_NO,WORK_TYPE_CODE,WORK_DAY,WORK_START_TIME,WORK_END_TIME,WORK_PERMIT,CREATE_DATE,MODIFIER,MODIFIER_DATE,USE_YN,WORK_ATTENDANCE) values (1000704,1021,'Y',to_date('24/12/06','RR/MM/DD'),null,null,'Y',to_date('24/12/06','RR/MM/DD'),9999,to_date('24/12/06','RR/MM/DD'),'Y','N');
Insert into TBL_WORK (WORK_NO,EMP_NO,WORK_TYPE_CODE,WORK_DAY,WORK_START_TIME,WORK_END_TIME,WORK_PERMIT,CREATE_DATE,MODIFIER,MODIFIER_DATE,USE_YN,WORK_ATTENDANCE) values (1000705,1022,'Y',to_date('24/12/06','RR/MM/DD'),null,null,'Y',to_date('24/12/06','RR/MM/DD'),9999,to_date('24/12/06','RR/MM/DD'),'Y','N');
Insert into TBL_WORK (WORK_NO,EMP_NO,WORK_TYPE_CODE,WORK_DAY,WORK_START_TIME,WORK_END_TIME,WORK_PERMIT,CREATE_DATE,MODIFIER,MODIFIER_DATE,USE_YN,WORK_ATTENDANCE) values (1000706,1023,'Y',to_date('24/12/06','RR/MM/DD'),null,null,'Y',to_date('24/12/06','RR/MM/DD'),9999,to_date('24/12/06','RR/MM/DD'),'Y','N');
Insert into TBL_WORK (WORK_NO,EMP_NO,WORK_TYPE_CODE,WORK_DAY,WORK_START_TIME,WORK_END_TIME,WORK_PERMIT,CREATE_DATE,MODIFIER,MODIFIER_DATE,USE_YN,WORK_ATTENDANCE) values (1000707,1025,'Y',to_date('24/12/06','RR/MM/DD'),null,null,'Y',to_date('24/12/06','RR/MM/DD'),9999,to_date('24/12/06','RR/MM/DD'),'Y','N');
Insert into TBL_WORK (WORK_NO,EMP_NO,WORK_TYPE_CODE,WORK_DAY,WORK_START_TIME,WORK_END_TIME,WORK_PERMIT,CREATE_DATE,MODIFIER,MODIFIER_DATE,USE_YN,WORK_ATTENDANCE) values (1000708,1026,'Y',to_date('24/12/06','RR/MM/DD'),null,null,'Y',to_date('24/12/06','RR/MM/DD'),9999,to_date('24/12/06','RR/MM/DD'),'Y','N');
Insert into TBL_WORK (WORK_NO,EMP_NO,WORK_TYPE_CODE,WORK_DAY,WORK_START_TIME,WORK_END_TIME,WORK_PERMIT,CREATE_DATE,MODIFIER,MODIFIER_DATE,USE_YN,WORK_ATTENDANCE) values (1000709,1027,'Y',to_date('24/12/06','RR/MM/DD'),null,null,'Y',to_date('24/12/06','RR/MM/DD'),9999,to_date('24/12/06','RR/MM/DD'),'Y','N');
Insert into TBL_WORK (WORK_NO,EMP_NO,WORK_TYPE_CODE,WORK_DAY,WORK_START_TIME,WORK_END_TIME,WORK_PERMIT,CREATE_DATE,MODIFIER,MODIFIER_DATE,USE_YN,WORK_ATTENDANCE) values (1000710,1028,'Y',to_date('24/12/06','RR/MM/DD'),null,null,'Y',to_date('24/12/06','RR/MM/DD'),9999,to_date('24/12/06','RR/MM/DD'),'Y','N');
Insert into TBL_WORK (WORK_NO,EMP_NO,WORK_TYPE_CODE,WORK_DAY,WORK_START_TIME,WORK_END_TIME,WORK_PERMIT,CREATE_DATE,MODIFIER,MODIFIER_DATE,USE_YN,WORK_ATTENDANCE) values (1000711,1029,'Y',to_date('24/12/06','RR/MM/DD'),null,null,'Y',to_date('24/12/06','RR/MM/DD'),9999,to_date('24/12/06','RR/MM/DD'),'Y','N');
Insert into TBL_WORK (WORK_NO,EMP_NO,WORK_TYPE_CODE,WORK_DAY,WORK_START_TIME,WORK_END_TIME,WORK_PERMIT,CREATE_DATE,MODIFIER,MODIFIER_DATE,USE_YN,WORK_ATTENDANCE) values (1000712,1030,'Y',to_date('24/12/06','RR/MM/DD'),null,null,'Y',to_date('24/12/06','RR/MM/DD'),9999,to_date('24/12/06','RR/MM/DD'),'Y','N');
Insert into TBL_WORK (WORK_NO,EMP_NO,WORK_TYPE_CODE,WORK_DAY,WORK_START_TIME,WORK_END_TIME,WORK_PERMIT,CREATE_DATE,MODIFIER,MODIFIER_DATE,USE_YN,WORK_ATTENDANCE) values (1000713,1031,'Y',to_date('24/12/06','RR/MM/DD'),null,null,'Y',to_date('24/12/06','RR/MM/DD'),9999,to_date('24/12/06','RR/MM/DD'),'Y','N');
Insert into TBL_WORK (WORK_NO,EMP_NO,WORK_TYPE_CODE,WORK_DAY,WORK_START_TIME,WORK_END_TIME,WORK_PERMIT,CREATE_DATE,MODIFIER,MODIFIER_DATE,USE_YN,WORK_ATTENDANCE) values (1000714,1018,'Y',to_date('24/12/06','RR/MM/DD'),null,null,'Y',to_date('24/12/06','RR/MM/DD'),9999,to_date('24/12/06','RR/MM/DD'),'Y','N');
Insert into TBL_WORK (WORK_NO,EMP_NO,WORK_TYPE_CODE,WORK_DAY,WORK_START_TIME,WORK_END_TIME,WORK_PERMIT,CREATE_DATE,MODIFIER,MODIFIER_DATE,USE_YN,WORK_ATTENDANCE) values (1000715,1024,'Y',to_date('24/12/06','RR/MM/DD'),null,null,'Y',to_date('24/12/06','RR/MM/DD'),9999,to_date('24/12/06','RR/MM/DD'),'Y','N');
Insert into TBL_WORK (WORK_NO,EMP_NO,WORK_TYPE_CODE,WORK_DAY,WORK_START_TIME,WORK_END_TIME,WORK_PERMIT,CREATE_DATE,MODIFIER,MODIFIER_DATE,USE_YN,WORK_ATTENDANCE) values (1000716,1050,'Y',to_date('24/12/06','RR/MM/DD'),null,null,'Y',to_date('24/12/06','RR/MM/DD'),9999,to_date('24/12/06','RR/MM/DD'),'Y','N');
Insert into TBL_WORK (WORK_NO,EMP_NO,WORK_TYPE_CODE,WORK_DAY,WORK_START_TIME,WORK_END_TIME,WORK_PERMIT,CREATE_DATE,MODIFIER,MODIFIER_DATE,USE_YN,WORK_ATTENDANCE) values (1000717,1056,'Y',to_date('24/12/06','RR/MM/DD'),null,null,'Y',to_date('24/12/06','RR/MM/DD'),9999,to_date('24/12/06','RR/MM/DD'),'Y','N');
Insert into TBL_WORK (WORK_NO,EMP_NO,WORK_TYPE_CODE,WORK_DAY,WORK_START_TIME,WORK_END_TIME,WORK_PERMIT,CREATE_DATE,MODIFIER,MODIFIER_DATE,USE_YN,WORK_ATTENDANCE) values (1000718,1001,'Y',to_date('24/12/07','RR/MM/DD'),null,null,'Y',to_date('24/12/07','RR/MM/DD'),9999,to_date('24/12/07','RR/MM/DD'),'Y','N');
Insert into TBL_WORK (WORK_NO,EMP_NO,WORK_TYPE_CODE,WORK_DAY,WORK_START_TIME,WORK_END_TIME,WORK_PERMIT,CREATE_DATE,MODIFIER,MODIFIER_DATE,USE_YN,WORK_ATTENDANCE) values (1000720,1003,'Y',to_date('24/12/07','RR/MM/DD'),null,null,'Y',to_date('24/12/07','RR/MM/DD'),9999,to_date('24/12/07','RR/MM/DD'),'Y','N');
Insert into TBL_WORK (WORK_NO,EMP_NO,WORK_TYPE_CODE,WORK_DAY,WORK_START_TIME,WORK_END_TIME,WORK_PERMIT,CREATE_DATE,MODIFIER,MODIFIER_DATE,USE_YN,WORK_ATTENDANCE) values (1000721,1004,'Y',to_date('24/12/07','RR/MM/DD'),null,null,'Y',to_date('24/12/07','RR/MM/DD'),9999,to_date('24/12/07','RR/MM/DD'),'Y','N');
Insert into TBL_WORK (WORK_NO,EMP_NO,WORK_TYPE_CODE,WORK_DAY,WORK_START_TIME,WORK_END_TIME,WORK_PERMIT,CREATE_DATE,MODIFIER,MODIFIER_DATE,USE_YN,WORK_ATTENDANCE) values (1000722,1005,'Y',to_date('24/12/07','RR/MM/DD'),null,null,'Y',to_date('24/12/07','RR/MM/DD'),9999,to_date('24/12/07','RR/MM/DD'),'Y','N');
Insert into TBL_WORK (WORK_NO,EMP_NO,WORK_TYPE_CODE,WORK_DAY,WORK_START_TIME,WORK_END_TIME,WORK_PERMIT,CREATE_DATE,MODIFIER,MODIFIER_DATE,USE_YN,WORK_ATTENDANCE) values (1000723,1006,'Y',to_date('24/12/07','RR/MM/DD'),null,null,'Y',to_date('24/12/07','RR/MM/DD'),9999,to_date('24/12/07','RR/MM/DD'),'Y','N');
Insert into TBL_WORK (WORK_NO,EMP_NO,WORK_TYPE_CODE,WORK_DAY,WORK_START_TIME,WORK_END_TIME,WORK_PERMIT,CREATE_DATE,MODIFIER,MODIFIER_DATE,USE_YN,WORK_ATTENDANCE) values (1000724,1007,'Y',to_date('24/12/07','RR/MM/DD'),null,null,'Y',to_date('24/12/07','RR/MM/DD'),9999,to_date('24/12/07','RR/MM/DD'),'Y','N');
Insert into TBL_WORK (WORK_NO,EMP_NO,WORK_TYPE_CODE,WORK_DAY,WORK_START_TIME,WORK_END_TIME,WORK_PERMIT,CREATE_DATE,MODIFIER,MODIFIER_DATE,USE_YN,WORK_ATTENDANCE) values (1000725,1008,'Y',to_date('24/12/07','RR/MM/DD'),null,null,'Y',to_date('24/12/07','RR/MM/DD'),9999,to_date('24/12/07','RR/MM/DD'),'Y','N');
Insert into TBL_WORK (WORK_NO,EMP_NO,WORK_TYPE_CODE,WORK_DAY,WORK_START_TIME,WORK_END_TIME,WORK_PERMIT,CREATE_DATE,MODIFIER,MODIFIER_DATE,USE_YN,WORK_ATTENDANCE) values (1000726,1009,'Y',to_date('24/12/07','RR/MM/DD'),null,null,'Y',to_date('24/12/07','RR/MM/DD'),9999,to_date('24/12/07','RR/MM/DD'),'Y','N');
Insert into TBL_WORK (WORK_NO,EMP_NO,WORK_TYPE_CODE,WORK_DAY,WORK_START_TIME,WORK_END_TIME,WORK_PERMIT,CREATE_DATE,MODIFIER,MODIFIER_DATE,USE_YN,WORK_ATTENDANCE) values (1000727,1010,'Y',to_date('24/12/07','RR/MM/DD'),null,null,'Y',to_date('24/12/07','RR/MM/DD'),9999,to_date('24/12/07','RR/MM/DD'),'Y','N');
Insert into TBL_WORK (WORK_NO,EMP_NO,WORK_TYPE_CODE,WORK_DAY,WORK_START_TIME,WORK_END_TIME,WORK_PERMIT,CREATE_DATE,MODIFIER,MODIFIER_DATE,USE_YN,WORK_ATTENDANCE) values (1000728,1011,'Y',to_date('24/12/07','RR/MM/DD'),null,null,'Y',to_date('24/12/07','RR/MM/DD'),9999,to_date('24/12/07','RR/MM/DD'),'Y','N');
Insert into TBL_WORK (WORK_NO,EMP_NO,WORK_TYPE_CODE,WORK_DAY,WORK_START_TIME,WORK_END_TIME,WORK_PERMIT,CREATE_DATE,MODIFIER,MODIFIER_DATE,USE_YN,WORK_ATTENDANCE) values (1000729,1012,'Y',to_date('24/12/07','RR/MM/DD'),null,null,'Y',to_date('24/12/07','RR/MM/DD'),9999,to_date('24/12/07','RR/MM/DD'),'Y','N');
Insert into TBL_WORK (WORK_NO,EMP_NO,WORK_TYPE_CODE,WORK_DAY,WORK_START_TIME,WORK_END_TIME,WORK_PERMIT,CREATE_DATE,MODIFIER,MODIFIER_DATE,USE_YN,WORK_ATTENDANCE) values (1000730,1013,'Y',to_date('24/12/07','RR/MM/DD'),null,null,'Y',to_date('24/12/07','RR/MM/DD'),9999,to_date('24/12/07','RR/MM/DD'),'Y','N');
Insert into TBL_WORK (WORK_NO,EMP_NO,WORK_TYPE_CODE,WORK_DAY,WORK_START_TIME,WORK_END_TIME,WORK_PERMIT,CREATE_DATE,MODIFIER,MODIFIER_DATE,USE_YN,WORK_ATTENDANCE) values (1000731,1014,'Y',to_date('24/12/07','RR/MM/DD'),null,null,'Y',to_date('24/12/07','RR/MM/DD'),9999,to_date('24/12/07','RR/MM/DD'),'Y','N');
Insert into TBL_WORK (WORK_NO,EMP_NO,WORK_TYPE_CODE,WORK_DAY,WORK_START_TIME,WORK_END_TIME,WORK_PERMIT,CREATE_DATE,MODIFIER,MODIFIER_DATE,USE_YN,WORK_ATTENDANCE) values (1000732,1015,'Y',to_date('24/12/07','RR/MM/DD'),null,null,'Y',to_date('24/12/07','RR/MM/DD'),9999,to_date('24/12/07','RR/MM/DD'),'Y','N');
Insert into TBL_WORK (WORK_NO,EMP_NO,WORK_TYPE_CODE,WORK_DAY,WORK_START_TIME,WORK_END_TIME,WORK_PERMIT,CREATE_DATE,MODIFIER,MODIFIER_DATE,USE_YN,WORK_ATTENDANCE) values (1000733,1016,'Y',to_date('24/12/07','RR/MM/DD'),null,null,'Y',to_date('24/12/07','RR/MM/DD'),9999,to_date('24/12/07','RR/MM/DD'),'Y','N');
Insert into TBL_WORK (WORK_NO,EMP_NO,WORK_TYPE_CODE,WORK_DAY,WORK_START_TIME,WORK_END_TIME,WORK_PERMIT,CREATE_DATE,MODIFIER,MODIFIER_DATE,USE_YN,WORK_ATTENDANCE) values (1000734,1017,'Y',to_date('24/12/07','RR/MM/DD'),null,null,'Y',to_date('24/12/07','RR/MM/DD'),9999,to_date('24/12/07','RR/MM/DD'),'Y','N');
Insert into TBL_WORK (WORK_NO,EMP_NO,WORK_TYPE_CODE,WORK_DAY,WORK_START_TIME,WORK_END_TIME,WORK_PERMIT,CREATE_DATE,MODIFIER,MODIFIER_DATE,USE_YN,WORK_ATTENDANCE) values (1000735,1019,'Y',to_date('24/12/07','RR/MM/DD'),null,null,'Y',to_date('24/12/07','RR/MM/DD'),9999,to_date('24/12/07','RR/MM/DD'),'Y','N');
Insert into TBL_WORK (WORK_NO,EMP_NO,WORK_TYPE_CODE,WORK_DAY,WORK_START_TIME,WORK_END_TIME,WORK_PERMIT,CREATE_DATE,MODIFIER,MODIFIER_DATE,USE_YN,WORK_ATTENDANCE) values (1000736,1020,'Y',to_date('24/12/07','RR/MM/DD'),null,null,'Y',to_date('24/12/07','RR/MM/DD'),9999,to_date('24/12/07','RR/MM/DD'),'Y','N');
Insert into TBL_WORK (WORK_NO,EMP_NO,WORK_TYPE_CODE,WORK_DAY,WORK_START_TIME,WORK_END_TIME,WORK_PERMIT,CREATE_DATE,MODIFIER,MODIFIER_DATE,USE_YN,WORK_ATTENDANCE) values (1000737,1021,'Y',to_date('24/12/07','RR/MM/DD'),null,null,'Y',to_date('24/12/07','RR/MM/DD'),9999,to_date('24/12/07','RR/MM/DD'),'Y','N');
Insert into TBL_WORK (WORK_NO,EMP_NO,WORK_TYPE_CODE,WORK_DAY,WORK_START_TIME,WORK_END_TIME,WORK_PERMIT,CREATE_DATE,MODIFIER,MODIFIER_DATE,USE_YN,WORK_ATTENDANCE) values (1000738,1022,'Y',to_date('24/12/07','RR/MM/DD'),null,null,'Y',to_date('24/12/07','RR/MM/DD'),9999,to_date('24/12/07','RR/MM/DD'),'Y','N');
Insert into TBL_WORK (WORK_NO,EMP_NO,WORK_TYPE_CODE,WORK_DAY,WORK_START_TIME,WORK_END_TIME,WORK_PERMIT,CREATE_DATE,MODIFIER,MODIFIER_DATE,USE_YN,WORK_ATTENDANCE) values (1000739,1023,'Y',to_date('24/12/07','RR/MM/DD'),null,null,'Y',to_date('24/12/07','RR/MM/DD'),9999,to_date('24/12/07','RR/MM/DD'),'Y','N');
Insert into TBL_WORK (WORK_NO,EMP_NO,WORK_TYPE_CODE,WORK_DAY,WORK_START_TIME,WORK_END_TIME,WORK_PERMIT,CREATE_DATE,MODIFIER,MODIFIER_DATE,USE_YN,WORK_ATTENDANCE) values (1000740,1025,'Y',to_date('24/12/07','RR/MM/DD'),null,null,'Y',to_date('24/12/07','RR/MM/DD'),9999,to_date('24/12/07','RR/MM/DD'),'Y','N');
Insert into TBL_WORK (WORK_NO,EMP_NO,WORK_TYPE_CODE,WORK_DAY,WORK_START_TIME,WORK_END_TIME,WORK_PERMIT,CREATE_DATE,MODIFIER,MODIFIER_DATE,USE_YN,WORK_ATTENDANCE) values (1000741,1026,'Y',to_date('24/12/07','RR/MM/DD'),null,null,'Y',to_date('24/12/07','RR/MM/DD'),9999,to_date('24/12/07','RR/MM/DD'),'Y','N');
Insert into TBL_WORK (WORK_NO,EMP_NO,WORK_TYPE_CODE,WORK_DAY,WORK_START_TIME,WORK_END_TIME,WORK_PERMIT,CREATE_DATE,MODIFIER,MODIFIER_DATE,USE_YN,WORK_ATTENDANCE) values (1000742,1027,'Y',to_date('24/12/07','RR/MM/DD'),null,null,'Y',to_date('24/12/07','RR/MM/DD'),9999,to_date('24/12/07','RR/MM/DD'),'Y','N');
Insert into TBL_WORK (WORK_NO,EMP_NO,WORK_TYPE_CODE,WORK_DAY,WORK_START_TIME,WORK_END_TIME,WORK_PERMIT,CREATE_DATE,MODIFIER,MODIFIER_DATE,USE_YN,WORK_ATTENDANCE) values (1000743,1028,'Y',to_date('24/12/07','RR/MM/DD'),null,null,'Y',to_date('24/12/07','RR/MM/DD'),9999,to_date('24/12/07','RR/MM/DD'),'Y','N');
Insert into TBL_WORK (WORK_NO,EMP_NO,WORK_TYPE_CODE,WORK_DAY,WORK_START_TIME,WORK_END_TIME,WORK_PERMIT,CREATE_DATE,MODIFIER,MODIFIER_DATE,USE_YN,WORK_ATTENDANCE) values (1000744,1029,'Y',to_date('24/12/07','RR/MM/DD'),null,null,'Y',to_date('24/12/07','RR/MM/DD'),9999,to_date('24/12/07','RR/MM/DD'),'Y','N');
Insert into TBL_WORK (WORK_NO,EMP_NO,WORK_TYPE_CODE,WORK_DAY,WORK_START_TIME,WORK_END_TIME,WORK_PERMIT,CREATE_DATE,MODIFIER,MODIFIER_DATE,USE_YN,WORK_ATTENDANCE) values (1000745,1030,'Y',to_date('24/12/07','RR/MM/DD'),null,null,'Y',to_date('24/12/07','RR/MM/DD'),9999,to_date('24/12/07','RR/MM/DD'),'Y','N');
Insert into TBL_WORK (WORK_NO,EMP_NO,WORK_TYPE_CODE,WORK_DAY,WORK_START_TIME,WORK_END_TIME,WORK_PERMIT,CREATE_DATE,MODIFIER,MODIFIER_DATE,USE_YN,WORK_ATTENDANCE) values (1000746,1031,'Y',to_date('24/12/07','RR/MM/DD'),null,null,'Y',to_date('24/12/07','RR/MM/DD'),9999,to_date('24/12/07','RR/MM/DD'),'Y','N');
Insert into TBL_WORK (WORK_NO,EMP_NO,WORK_TYPE_CODE,WORK_DAY,WORK_START_TIME,WORK_END_TIME,WORK_PERMIT,CREATE_DATE,MODIFIER,MODIFIER_DATE,USE_YN,WORK_ATTENDANCE) values (1000747,1018,'Y',to_date('24/12/07','RR/MM/DD'),null,null,'Y',to_date('24/12/07','RR/MM/DD'),9999,to_date('24/12/07','RR/MM/DD'),'Y','N');
Insert into TBL_WORK (WORK_NO,EMP_NO,WORK_TYPE_CODE,WORK_DAY,WORK_START_TIME,WORK_END_TIME,WORK_PERMIT,CREATE_DATE,MODIFIER,MODIFIER_DATE,USE_YN,WORK_ATTENDANCE) values (1000748,1024,'Y',to_date('24/12/07','RR/MM/DD'),null,null,'Y',to_date('24/12/07','RR/MM/DD'),9999,to_date('24/12/07','RR/MM/DD'),'Y','N');
Insert into TBL_WORK (WORK_NO,EMP_NO,WORK_TYPE_CODE,WORK_DAY,WORK_START_TIME,WORK_END_TIME,WORK_PERMIT,CREATE_DATE,MODIFIER,MODIFIER_DATE,USE_YN,WORK_ATTENDANCE) values (1000749,1056,'Y',to_date('24/12/07','RR/MM/DD'),null,null,'Y',to_date('24/12/07','RR/MM/DD'),9999,to_date('24/12/07','RR/MM/DD'),'Y','N');
Insert into TBL_WORK (WORK_NO,EMP_NO,WORK_TYPE_CODE,WORK_DAY,WORK_START_TIME,WORK_END_TIME,WORK_PERMIT,CREATE_DATE,MODIFIER,MODIFIER_DATE,USE_YN,WORK_ATTENDANCE) values (1000750,1050,'Y',to_date('24/12/07','RR/MM/DD'),null,null,'Y',to_date('24/12/07','RR/MM/DD'),9999,to_date('24/12/07','RR/MM/DD'),'Y','N');
Insert into TBL_WORK (WORK_NO,EMP_NO,WORK_TYPE_CODE,WORK_DAY,WORK_START_TIME,WORK_END_TIME,WORK_PERMIT,CREATE_DATE,MODIFIER,MODIFIER_DATE,USE_YN,WORK_ATTENDANCE) values (1000817,1001,'Y',to_date('24/12/09','RR/MM/DD'),null,null,'Y',to_date('24/12/09','RR/MM/DD'),9999,to_date('24/12/09','RR/MM/DD'),'Y','N');
Insert into TBL_WORK (WORK_NO,EMP_NO,WORK_TYPE_CODE,WORK_DAY,WORK_START_TIME,WORK_END_TIME,WORK_PERMIT,CREATE_DATE,MODIFIER,MODIFIER_DATE,USE_YN,WORK_ATTENDANCE) values (1000818,1002,'Y',to_date('24/12/09','RR/MM/DD'),null,null,'Y',to_date('24/12/09','RR/MM/DD'),9999,to_date('24/12/09','RR/MM/DD'),'Y','N');
Insert into TBL_WORK (WORK_NO,EMP_NO,WORK_TYPE_CODE,WORK_DAY,WORK_START_TIME,WORK_END_TIME,WORK_PERMIT,CREATE_DATE,MODIFIER,MODIFIER_DATE,USE_YN,WORK_ATTENDANCE) values (1000819,1003,'Y',to_date('24/12/09','RR/MM/DD'),null,null,'Y',to_date('24/12/09','RR/MM/DD'),9999,to_date('24/12/09','RR/MM/DD'),'Y','N');
Insert into TBL_WORK (WORK_NO,EMP_NO,WORK_TYPE_CODE,WORK_DAY,WORK_START_TIME,WORK_END_TIME,WORK_PERMIT,CREATE_DATE,MODIFIER,MODIFIER_DATE,USE_YN,WORK_ATTENDANCE) values (1000820,1004,'Y',to_date('24/12/09','RR/MM/DD'),null,null,'Y',to_date('24/12/09','RR/MM/DD'),9999,to_date('24/12/09','RR/MM/DD'),'Y','N');
Insert into TBL_WORK (WORK_NO,EMP_NO,WORK_TYPE_CODE,WORK_DAY,WORK_START_TIME,WORK_END_TIME,WORK_PERMIT,CREATE_DATE,MODIFIER,MODIFIER_DATE,USE_YN,WORK_ATTENDANCE) values (1000821,1005,'Y',to_date('24/12/09','RR/MM/DD'),null,null,'Y',to_date('24/12/09','RR/MM/DD'),9999,to_date('24/12/09','RR/MM/DD'),'Y','N');
Insert into TBL_WORK (WORK_NO,EMP_NO,WORK_TYPE_CODE,WORK_DAY,WORK_START_TIME,WORK_END_TIME,WORK_PERMIT,CREATE_DATE,MODIFIER,MODIFIER_DATE,USE_YN,WORK_ATTENDANCE) values (1000822,1006,'Y',to_date('24/12/09','RR/MM/DD'),null,null,'Y',to_date('24/12/09','RR/MM/DD'),9999,to_date('24/12/09','RR/MM/DD'),'Y','N');
Insert into TBL_WORK (WORK_NO,EMP_NO,WORK_TYPE_CODE,WORK_DAY,WORK_START_TIME,WORK_END_TIME,WORK_PERMIT,CREATE_DATE,MODIFIER,MODIFIER_DATE,USE_YN,WORK_ATTENDANCE) values (1000823,1007,'Y',to_date('24/12/09','RR/MM/DD'),null,null,'Y',to_date('24/12/09','RR/MM/DD'),9999,to_date('24/12/09','RR/MM/DD'),'Y','N');
Insert into TBL_WORK (WORK_NO,EMP_NO,WORK_TYPE_CODE,WORK_DAY,WORK_START_TIME,WORK_END_TIME,WORK_PERMIT,CREATE_DATE,MODIFIER,MODIFIER_DATE,USE_YN,WORK_ATTENDANCE) values (1000824,1008,'Y',to_date('24/12/09','RR/MM/DD'),null,null,'Y',to_date('24/12/09','RR/MM/DD'),9999,to_date('24/12/09','RR/MM/DD'),'Y','N');
Insert into TBL_WORK (WORK_NO,EMP_NO,WORK_TYPE_CODE,WORK_DAY,WORK_START_TIME,WORK_END_TIME,WORK_PERMIT,CREATE_DATE,MODIFIER,MODIFIER_DATE,USE_YN,WORK_ATTENDANCE) values (1000825,1009,'Y',to_date('24/12/09','RR/MM/DD'),null,null,'Y',to_date('24/12/09','RR/MM/DD'),9999,to_date('24/12/09','RR/MM/DD'),'Y','N');
Insert into TBL_WORK (WORK_NO,EMP_NO,WORK_TYPE_CODE,WORK_DAY,WORK_START_TIME,WORK_END_TIME,WORK_PERMIT,CREATE_DATE,MODIFIER,MODIFIER_DATE,USE_YN,WORK_ATTENDANCE) values (1000826,1010,'Y',to_date('24/12/09','RR/MM/DD'),null,null,'Y',to_date('24/12/09','RR/MM/DD'),9999,to_date('24/12/09','RR/MM/DD'),'Y','N');
Insert into TBL_WORK (WORK_NO,EMP_NO,WORK_TYPE_CODE,WORK_DAY,WORK_START_TIME,WORK_END_TIME,WORK_PERMIT,CREATE_DATE,MODIFIER,MODIFIER_DATE,USE_YN,WORK_ATTENDANCE) values (1000827,1011,'Y',to_date('24/12/09','RR/MM/DD'),null,null,'Y',to_date('24/12/09','RR/MM/DD'),9999,to_date('24/12/09','RR/MM/DD'),'Y','N');
Insert into TBL_WORK (WORK_NO,EMP_NO,WORK_TYPE_CODE,WORK_DAY,WORK_START_TIME,WORK_END_TIME,WORK_PERMIT,CREATE_DATE,MODIFIER,MODIFIER_DATE,USE_YN,WORK_ATTENDANCE) values (1000828,1012,'Y',to_date('24/12/09','RR/MM/DD'),null,null,'Y',to_date('24/12/09','RR/MM/DD'),9999,to_date('24/12/09','RR/MM/DD'),'Y','N');
Insert into TBL_WORK (WORK_NO,EMP_NO,WORK_TYPE_CODE,WORK_DAY,WORK_START_TIME,WORK_END_TIME,WORK_PERMIT,CREATE_DATE,MODIFIER,MODIFIER_DATE,USE_YN,WORK_ATTENDANCE) values (1000829,1013,'Y',to_date('24/12/09','RR/MM/DD'),null,null,'Y',to_date('24/12/09','RR/MM/DD'),9999,to_date('24/12/09','RR/MM/DD'),'Y','N');
Insert into TBL_WORK (WORK_NO,EMP_NO,WORK_TYPE_CODE,WORK_DAY,WORK_START_TIME,WORK_END_TIME,WORK_PERMIT,CREATE_DATE,MODIFIER,MODIFIER_DATE,USE_YN,WORK_ATTENDANCE) values (1000830,1014,'Y',to_date('24/12/09','RR/MM/DD'),null,null,'Y',to_date('24/12/09','RR/MM/DD'),9999,to_date('24/12/09','RR/MM/DD'),'Y','N');
Insert into TBL_WORK (WORK_NO,EMP_NO,WORK_TYPE_CODE,WORK_DAY,WORK_START_TIME,WORK_END_TIME,WORK_PERMIT,CREATE_DATE,MODIFIER,MODIFIER_DATE,USE_YN,WORK_ATTENDANCE) values (1000831,1015,'Y',to_date('24/12/09','RR/MM/DD'),null,null,'Y',to_date('24/12/09','RR/MM/DD'),9999,to_date('24/12/09','RR/MM/DD'),'Y','N');
Insert into TBL_WORK (WORK_NO,EMP_NO,WORK_TYPE_CODE,WORK_DAY,WORK_START_TIME,WORK_END_TIME,WORK_PERMIT,CREATE_DATE,MODIFIER,MODIFIER_DATE,USE_YN,WORK_ATTENDANCE) values (1000832,1016,'Y',to_date('24/12/09','RR/MM/DD'),null,null,'Y',to_date('24/12/09','RR/MM/DD'),9999,to_date('24/12/09','RR/MM/DD'),'Y','N');
Insert into TBL_WORK (WORK_NO,EMP_NO,WORK_TYPE_CODE,WORK_DAY,WORK_START_TIME,WORK_END_TIME,WORK_PERMIT,CREATE_DATE,MODIFIER,MODIFIER_DATE,USE_YN,WORK_ATTENDANCE) values (1000833,1017,'Y',to_date('24/12/09','RR/MM/DD'),null,null,'Y',to_date('24/12/09','RR/MM/DD'),9999,to_date('24/12/09','RR/MM/DD'),'Y','N');
Insert into TBL_WORK (WORK_NO,EMP_NO,WORK_TYPE_CODE,WORK_DAY,WORK_START_TIME,WORK_END_TIME,WORK_PERMIT,CREATE_DATE,MODIFIER,MODIFIER_DATE,USE_YN,WORK_ATTENDANCE) values (1000834,1019,'Y',to_date('24/12/09','RR/MM/DD'),null,null,'Y',to_date('24/12/09','RR/MM/DD'),9999,to_date('24/12/09','RR/MM/DD'),'Y','N');
Insert into TBL_WORK (WORK_NO,EMP_NO,WORK_TYPE_CODE,WORK_DAY,WORK_START_TIME,WORK_END_TIME,WORK_PERMIT,CREATE_DATE,MODIFIER,MODIFIER_DATE,USE_YN,WORK_ATTENDANCE) values (1000835,1020,'Y',to_date('24/12/09','RR/MM/DD'),null,null,'Y',to_date('24/12/09','RR/MM/DD'),9999,to_date('24/12/09','RR/MM/DD'),'Y','N');
Insert into TBL_WORK (WORK_NO,EMP_NO,WORK_TYPE_CODE,WORK_DAY,WORK_START_TIME,WORK_END_TIME,WORK_PERMIT,CREATE_DATE,MODIFIER,MODIFIER_DATE,USE_YN,WORK_ATTENDANCE) values (1000836,1021,'Y',to_date('24/12/09','RR/MM/DD'),null,null,'Y',to_date('24/12/09','RR/MM/DD'),9999,to_date('24/12/09','RR/MM/DD'),'Y','N');
Insert into TBL_WORK (WORK_NO,EMP_NO,WORK_TYPE_CODE,WORK_DAY,WORK_START_TIME,WORK_END_TIME,WORK_PERMIT,CREATE_DATE,MODIFIER,MODIFIER_DATE,USE_YN,WORK_ATTENDANCE) values (1000837,1022,'Y',to_date('24/12/09','RR/MM/DD'),null,null,'Y',to_date('24/12/09','RR/MM/DD'),9999,to_date('24/12/09','RR/MM/DD'),'Y','N');
Insert into TBL_WORK (WORK_NO,EMP_NO,WORK_TYPE_CODE,WORK_DAY,WORK_START_TIME,WORK_END_TIME,WORK_PERMIT,CREATE_DATE,MODIFIER,MODIFIER_DATE,USE_YN,WORK_ATTENDANCE) values (1000838,1023,'Y',to_date('24/12/09','RR/MM/DD'),null,null,'Y',to_date('24/12/09','RR/MM/DD'),9999,to_date('24/12/09','RR/MM/DD'),'Y','N');
Insert into TBL_WORK (WORK_NO,EMP_NO,WORK_TYPE_CODE,WORK_DAY,WORK_START_TIME,WORK_END_TIME,WORK_PERMIT,CREATE_DATE,MODIFIER,MODIFIER_DATE,USE_YN,WORK_ATTENDANCE) values (1000839,1025,'Y',to_date('24/12/09','RR/MM/DD'),null,null,'Y',to_date('24/12/09','RR/MM/DD'),9999,to_date('24/12/09','RR/MM/DD'),'Y','N');
Insert into TBL_WORK (WORK_NO,EMP_NO,WORK_TYPE_CODE,WORK_DAY,WORK_START_TIME,WORK_END_TIME,WORK_PERMIT,CREATE_DATE,MODIFIER,MODIFIER_DATE,USE_YN,WORK_ATTENDANCE) values (1000840,1026,'Y',to_date('24/12/09','RR/MM/DD'),null,null,'Y',to_date('24/12/09','RR/MM/DD'),9999,to_date('24/12/09','RR/MM/DD'),'Y','N');
Insert into TBL_WORK (WORK_NO,EMP_NO,WORK_TYPE_CODE,WORK_DAY,WORK_START_TIME,WORK_END_TIME,WORK_PERMIT,CREATE_DATE,MODIFIER,MODIFIER_DATE,USE_YN,WORK_ATTENDANCE) values (1000841,1027,'Y',to_date('24/12/09','RR/MM/DD'),null,null,'Y',to_date('24/12/09','RR/MM/DD'),9999,to_date('24/12/09','RR/MM/DD'),'Y','N');
Insert into TBL_WORK (WORK_NO,EMP_NO,WORK_TYPE_CODE,WORK_DAY,WORK_START_TIME,WORK_END_TIME,WORK_PERMIT,CREATE_DATE,MODIFIER,MODIFIER_DATE,USE_YN,WORK_ATTENDANCE) values (1000842,1028,'Y',to_date('24/12/09','RR/MM/DD'),null,null,'Y',to_date('24/12/09','RR/MM/DD'),9999,to_date('24/12/09','RR/MM/DD'),'Y','N');
Insert into TBL_WORK (WORK_NO,EMP_NO,WORK_TYPE_CODE,WORK_DAY,WORK_START_TIME,WORK_END_TIME,WORK_PERMIT,CREATE_DATE,MODIFIER,MODIFIER_DATE,USE_YN,WORK_ATTENDANCE) values (1000843,1029,'Y',to_date('24/12/09','RR/MM/DD'),null,null,'Y',to_date('24/12/09','RR/MM/DD'),9999,to_date('24/12/09','RR/MM/DD'),'Y','N');
Insert into TBL_WORK (WORK_NO,EMP_NO,WORK_TYPE_CODE,WORK_DAY,WORK_START_TIME,WORK_END_TIME,WORK_PERMIT,CREATE_DATE,MODIFIER,MODIFIER_DATE,USE_YN,WORK_ATTENDANCE) values (1000844,1030,'Y',to_date('24/12/09','RR/MM/DD'),null,null,'Y',to_date('24/12/09','RR/MM/DD'),9999,to_date('24/12/09','RR/MM/DD'),'Y','N');
Insert into TBL_WORK (WORK_NO,EMP_NO,WORK_TYPE_CODE,WORK_DAY,WORK_START_TIME,WORK_END_TIME,WORK_PERMIT,CREATE_DATE,MODIFIER,MODIFIER_DATE,USE_YN,WORK_ATTENDANCE) values (1000845,1031,'Y',to_date('24/12/09','RR/MM/DD'),null,null,'Y',to_date('24/12/09','RR/MM/DD'),9999,to_date('24/12/09','RR/MM/DD'),'Y','N');
Insert into TBL_WORK (WORK_NO,EMP_NO,WORK_TYPE_CODE,WORK_DAY,WORK_START_TIME,WORK_END_TIME,WORK_PERMIT,CREATE_DATE,MODIFIER,MODIFIER_DATE,USE_YN,WORK_ATTENDANCE) values (1000846,1018,'Y',to_date('24/12/09','RR/MM/DD'),null,null,'Y',to_date('24/12/09','RR/MM/DD'),9999,to_date('24/12/09','RR/MM/DD'),'Y','N');
Insert into TBL_WORK (WORK_NO,EMP_NO,WORK_TYPE_CODE,WORK_DAY,WORK_START_TIME,WORK_END_TIME,WORK_PERMIT,CREATE_DATE,MODIFIER,MODIFIER_DATE,USE_YN,WORK_ATTENDANCE) values (1000847,1024,'Y',to_date('24/12/09','RR/MM/DD'),null,null,'Y',to_date('24/12/09','RR/MM/DD'),9999,to_date('24/12/09','RR/MM/DD'),'Y','N');
Insert into TBL_WORK (WORK_NO,EMP_NO,WORK_TYPE_CODE,WORK_DAY,WORK_START_TIME,WORK_END_TIME,WORK_PERMIT,CREATE_DATE,MODIFIER,MODIFIER_DATE,USE_YN,WORK_ATTENDANCE) values (1000848,1056,'Y',to_date('24/12/09','RR/MM/DD'),null,null,'Y',to_date('24/12/09','RR/MM/DD'),9999,to_date('24/12/09','RR/MM/DD'),'Y','N');
Insert into TBL_WORK (WORK_NO,EMP_NO,WORK_TYPE_CODE,WORK_DAY,WORK_START_TIME,WORK_END_TIME,WORK_PERMIT,CREATE_DATE,MODIFIER,MODIFIER_DATE,USE_YN,WORK_ATTENDANCE) values (1000849,1050,'Y',to_date('24/12/09','RR/MM/DD'),null,null,'Y',to_date('24/12/09','RR/MM/DD'),9999,to_date('24/12/09','RR/MM/DD'),'Y','N');
Insert into TBL_WORK (WORK_NO,EMP_NO,WORK_TYPE_CODE,WORK_DAY,WORK_START_TIME,WORK_END_TIME,WORK_PERMIT,CREATE_DATE,MODIFIER,MODIFIER_DATE,USE_YN,WORK_ATTENDANCE) values (1000850,1001,'Y',to_date('24/12/10','RR/MM/DD'),null,null,'Y',to_date('24/12/10','RR/MM/DD'),9999,to_date('24/12/10','RR/MM/DD'),'Y','N');
Insert into TBL_WORK (WORK_NO,EMP_NO,WORK_TYPE_CODE,WORK_DAY,WORK_START_TIME,WORK_END_TIME,WORK_PERMIT,CREATE_DATE,MODIFIER,MODIFIER_DATE,USE_YN,WORK_ATTENDANCE) values (1000851,1002,'Y',to_date('24/12/10','RR/MM/DD'),'10:09:26','10:09:48','Y',to_date('24/12/10','RR/MM/DD'),9999,to_date('24/12/10','RR/MM/DD'),'Y','N');
Insert into TBL_WORK (WORK_NO,EMP_NO,WORK_TYPE_CODE,WORK_DAY,WORK_START_TIME,WORK_END_TIME,WORK_PERMIT,CREATE_DATE,MODIFIER,MODIFIER_DATE,USE_YN,WORK_ATTENDANCE) values (1000852,1003,'Y',to_date('24/12/10','RR/MM/DD'),null,null,'Y',to_date('24/12/10','RR/MM/DD'),9999,to_date('24/12/10','RR/MM/DD'),'Y','N');
Insert into TBL_WORK (WORK_NO,EMP_NO,WORK_TYPE_CODE,WORK_DAY,WORK_START_TIME,WORK_END_TIME,WORK_PERMIT,CREATE_DATE,MODIFIER,MODIFIER_DATE,USE_YN,WORK_ATTENDANCE) values (1000853,1004,'Y',to_date('24/12/10','RR/MM/DD'),null,null,'Y',to_date('24/12/10','RR/MM/DD'),9999,to_date('24/12/10','RR/MM/DD'),'Y','N');
Insert into TBL_WORK (WORK_NO,EMP_NO,WORK_TYPE_CODE,WORK_DAY,WORK_START_TIME,WORK_END_TIME,WORK_PERMIT,CREATE_DATE,MODIFIER,MODIFIER_DATE,USE_YN,WORK_ATTENDANCE) values (1000854,1005,'Y',to_date('24/12/10','RR/MM/DD'),null,null,'Y',to_date('24/12/10','RR/MM/DD'),9999,to_date('24/12/10','RR/MM/DD'),'Y','N');
Insert into TBL_WORK (WORK_NO,EMP_NO,WORK_TYPE_CODE,WORK_DAY,WORK_START_TIME,WORK_END_TIME,WORK_PERMIT,CREATE_DATE,MODIFIER,MODIFIER_DATE,USE_YN,WORK_ATTENDANCE) values (1000855,1006,'Y',to_date('24/12/10','RR/MM/DD'),null,null,'Y',to_date('24/12/10','RR/MM/DD'),9999,to_date('24/12/10','RR/MM/DD'),'Y','N');
Insert into TBL_WORK (WORK_NO,EMP_NO,WORK_TYPE_CODE,WORK_DAY,WORK_START_TIME,WORK_END_TIME,WORK_PERMIT,CREATE_DATE,MODIFIER,MODIFIER_DATE,USE_YN,WORK_ATTENDANCE) values (1000856,1007,'Y',to_date('24/12/10','RR/MM/DD'),null,null,'Y',to_date('24/12/10','RR/MM/DD'),9999,to_date('24/12/10','RR/MM/DD'),'Y','N');
Insert into TBL_WORK (WORK_NO,EMP_NO,WORK_TYPE_CODE,WORK_DAY,WORK_START_TIME,WORK_END_TIME,WORK_PERMIT,CREATE_DATE,MODIFIER,MODIFIER_DATE,USE_YN,WORK_ATTENDANCE) values (1000857,1008,'Y',to_date('24/12/10','RR/MM/DD'),null,null,'Y',to_date('24/12/10','RR/MM/DD'),9999,to_date('24/12/10','RR/MM/DD'),'Y','N');
Insert into TBL_WORK (WORK_NO,EMP_NO,WORK_TYPE_CODE,WORK_DAY,WORK_START_TIME,WORK_END_TIME,WORK_PERMIT,CREATE_DATE,MODIFIER,MODIFIER_DATE,USE_YN,WORK_ATTENDANCE) values (1000858,1009,'Y',to_date('24/12/10','RR/MM/DD'),null,null,'Y',to_date('24/12/10','RR/MM/DD'),9999,to_date('24/12/10','RR/MM/DD'),'Y','N');
Insert into TBL_WORK (WORK_NO,EMP_NO,WORK_TYPE_CODE,WORK_DAY,WORK_START_TIME,WORK_END_TIME,WORK_PERMIT,CREATE_DATE,MODIFIER,MODIFIER_DATE,USE_YN,WORK_ATTENDANCE) values (1000859,1010,'Y',to_date('24/12/10','RR/MM/DD'),null,null,'Y',to_date('24/12/10','RR/MM/DD'),9999,to_date('24/12/10','RR/MM/DD'),'Y','N');
Insert into TBL_WORK (WORK_NO,EMP_NO,WORK_TYPE_CODE,WORK_DAY,WORK_START_TIME,WORK_END_TIME,WORK_PERMIT,CREATE_DATE,MODIFIER,MODIFIER_DATE,USE_YN,WORK_ATTENDANCE) values (1000860,1011,'Y',to_date('24/12/10','RR/MM/DD'),null,null,'Y',to_date('24/12/10','RR/MM/DD'),9999,to_date('24/12/10','RR/MM/DD'),'Y','N');
Insert into TBL_WORK (WORK_NO,EMP_NO,WORK_TYPE_CODE,WORK_DAY,WORK_START_TIME,WORK_END_TIME,WORK_PERMIT,CREATE_DATE,MODIFIER,MODIFIER_DATE,USE_YN,WORK_ATTENDANCE) values (1000861,1012,'Y',to_date('24/12/10','RR/MM/DD'),null,null,'Y',to_date('24/12/10','RR/MM/DD'),9999,to_date('24/12/10','RR/MM/DD'),'Y','N');
Insert into TBL_WORK (WORK_NO,EMP_NO,WORK_TYPE_CODE,WORK_DAY,WORK_START_TIME,WORK_END_TIME,WORK_PERMIT,CREATE_DATE,MODIFIER,MODIFIER_DATE,USE_YN,WORK_ATTENDANCE) values (1000862,1013,'Y',to_date('24/12/10','RR/MM/DD'),null,null,'Y',to_date('24/12/10','RR/MM/DD'),9999,to_date('24/12/10','RR/MM/DD'),'Y','N');
Insert into TBL_WORK (WORK_NO,EMP_NO,WORK_TYPE_CODE,WORK_DAY,WORK_START_TIME,WORK_END_TIME,WORK_PERMIT,CREATE_DATE,MODIFIER,MODIFIER_DATE,USE_YN,WORK_ATTENDANCE) values (1000863,1014,'Y',to_date('24/12/10','RR/MM/DD'),null,null,'Y',to_date('24/12/10','RR/MM/DD'),9999,to_date('24/12/10','RR/MM/DD'),'Y','N');
Insert into TBL_WORK (WORK_NO,EMP_NO,WORK_TYPE_CODE,WORK_DAY,WORK_START_TIME,WORK_END_TIME,WORK_PERMIT,CREATE_DATE,MODIFIER,MODIFIER_DATE,USE_YN,WORK_ATTENDANCE) values (1000864,1015,'Y',to_date('24/12/10','RR/MM/DD'),null,null,'Y',to_date('24/12/10','RR/MM/DD'),9999,to_date('24/12/10','RR/MM/DD'),'Y','N');
Insert into TBL_WORK (WORK_NO,EMP_NO,WORK_TYPE_CODE,WORK_DAY,WORK_START_TIME,WORK_END_TIME,WORK_PERMIT,CREATE_DATE,MODIFIER,MODIFIER_DATE,USE_YN,WORK_ATTENDANCE) values (1000865,1016,'Y',to_date('24/12/10','RR/MM/DD'),null,null,'Y',to_date('24/12/10','RR/MM/DD'),9999,to_date('24/12/10','RR/MM/DD'),'Y','N');
Insert into TBL_WORK (WORK_NO,EMP_NO,WORK_TYPE_CODE,WORK_DAY,WORK_START_TIME,WORK_END_TIME,WORK_PERMIT,CREATE_DATE,MODIFIER,MODIFIER_DATE,USE_YN,WORK_ATTENDANCE) values (1000866,1017,'Y',to_date('24/12/10','RR/MM/DD'),null,null,'Y',to_date('24/12/10','RR/MM/DD'),9999,to_date('24/12/10','RR/MM/DD'),'Y','N');
Insert into TBL_WORK (WORK_NO,EMP_NO,WORK_TYPE_CODE,WORK_DAY,WORK_START_TIME,WORK_END_TIME,WORK_PERMIT,CREATE_DATE,MODIFIER,MODIFIER_DATE,USE_YN,WORK_ATTENDANCE) values (1000867,1019,'Y',to_date('24/12/10','RR/MM/DD'),null,null,'Y',to_date('24/12/10','RR/MM/DD'),9999,to_date('24/12/10','RR/MM/DD'),'Y','N');
Insert into TBL_WORK (WORK_NO,EMP_NO,WORK_TYPE_CODE,WORK_DAY,WORK_START_TIME,WORK_END_TIME,WORK_PERMIT,CREATE_DATE,MODIFIER,MODIFIER_DATE,USE_YN,WORK_ATTENDANCE) values (1000868,1020,'Y',to_date('24/12/10','RR/MM/DD'),null,null,'Y',to_date('24/12/10','RR/MM/DD'),9999,to_date('24/12/10','RR/MM/DD'),'Y','N');
Insert into TBL_WORK (WORK_NO,EMP_NO,WORK_TYPE_CODE,WORK_DAY,WORK_START_TIME,WORK_END_TIME,WORK_PERMIT,CREATE_DATE,MODIFIER,MODIFIER_DATE,USE_YN,WORK_ATTENDANCE) values (1000869,1021,'Y',to_date('24/12/10','RR/MM/DD'),null,null,'Y',to_date('24/12/10','RR/MM/DD'),9999,to_date('24/12/10','RR/MM/DD'),'Y','N');
Insert into TBL_WORK (WORK_NO,EMP_NO,WORK_TYPE_CODE,WORK_DAY,WORK_START_TIME,WORK_END_TIME,WORK_PERMIT,CREATE_DATE,MODIFIER,MODIFIER_DATE,USE_YN,WORK_ATTENDANCE) values (1000870,1022,'Y',to_date('24/12/10','RR/MM/DD'),null,null,'Y',to_date('24/12/10','RR/MM/DD'),9999,to_date('24/12/10','RR/MM/DD'),'Y','N');
Insert into TBL_WORK (WORK_NO,EMP_NO,WORK_TYPE_CODE,WORK_DAY,WORK_START_TIME,WORK_END_TIME,WORK_PERMIT,CREATE_DATE,MODIFIER,MODIFIER_DATE,USE_YN,WORK_ATTENDANCE) values (1000871,1023,'Y',to_date('24/12/10','RR/MM/DD'),null,null,'Y',to_date('24/12/10','RR/MM/DD'),9999,to_date('24/12/10','RR/MM/DD'),'Y','N');
Insert into TBL_WORK (WORK_NO,EMP_NO,WORK_TYPE_CODE,WORK_DAY,WORK_START_TIME,WORK_END_TIME,WORK_PERMIT,CREATE_DATE,MODIFIER,MODIFIER_DATE,USE_YN,WORK_ATTENDANCE) values (1000872,1025,'Y',to_date('24/12/10','RR/MM/DD'),null,null,'Y',to_date('24/12/10','RR/MM/DD'),9999,to_date('24/12/10','RR/MM/DD'),'Y','N');
Insert into TBL_WORK (WORK_NO,EMP_NO,WORK_TYPE_CODE,WORK_DAY,WORK_START_TIME,WORK_END_TIME,WORK_PERMIT,CREATE_DATE,MODIFIER,MODIFIER_DATE,USE_YN,WORK_ATTENDANCE) values (1000873,1026,'Y',to_date('24/12/10','RR/MM/DD'),null,null,'Y',to_date('24/12/10','RR/MM/DD'),9999,to_date('24/12/10','RR/MM/DD'),'Y','N');
Insert into TBL_WORK (WORK_NO,EMP_NO,WORK_TYPE_CODE,WORK_DAY,WORK_START_TIME,WORK_END_TIME,WORK_PERMIT,CREATE_DATE,MODIFIER,MODIFIER_DATE,USE_YN,WORK_ATTENDANCE) values (1000874,1027,'Y',to_date('24/12/10','RR/MM/DD'),null,null,'Y',to_date('24/12/10','RR/MM/DD'),9999,to_date('24/12/10','RR/MM/DD'),'Y','N');
Insert into TBL_WORK (WORK_NO,EMP_NO,WORK_TYPE_CODE,WORK_DAY,WORK_START_TIME,WORK_END_TIME,WORK_PERMIT,CREATE_DATE,MODIFIER,MODIFIER_DATE,USE_YN,WORK_ATTENDANCE) values (1000875,1028,'Y',to_date('24/12/10','RR/MM/DD'),null,null,'Y',to_date('24/12/10','RR/MM/DD'),9999,to_date('24/12/10','RR/MM/DD'),'Y','N');
Insert into TBL_WORK (WORK_NO,EMP_NO,WORK_TYPE_CODE,WORK_DAY,WORK_START_TIME,WORK_END_TIME,WORK_PERMIT,CREATE_DATE,MODIFIER,MODIFIER_DATE,USE_YN,WORK_ATTENDANCE) values (1000876,1029,'Y',to_date('24/12/10','RR/MM/DD'),null,null,'Y',to_date('24/12/10','RR/MM/DD'),9999,to_date('24/12/10','RR/MM/DD'),'Y','N');
Insert into TBL_WORK (WORK_NO,EMP_NO,WORK_TYPE_CODE,WORK_DAY,WORK_START_TIME,WORK_END_TIME,WORK_PERMIT,CREATE_DATE,MODIFIER,MODIFIER_DATE,USE_YN,WORK_ATTENDANCE) values (1000877,1030,'Y',to_date('24/12/10','RR/MM/DD'),null,null,'Y',to_date('24/12/10','RR/MM/DD'),9999,to_date('24/12/10','RR/MM/DD'),'Y','N');
Insert into TBL_WORK (WORK_NO,EMP_NO,WORK_TYPE_CODE,WORK_DAY,WORK_START_TIME,WORK_END_TIME,WORK_PERMIT,CREATE_DATE,MODIFIER,MODIFIER_DATE,USE_YN,WORK_ATTENDANCE) values (1000878,1031,'Y',to_date('24/12/10','RR/MM/DD'),null,null,'Y',to_date('24/12/10','RR/MM/DD'),9999,to_date('24/12/10','RR/MM/DD'),'Y','N');
Insert into TBL_WORK (WORK_NO,EMP_NO,WORK_TYPE_CODE,WORK_DAY,WORK_START_TIME,WORK_END_TIME,WORK_PERMIT,CREATE_DATE,MODIFIER,MODIFIER_DATE,USE_YN,WORK_ATTENDANCE) values (1000879,1018,'Y',to_date('24/12/10','RR/MM/DD'),null,null,'Y',to_date('24/12/10','RR/MM/DD'),9999,to_date('24/12/10','RR/MM/DD'),'Y','N');
Insert into TBL_WORK (WORK_NO,EMP_NO,WORK_TYPE_CODE,WORK_DAY,WORK_START_TIME,WORK_END_TIME,WORK_PERMIT,CREATE_DATE,MODIFIER,MODIFIER_DATE,USE_YN,WORK_ATTENDANCE) values (1000880,1024,'Y',to_date('24/12/10','RR/MM/DD'),null,null,'Y',to_date('24/12/10','RR/MM/DD'),9999,to_date('24/12/10','RR/MM/DD'),'Y','N');
Insert into TBL_WORK (WORK_NO,EMP_NO,WORK_TYPE_CODE,WORK_DAY,WORK_START_TIME,WORK_END_TIME,WORK_PERMIT,CREATE_DATE,MODIFIER,MODIFIER_DATE,USE_YN,WORK_ATTENDANCE) values (1000881,1056,'Y',to_date('24/12/10','RR/MM/DD'),null,null,'Y',to_date('24/12/10','RR/MM/DD'),9999,to_date('24/12/10','RR/MM/DD'),'Y','N');
Insert into TBL_WORK (WORK_NO,EMP_NO,WORK_TYPE_CODE,WORK_DAY,WORK_START_TIME,WORK_END_TIME,WORK_PERMIT,CREATE_DATE,MODIFIER,MODIFIER_DATE,USE_YN,WORK_ATTENDANCE) values (1000882,1050,'Y',to_date('24/12/10','RR/MM/DD'),null,null,'Y',to_date('24/12/10','RR/MM/DD'),9999,to_date('24/12/10','RR/MM/DD'),'Y','N');
REM INSERTING into TBL_WORK_REALTIME
SET DEFINE OFF;
Insert into TBL_WORK_REALTIME (EMP_NO,WORK_LATE,WORK_FAST_END,WORK_ABSENCE,CREATE_DATE,MODIFIER,MODIFIER_DATE,CREATER) values (1001,'2024-01','15','0',to_date('24/01/01','RR/MM/DD'),null,null,1003);
Insert into TBL_WORK_REALTIME (EMP_NO,WORK_LATE,WORK_FAST_END,WORK_ABSENCE,CREATE_DATE,MODIFIER,MODIFIER_DATE,CREATER) values (1002,'2024-02','15','7',to_date('24/01/01','RR/MM/DD'),null,null,1003);
Insert into TBL_WORK_REALTIME (EMP_NO,WORK_LATE,WORK_FAST_END,WORK_ABSENCE,CREATE_DATE,MODIFIER,MODIFIER_DATE,CREATER) values (1003,'2024-03','15','0',to_date('24/01/01','RR/MM/DD'),null,null,1003);
Insert into TBL_WORK_REALTIME (EMP_NO,WORK_LATE,WORK_FAST_END,WORK_ABSENCE,CREATE_DATE,MODIFIER,MODIFIER_DATE,CREATER) values (1004,'2024-04','15','0',to_date('24/01/01','RR/MM/DD'),null,null,1003);
Insert into TBL_WORK_REALTIME (EMP_NO,WORK_LATE,WORK_FAST_END,WORK_ABSENCE,CREATE_DATE,MODIFIER,MODIFIER_DATE,CREATER) values (1005,'2024-05','15','0',to_date('24/01/01','RR/MM/DD'),null,null,1003);
Insert into TBL_WORK_REALTIME (EMP_NO,WORK_LATE,WORK_FAST_END,WORK_ABSENCE,CREATE_DATE,MODIFIER,MODIFIER_DATE,CREATER) values (1006,'2024-06','15','0',to_date('24/01/01','RR/MM/DD'),null,null,1003);
Insert into TBL_WORK_REALTIME (EMP_NO,WORK_LATE,WORK_FAST_END,WORK_ABSENCE,CREATE_DATE,MODIFIER,MODIFIER_DATE,CREATER) values (1007,'2024-07','15','0',to_date('24/01/01','RR/MM/DD'),null,null,1003);
Insert into TBL_WORK_REALTIME (EMP_NO,WORK_LATE,WORK_FAST_END,WORK_ABSENCE,CREATE_DATE,MODIFIER,MODIFIER_DATE,CREATER) values (1008,'2024-08','15','0',to_date('24/01/01','RR/MM/DD'),null,null,1003);
Insert into TBL_WORK_REALTIME (EMP_NO,WORK_LATE,WORK_FAST_END,WORK_ABSENCE,CREATE_DATE,MODIFIER,MODIFIER_DATE,CREATER) values (1009,'2024-09','15','0',to_date('24/01/01','RR/MM/DD'),null,null,1003);
Insert into TBL_WORK_REALTIME (EMP_NO,WORK_LATE,WORK_FAST_END,WORK_ABSENCE,CREATE_DATE,MODIFIER,MODIFIER_DATE,CREATER) values (1010,'2024-10','15','0',to_date('24/01/01','RR/MM/DD'),null,null,1003);
Insert into TBL_WORK_REALTIME (EMP_NO,WORK_LATE,WORK_FAST_END,WORK_ABSENCE,CREATE_DATE,MODIFIER,MODIFIER_DATE,CREATER) values (1011,'2024-11','15','0',to_date('24/01/01','RR/MM/DD'),null,null,1003);
Insert into TBL_WORK_REALTIME (EMP_NO,WORK_LATE,WORK_FAST_END,WORK_ABSENCE,CREATE_DATE,MODIFIER,MODIFIER_DATE,CREATER) values (1012,'2024-12','15','0',to_date('24/01/01','RR/MM/DD'),null,null,1003);
Insert into TBL_WORK_REALTIME (EMP_NO,WORK_LATE,WORK_FAST_END,WORK_ABSENCE,CREATE_DATE,MODIFIER,MODIFIER_DATE,CREATER) values (1013,'2024-13','15','0',to_date('24/01/01','RR/MM/DD'),null,null,1003);
Insert into TBL_WORK_REALTIME (EMP_NO,WORK_LATE,WORK_FAST_END,WORK_ABSENCE,CREATE_DATE,MODIFIER,MODIFIER_DATE,CREATER) values (1014,'2024-14','15','0',to_date('24/01/01','RR/MM/DD'),null,null,1003);
Insert into TBL_WORK_REALTIME (EMP_NO,WORK_LATE,WORK_FAST_END,WORK_ABSENCE,CREATE_DATE,MODIFIER,MODIFIER_DATE,CREATER) values (1015,'2024-15','15','0',to_date('24/01/01','RR/MM/DD'),null,null,1003);
Insert into TBL_WORK_REALTIME (EMP_NO,WORK_LATE,WORK_FAST_END,WORK_ABSENCE,CREATE_DATE,MODIFIER,MODIFIER_DATE,CREATER) values (1016,'2024-16','15','0',to_date('24/01/01','RR/MM/DD'),null,null,1003);
Insert into TBL_WORK_REALTIME (EMP_NO,WORK_LATE,WORK_FAST_END,WORK_ABSENCE,CREATE_DATE,MODIFIER,MODIFIER_DATE,CREATER) values (1017,'2024-17','15','0',to_date('24/01/01','RR/MM/DD'),null,null,1003);
Insert into TBL_WORK_REALTIME (EMP_NO,WORK_LATE,WORK_FAST_END,WORK_ABSENCE,CREATE_DATE,MODIFIER,MODIFIER_DATE,CREATER) values (1018,'2024-18','15','0',to_date('24/01/01','RR/MM/DD'),null,null,1003);
Insert into TBL_WORK_REALTIME (EMP_NO,WORK_LATE,WORK_FAST_END,WORK_ABSENCE,CREATE_DATE,MODIFIER,MODIFIER_DATE,CREATER) values (1019,'2024-19','15','0',to_date('24/01/01','RR/MM/DD'),null,null,1003);
Insert into TBL_WORK_REALTIME (EMP_NO,WORK_LATE,WORK_FAST_END,WORK_ABSENCE,CREATE_DATE,MODIFIER,MODIFIER_DATE,CREATER) values (1020,'2024-20','15','0',to_date('24/01/01','RR/MM/DD'),null,null,1003);
Insert into TBL_WORK_REALTIME (EMP_NO,WORK_LATE,WORK_FAST_END,WORK_ABSENCE,CREATE_DATE,MODIFIER,MODIFIER_DATE,CREATER) values (1021,'2024-21','15','0',to_date('24/01/01','RR/MM/DD'),null,null,1003);
Insert into TBL_WORK_REALTIME (EMP_NO,WORK_LATE,WORK_FAST_END,WORK_ABSENCE,CREATE_DATE,MODIFIER,MODIFIER_DATE,CREATER) values (1022,'2024-22','15','0',to_date('24/01/01','RR/MM/DD'),null,null,1003);
Insert into TBL_WORK_REALTIME (EMP_NO,WORK_LATE,WORK_FAST_END,WORK_ABSENCE,CREATE_DATE,MODIFIER,MODIFIER_DATE,CREATER) values (1023,'2024-23','15','0',to_date('24/01/01','RR/MM/DD'),null,null,1003);
Insert into TBL_WORK_REALTIME (EMP_NO,WORK_LATE,WORK_FAST_END,WORK_ABSENCE,CREATE_DATE,MODIFIER,MODIFIER_DATE,CREATER) values (1024,'2024-24','15','0',to_date('24/01/01','RR/MM/DD'),null,null,1003);
Insert into TBL_WORK_REALTIME (EMP_NO,WORK_LATE,WORK_FAST_END,WORK_ABSENCE,CREATE_DATE,MODIFIER,MODIFIER_DATE,CREATER) values (1025,'2024-25','15','0',to_date('24/01/01','RR/MM/DD'),null,null,1003);
Insert into TBL_WORK_REALTIME (EMP_NO,WORK_LATE,WORK_FAST_END,WORK_ABSENCE,CREATE_DATE,MODIFIER,MODIFIER_DATE,CREATER) values (1026,'2024-26','15','0',to_date('24/01/01','RR/MM/DD'),null,null,1003);
Insert into TBL_WORK_REALTIME (EMP_NO,WORK_LATE,WORK_FAST_END,WORK_ABSENCE,CREATE_DATE,MODIFIER,MODIFIER_DATE,CREATER) values (1027,'2024-27','15','0',to_date('24/01/01','RR/MM/DD'),null,null,1003);
Insert into TBL_WORK_REALTIME (EMP_NO,WORK_LATE,WORK_FAST_END,WORK_ABSENCE,CREATE_DATE,MODIFIER,MODIFIER_DATE,CREATER) values (1028,'2024-28','15','0',to_date('24/01/01','RR/MM/DD'),null,null,1003);
Insert into TBL_WORK_REALTIME (EMP_NO,WORK_LATE,WORK_FAST_END,WORK_ABSENCE,CREATE_DATE,MODIFIER,MODIFIER_DATE,CREATER) values (1029,'2024-29','15','0',to_date('24/01/01','RR/MM/DD'),null,null,1003);
Insert into TBL_WORK_REALTIME (EMP_NO,WORK_LATE,WORK_FAST_END,WORK_ABSENCE,CREATE_DATE,MODIFIER,MODIFIER_DATE,CREATER) values (1030,'2024-30','15','0',to_date('24/01/01','RR/MM/DD'),null,null,1003);
--------------------------------------------------------
--  DDL for Index PK_TBL_EDOC_ATTACHMENT
--------------------------------------------------------

  CREATE UNIQUE INDEX "PK_TBL_EDOC_ATTACHMENT" ON "TBL_EDOC_ATTACHMENT" ("ATTACH_NO") 
  ;
--------------------------------------------------------
--  DDL for Index PK_TBL_CALENDAR
--------------------------------------------------------

  CREATE UNIQUE INDEX "PK_TBL_CALENDAR" ON "TBL_CALENDAR" ("CAL_NO") 
  ;
--------------------------------------------------------
--  DDL for Index TBL_RECEPTION_NOTE_PK
--------------------------------------------------------

  CREATE UNIQUE INDEX "TBL_RECEPTION_NOTE_PK" ON "TBL_RECEPTION_NOTE" ("RECEPTION_NO") 
  ;
--------------------------------------------------------
--  DDL for Index PK_TBL_PRODUCT
--------------------------------------------------------

  CREATE UNIQUE INDEX "PK_TBL_PRODUCT" ON "TBL_PRODUCT" ("PRODUCT_NO") 
  ;
--------------------------------------------------------
--  DDL for Index PK_TBL_VACATION
--------------------------------------------------------

  CREATE UNIQUE INDEX "PK_TBL_VACATION" ON "TBL_VACATION" ("VAC_NO") 
  ;
--------------------------------------------------------
--  DDL for Index PK_TBL_DISPATCH
--------------------------------------------------------

  CREATE UNIQUE INDEX "PK_TBL_DISPATCH" ON "TBL_DISPATCH" ("DISPATCH_NO") 
  ;
--------------------------------------------------------
--  DDL for Index PK_TBL_REPLY
--------------------------------------------------------

  CREATE UNIQUE INDEX "PK_TBL_REPLY" ON "TBL_REPLY" ("REPLY_NO") 
  ;
--------------------------------------------------------
--  DDL for Index PK_TBL_EDOC_APPROVAL
--------------------------------------------------------

  CREATE UNIQUE INDEX "PK_TBL_EDOC_APPROVAL" ON "TBL_EDOC_APPROVAL" ("APRVL_NO") 
  ;
--------------------------------------------------------
--  DDL for Index PK_TBL_DEP_TRANSFER
--------------------------------------------------------

  CREATE UNIQUE INDEX "PK_TBL_DEP_TRANSFER" ON "TBL_DEP_TRANSFER" ("TRANSFER_CODE") 
  ;
--------------------------------------------------------
--  DDL for Index PK_TBL_EDOC_SAMPLE
--------------------------------------------------------

  CREATE UNIQUE INDEX "PK_TBL_EDOC_SAMPLE" ON "TBL_EDOC_SAMPLE" ("SAMPLE_NO") 
  ;
--------------------------------------------------------
--  DDL for Index PK_TBL_LOG
--------------------------------------------------------

  CREATE UNIQUE INDEX "PK_TBL_LOG" ON "TBL_LOG" ("LOG_NO") 
  ;
--------------------------------------------------------
--  DDL for Index PK_TBL_BOARDTYPE
--------------------------------------------------------

  CREATE UNIQUE INDEX "PK_TBL_BOARDTYPE" ON "TBL_BOARDTYPE" ("BOARD_TYPE_NO") 
  ;
--------------------------------------------------------
--  DDL for Index PK_TBL_DEPARTMENT
--------------------------------------------------------

  CREATE UNIQUE INDEX "PK_TBL_DEPARTMENT" ON "TBL_DEPARTMENT" ("DEPT_CODE") 
  ;
--------------------------------------------------------
--  DDL for Index PK_TBL_BOARD
--------------------------------------------------------

  CREATE UNIQUE INDEX "PK_TBL_BOARD" ON "TBL_BOARD" ("BOARD_NO") 
  ;
--------------------------------------------------------
--  DDL for Index PK_TBL_EDOC
--------------------------------------------------------

  CREATE UNIQUE INDEX "PK_TBL_EDOC" ON "TBL_EDOC" ("EDOC_NO") 
  ;
--------------------------------------------------------
--  DDL for Index PK_TBL_WORK_REALTIME
--------------------------------------------------------

  CREATE UNIQUE INDEX "PK_TBL_WORK_REALTIME" ON "TBL_WORK_REALTIME" ("WORK_LATE") 
  ;
--------------------------------------------------------
--  DDL for Index PK_TBL_ORDERING
--------------------------------------------------------

  CREATE UNIQUE INDEX "PK_TBL_ORDERING" ON "TBL_ORDERING" ("ORDER_NO") 
  ;
--------------------------------------------------------
--  DDL for Index PK_TLB_WORK
--------------------------------------------------------

  CREATE UNIQUE INDEX "PK_TLB_WORK" ON "TBL_WORK" ("WORK_NO") 
  ;
--------------------------------------------------------
--  DDL for Index PK_TBL_SALARY
--------------------------------------------------------

  CREATE UNIQUE INDEX "PK_TBL_SALARY" ON "TBL_SALARY" ("SALARY_NO") 
  ;
--------------------------------------------------------
--  DDL for Index PK_TBL_EMPLOYEE
--------------------------------------------------------

  CREATE UNIQUE INDEX "PK_TBL_EMPLOYEE" ON "TBL_EMPLOYEE" ("EMP_NO") 
  ;
--------------------------------------------------------
--  DDL for Index PK_TBL_BOARDFILE
--------------------------------------------------------

  CREATE UNIQUE INDEX "PK_TBL_BOARDFILE" ON "TBL_BOARDFILE" ("BOARDFILE_NO") 
  ;
--------------------------------------------------------
--  Constraints for Table TBL_EDOC_SAMPLE
--------------------------------------------------------

  ALTER TABLE "TBL_EDOC_SAMPLE" ADD CONSTRAINT "PK_TBL_EDOC_SAMPLE" PRIMARY KEY ("SAMPLE_NO") ENABLE;
  ALTER TABLE "TBL_EDOC_SAMPLE" MODIFY ("SAMPLE_NO" NOT NULL ENABLE);
--------------------------------------------------------
--  Constraints for Table TBL_EMPLOYEE
--------------------------------------------------------

  ALTER TABLE "TBL_EMPLOYEE" ADD CONSTRAINT "PK_TBL_EMPLOYEE" PRIMARY KEY ("EMP_NO") ENABLE;
  ALTER TABLE "TBL_EMPLOYEE" MODIFY ("EMP_NO" NOT NULL ENABLE);
--------------------------------------------------------
--  Constraints for Table TBL_PRODUCT
--------------------------------------------------------

  ALTER TABLE "TBL_PRODUCT" ADD CONSTRAINT "PK_TBL_PRODUCT" PRIMARY KEY ("PRODUCT_NO") ENABLE;
  ALTER TABLE "TBL_PRODUCT" MODIFY ("PRODUCT_NO" NOT NULL ENABLE);
--------------------------------------------------------
--  Constraints for Table TBL_BOARD
--------------------------------------------------------

  ALTER TABLE "TBL_BOARD" ADD CONSTRAINT "PK_TBL_BOARD" PRIMARY KEY ("BOARD_NO") ENABLE;
  ALTER TABLE "TBL_BOARD" MODIFY ("BOARD_NO" NOT NULL ENABLE);
--------------------------------------------------------
--  Constraints for Table TBL_BOARDFILE
--------------------------------------------------------

  ALTER TABLE "TBL_BOARDFILE" ADD CONSTRAINT "PK_TBL_BOARDFILE" PRIMARY KEY ("BOARDFILE_NO") ENABLE;
  ALTER TABLE "TBL_BOARDFILE" MODIFY ("BOARDFILE_NO" NOT NULL ENABLE);
--------------------------------------------------------
--  Constraints for Table TBL_SALARY
--------------------------------------------------------

  ALTER TABLE "TBL_SALARY" ADD CONSTRAINT "PK_TBL_SALARY" PRIMARY KEY ("SALARY_NO") ENABLE;
  ALTER TABLE "TBL_SALARY" MODIFY ("SALARY_NO" NOT NULL ENABLE);
--------------------------------------------------------
--  Constraints for Table TBL_DEPARTMENT
--------------------------------------------------------

  ALTER TABLE "TBL_DEPARTMENT" ADD CONSTRAINT "PK_TBL_DEPARTMENT" PRIMARY KEY ("DEPT_CODE") ENABLE;
  ALTER TABLE "TBL_DEPARTMENT" MODIFY ("DEPT_CODE" NOT NULL ENABLE);
--------------------------------------------------------
--  Constraints for Table TBL_ORDERING_PRODUCT
--------------------------------------------------------

  ALTER TABLE "TBL_ORDERING_PRODUCT" MODIFY ("ORDER_NO" NOT NULL ENABLE);
--------------------------------------------------------
--  Constraints for Table TBL_SEND_NOTE
--------------------------------------------------------

  ALTER TABLE "TBL_SEND_NOTE" ADD PRIMARY KEY ("SEND_NO") ENABLE;
--------------------------------------------------------
--  Constraints for Table TBL_CALENDAR
--------------------------------------------------------

  ALTER TABLE "TBL_CALENDAR" ADD CONSTRAINT "PK_TBL_CALENDAR" PRIMARY KEY ("CAL_NO") ENABLE;
  ALTER TABLE "TBL_CALENDAR" MODIFY ("CAL_NO" NOT NULL ENABLE);
--------------------------------------------------------
--  Constraints for Table TBL_RECEPTION_NOTE
--------------------------------------------------------

  ALTER TABLE "TBL_RECEPTION_NOTE" ADD CONSTRAINT "TBL_RECEPTION_NOTE_PK" PRIMARY KEY ("RECEPTION_NO") ENABLE;
  ALTER TABLE "TBL_RECEPTION_NOTE" MODIFY ("RECEPTION_NO" NOT NULL ENABLE);
--------------------------------------------------------
--  Constraints for Table TBL_EDOC_ATTACHMENT
--------------------------------------------------------

  ALTER TABLE "TBL_EDOC_ATTACHMENT" ADD CONSTRAINT "PK_TBL_EDOC_ATTACHMENT" PRIMARY KEY ("ATTACH_NO") ENABLE;
  ALTER TABLE "TBL_EDOC_ATTACHMENT" MODIFY ("ATTACH_NO" NOT NULL ENABLE);
--------------------------------------------------------
--  Constraints for Table TBL_DISPATCH
--------------------------------------------------------

  ALTER TABLE "TBL_DISPATCH" ADD CONSTRAINT "PK_TBL_DISPATCH" PRIMARY KEY ("DISPATCH_NO") ENABLE;
  ALTER TABLE "TBL_DISPATCH" MODIFY ("DISPATCH_NO" NOT NULL ENABLE);
--------------------------------------------------------
--  Constraints for Table TBL_LOG
--------------------------------------------------------

  ALTER TABLE "TBL_LOG" ADD CONSTRAINT "PK_TBL_LOG" PRIMARY KEY ("LOG_NO") ENABLE;
  ALTER TABLE "TBL_LOG" MODIFY ("LOG_NO" NOT NULL ENABLE);
--------------------------------------------------------
--  Constraints for Table TBL_REPLY
--------------------------------------------------------

  ALTER TABLE "TBL_REPLY" ADD CONSTRAINT "PK_TBL_REPLY" PRIMARY KEY ("REPLY_NO") ENABLE;
--------------------------------------------------------
--  Constraints for Table TBL_DEP_TRANSFER
--------------------------------------------------------

  ALTER TABLE "TBL_DEP_TRANSFER" ADD CONSTRAINT "PK_TBL_DEP_TRANSFER" PRIMARY KEY ("TRANSFER_CODE") ENABLE;
  ALTER TABLE "TBL_DEP_TRANSFER" MODIFY ("TRANSFER_CODE" NOT NULL ENABLE);
--------------------------------------------------------
--  Constraints for Table TBL_ORDERING
--------------------------------------------------------

  ALTER TABLE "TBL_ORDERING" ADD CONSTRAINT "PK_TBL_ORDERING" PRIMARY KEY ("ORDER_NO") ENABLE;
  ALTER TABLE "TBL_ORDERING" MODIFY ("ORDER_NO" NOT NULL ENABLE);
--------------------------------------------------------
--  Constraints for Table TBL_VACATION
--------------------------------------------------------

  ALTER TABLE "TBL_VACATION" ADD CONSTRAINT "PK_TBL_VACATION" PRIMARY KEY ("VAC_NO") ENABLE;
  ALTER TABLE "TBL_VACATION" MODIFY ("VAC_NO" NOT NULL ENABLE);
--------------------------------------------------------
--  Constraints for Table TBL_BOARDTYPE
--------------------------------------------------------

  ALTER TABLE "TBL_BOARDTYPE" ADD CONSTRAINT "PK_TBL_BOARDTYPE" PRIMARY KEY ("BOARD_TYPE_NO") ENABLE;
--------------------------------------------------------
--  Constraints for Table TBL_EDOC
--------------------------------------------------------

  ALTER TABLE "TBL_EDOC" MODIFY ("SAMPLE_NO" NOT NULL ENABLE);
  ALTER TABLE "TBL_EDOC" ADD CONSTRAINT "PK_TBL_EDOC" PRIMARY KEY ("EDOC_NO") ENABLE;
  ALTER TABLE "TBL_EDOC" MODIFY ("EDOC_NO" NOT NULL ENABLE);
--------------------------------------------------------
--  Constraints for Table TBL_WORK_REALTIME
--------------------------------------------------------

  ALTER TABLE "TBL_WORK_REALTIME" ADD CONSTRAINT "PK_TBL_WORK_REALTIME" PRIMARY KEY ("WORK_LATE") ENABLE;
--------------------------------------------------------
--  Constraints for Table TBL_WORK
--------------------------------------------------------

  ALTER TABLE "TBL_WORK" ADD CONSTRAINT "PK_TLB_WORK" PRIMARY KEY ("WORK_NO") ENABLE;
  ALTER TABLE "TBL_WORK" MODIFY ("WORK_NO" NOT NULL ENABLE);
--------------------------------------------------------
--  Constraints for Table TBL_EDOC_APPROVAL
--------------------------------------------------------

  ALTER TABLE "TBL_EDOC_APPROVAL" ADD CONSTRAINT "PK_TBL_EDOC_APPROVAL" PRIMARY KEY ("APRVL_NO") ENABLE;
  ALTER TABLE "TBL_EDOC_APPROVAL" MODIFY ("APRVL_NO" NOT NULL ENABLE);
